word,surface_form,sentence,sentence_domain,ambiguity_score,semantic_similarity_spread,contextual_confidence_gap,domain_diversity,is_ambiguous,ambiguity_type,top_sense_1_domain,top_sense_1_gloss,top_sense_2_domain,top_sense_2_gloss,explanation
case,case,(a) A party wishing to procure the appearance and testimony of any person at the hearing may make a motion requesting the ALJ to issue a subpoena if the appearance and testimony are reasonably necessary for the presentation of a party's case.,Software/IT,0.999,0.998,1.0,0.0,True,Intra-Domain,Software/IT,a person requiring professional services,Software/IT,the quantity contained in a case,"The word ""case"" appears in a sentence whose detected domain is ""Software/IT"".
  Candidate sense 1: [Software/IT] a person requiring professional services (context similarity=0.08)
  Candidate sense 2: [Software/IT] the quantity contained in a case (context similarity=0.08)
Classified as INTRA-DOMAIN ambiguity: the top two candidate senses both belong to the ""Software/IT"" domain but represent distinct concepts."
form,form,In the most basic form  the identification is a username  and authentication is a password.,Software/IT,0.999,0.998,1.0,0.0,True,Intra-Domain,Software/IT,an ability to perform well,Software/IT,an arrangement of the elements in a composition or discourse,"The word ""form"" appears in a sentence whose detected domain is ""Software/IT"".
  Candidate sense 1: [Software/IT] an ability to perform well (context similarity=0.13)
  Candidate sense 2: [Software/IT] an arrangement of the elements in a composition or discourse (context similarity=0.13)
Classified as INTRA-DOMAIN ambiguity: the top two candidate senses both belong to the ""Software/IT"" domain but represent distinct concepts."
form,Form,Form CMS-R-0235 (06 or 10),Software/IT,0.999,0.998,1.0,0.0,True,Intra-Domain,Software/IT,an ability to perform well,Software/IT,an arrangement of the elements in a composition or discourse,"The word ""form"" appears in a sentence whose detected domain is ""Software/IT"".
  Candidate sense 1: [Software/IT] an ability to perform well (context similarity=0.25)
  Candidate sense 2: [Software/IT] an arrangement of the elements in a composition or discourse (context similarity=0.25)
Classified as INTRA-DOMAIN ambiguity: the top two candidate senses both belong to the ""Software/IT"" domain but represent distinct concepts."
case,Case,3.2.42 UC42 View Notifications Use Case.,Software/IT,0.998,0.996,1.0,0.5,True,Intra-Domain,Software/IT,the quantity contained in a case,Software/IT,"(printing) the receptacle in which a compositor has his type, which is divided into compartments for the different letters, spaces, or numbers","The word ""case"" appears in a sentence whose detected domain is ""Software/IT"".
  Candidate sense 1: [Software/IT] the quantity contained in a case (context similarity=0.24)
  Candidate sense 2: [Software/IT] (printing) the receptacle in which a compositor has his type, which is divided into compartments for the different letters, spaces, or numbers (context similarity=0.24)
Classified as INTRA-DOMAIN ambiguity: the top two candidate senses both belong to the ""Software/IT"" domain but represent distinct concepts."
case,Case,3.2.38 UC38 Maintain Drug Interaction Use Case.,Healthcare,0.998,0.996,1.0,0.5,True,Intra-Domain,Software/IT,the quantity contained in a case,Software/IT,"(printing) the receptacle in which a compositor has his type, which is divided into compartments for the different letters, spaces, or numbers","The word ""case"" appears in a sentence whose detected domain is ""Healthcare"".
  Candidate sense 1: [Software/IT] the quantity contained in a case (context similarity=0.21)
  Candidate sense 2: [Software/IT] (printing) the receptacle in which a compositor has his type, which is divided into compartments for the different letters, spaces, or numbers (context similarity=0.21)
Classified as INTRA-DOMAIN ambiguity: the top two candidate senses both belong to the ""Software/IT"" domain but represent distinct concepts."
case,case,(1) CMS (and in the case of Medicaid EPs and eligible hospitals  States) may review an EP  eligible hospital or CAHâs demonstration of meaningful use.,Healthcare,0.998,0.996,1.0,0.5,True,Intra-Domain,Software/IT,the quantity contained in a case,Software/IT,"(printing) the receptacle in which a compositor has his type, which is divided into compartments for the different letters, spaces, or numbers","The word ""case"" appears in a sentence whose detected domain is ""Healthcare"".
  Candidate sense 1: [Software/IT] the quantity contained in a case (context similarity=0.10)
  Candidate sense 2: [Software/IT] (printing) the receptacle in which a compositor has his type, which is divided into compartments for the different letters, spaces, or numbers (context similarity=0.10)
Classified as INTRA-DOMAIN ambiguity: the top two candidate senses both belong to the ""Software/IT"" domain but represent distinct concepts."
hold,hold,The system has the capability to automatically stop possibly and possibly hold order.,Software/IT,0.998,0.998,1.0,0.0,True,Intra-Domain,Software/IT,stop dealing with,Software/IT,keep from departing,"The word ""hold"" appears in a sentence whose detected domain is ""Software/IT"".
  Candidate sense 1: [Software/IT] stop dealing with (context similarity=0.24)
  Candidate sense 2: [Software/IT] keep from departing (context similarity=0.24)
Classified as INTRA-DOMAIN ambiguity: the top two candidate senses both belong to the ""Software/IT"" domain but represent distinct concepts."
part,parts,The application for ONC-ATCB status consists of two parts.,Software/IT,0.997,0.995,1.0,0.5,True,Intra-Domain,General,something less than the whole of a human artifact,General,a portion of a natural object,"The word ""part"" appears in a sentence whose detected domain is ""Software/IT"".
  Candidate sense 1: [General] something less than the whole of a human artifact (context similarity=0.08)
  Candidate sense 2: [General] a portion of a natural object (context similarity=0.07)
Classified as INTRA-DOMAIN ambiguity: the top two candidate senses both belong to the ""General"" domain but represent distinct concepts."
part,parts,The search for recycled parts shall take no longer than 15 seconds.,Software/IT,0.997,0.995,1.0,0.5,True,Intra-Domain,General,something less than the whole of a human artifact,General,a portion of a natural object,"The word ""part"" appears in a sentence whose detected domain is ""Software/IT"".
  Candidate sense 1: [General] something less than the whole of a human artifact (context similarity=0.07)
  Candidate sense 2: [General] a portion of a natural object (context similarity=0.07)
Classified as INTRA-DOMAIN ambiguity: the top two candidate senses both belong to the ""General"" domain but represent distinct concepts."
order,order,Note that fields labeled in red are required in order for billing to work properly.,Finance/Business,0.996,0.993,1.0,1.0,True,Inter-Domain,Healthcare,a condition of regular or proper arrangement,Software/IT,a degree in a continuum of size or quantity,"The word ""order"" appears in a sentence whose detected domain is ""Finance/Business"".
  Candidate sense 1: [Healthcare] a condition of regular or proper arrangement (context similarity=0.13)
  Candidate sense 2: [Software/IT] a degree in a continuum of size or quantity (context similarity=0.13)
Classified as INTER-DOMAIN ambiguity: the top two candidate senses belong to different application domains (""Healthcare"" vs. ""Software/IT"")."
order,order,(c) The ALJ must issue an order containing the matters agreed upon by the parties or ordered by the ALJ at a prehearing conference.,Software/IT,0.996,0.993,1.0,1.0,True,Inter-Domain,Healthcare,a condition of regular or proper arrangement,Software/IT,a degree in a continuum of size or quantity,"The word ""order"" appears in a sentence whose detected domain is ""Software/IT"".
  Candidate sense 1: [Healthcare] a condition of regular or proper arrangement (context similarity=0.10)
  Candidate sense 2: [Software/IT] a degree in a continuum of size or quantity (context similarity=0.10)
Classified as INTER-DOMAIN ambiguity: the top two candidate senses belong to different application domains (""Healthcare"" vs. ""Software/IT"")."
order,order,The system has the capability to view progress notes in chronological or reverse chronological order by encounter date in relation to the active care plan.,Healthcare,0.996,0.993,1.0,1.0,True,Inter-Domain,Healthcare,a condition of regular or proper arrangement,Software/IT,a degree in a continuum of size or quantity,"The word ""order"" appears in a sentence whose detected domain is ""Healthcare"".
  Candidate sense 1: [Healthcare] a condition of regular or proper arrangement (context similarity=0.10)
  Candidate sense 2: [Software/IT] a degree in a continuum of size or quantity (context similarity=0.10)
Classified as INTER-DOMAIN ambiguity: the top two candidate senses belong to different application domains (""Healthcare"" vs. ""Software/IT"")."
order,order,The solution should automatically display side effects during the order entry process.,Software/IT,0.996,0.993,1.0,1.0,True,Inter-Domain,Healthcare,a condition of regular or proper arrangement,Software/IT,a degree in a continuum of size or quantity,"The word ""order"" appears in a sentence whose detected domain is ""Software/IT"".
  Candidate sense 1: [Healthcare] a condition of regular or proper arrangement (context similarity=0.17)
  Candidate sense 2: [Software/IT] a degree in a continuum of size or quantity (context similarity=0.17)
Classified as INTER-DOMAIN ambiguity: the top two candidate senses belong to different application domains (""Healthcare"" vs. ""Software/IT"")."
order,order,The system has the capability to create  fill-in & e-fax customized order forms.,Software/IT,0.996,0.993,1.0,1.0,True,Inter-Domain,Healthcare,a condition of regular or proper arrangement,Software/IT,a degree in a continuum of size or quantity,"The word ""order"" appears in a sentence whose detected domain is ""Software/IT"".
  Candidate sense 1: [Healthcare] a condition of regular or proper arrangement (context similarity=0.16)
  Candidate sense 2: [Software/IT] a degree in a continuum of size or quantity (context similarity=0.16)
Classified as INTER-DOMAIN ambiguity: the top two candidate senses belong to different application domains (""Healthcare"" vs. ""Software/IT"")."
order,order,The solution should present the order set templates to the provider.,Healthcare,0.996,0.993,1.0,1.0,True,Inter-Domain,Healthcare,a condition of regular or proper arrangement,Software/IT,a degree in a continuum of size or quantity,"The word ""order"" appears in a sentence whose detected domain is ""Healthcare"".
  Candidate sense 1: [Healthcare] a condition of regular or proper arrangement (context similarity=0.19)
  Candidate sense 2: [Software/IT] a degree in a continuum of size or quantity (context similarity=0.18)
Classified as INTER-DOMAIN ambiguity: the top two candidate senses belong to different application domains (""Healthcare"" vs. ""Software/IT"")."
order,order,The system has the capability to automatically stop possibly and possibly hold order.,Software/IT,0.996,0.993,1.0,1.0,True,Inter-Domain,Healthcare,a condition of regular or proper arrangement,Software/IT,a degree in a continuum of size or quantity,"The word ""order"" appears in a sentence whose detected domain is ""Software/IT"".
  Candidate sense 1: [Healthcare] a condition of regular or proper arrangement (context similarity=0.13)
  Candidate sense 2: [Software/IT] a degree in a continuum of size or quantity (context similarity=0.13)
Classified as INTER-DOMAIN ambiguity: the top two candidate senses belong to different application domains (""Healthcare"" vs. ""Software/IT"")."
hold,held,Configuration credentials and authentication tokens are not held in plain text in configuration files.,Software/IT,0.995,0.992,1.0,1.0,True,Inter-Domain,Healthcare,"remain in a certain state, position, or condition",General,"to close within bounds, limit or hold back from movement","The word ""hold"" appears in a sentence whose detected domain is ""Software/IT"".
  Candidate sense 1: [Healthcare] remain in a certain state, position, or condition (context similarity=0.09)
  Candidate sense 2: [General] to close within bounds, limit or hold back from movement (context similarity=0.09)
Classified as INTER-DOMAIN ambiguity: the top two candidate senses belong to different application domains (""Healthcare"" vs. ""General"")."
hold,held,The solution should provide the ability to manually modify and update task status (e.g. created  performed  held  canceled  pended  denied  and resolved).,General,0.995,0.992,1.0,1.0,True,Inter-Domain,Healthcare,"remain in a certain state, position, or condition",General,"to close within bounds, limit or hold back from movement","The word ""hold"" appears in a sentence whose detected domain is ""General"".
  Candidate sense 1: [Healthcare] remain in a certain state, position, or condition (context similarity=0.09)
  Candidate sense 2: [General] to close within bounds, limit or hold back from movement (context similarity=0.09)
Classified as INTER-DOMAIN ambiguity: the top two candidate senses belong to different application domains (""Healthcare"" vs. ""General"")."
stock,stock,The system has the capability to return to stock processing.,Software/IT,0.994,0.99,1.0,0.5,True,Inter-Domain,General,the handle end of some implements or tools,Software/IT,the reputation and popularity a person has,"The word ""stock"" appears in a sentence whose detected domain is ""Software/IT"".
  Candidate sense 1: [General] the handle end of some implements or tools (context similarity=0.21)
  Candidate sense 2: [Software/IT] the reputation and popularity a person has (context similarity=0.21)
Classified as INTER-DOMAIN ambiguity: the top two candidate senses belong to different application domains (""General"" vs. ""Software/IT"")."
lead,leads,The leads washing functionality will return the lead data supplied to the vendor along with the reason of rejection.,Finance/Business,0.993,0.989,1.0,0.5,True,Inter-Domain,Healthcare,tend to or result in,Software/IT,take somebody somewhere,"The word ""lead"" appears in a sentence whose detected domain is ""Finance/Business"".
  Candidate sense 1: [Healthcare] tend to or result in (context similarity=0.12)
  Candidate sense 2: [Software/IT] take somebody somewhere (context similarity=0.12)
Classified as INTER-DOMAIN ambiguity: the top two candidate senses belong to different application domains (""Healthcare"" vs. ""Software/IT"")."
follow,follow,The solution should maintain inmate specific interactions for the pharmacy and will automatically generate reports for follow up on day scheduled for intervention follow up.,Software/IT,0.991,0.986,1.0,0.0,True,Intra-Domain,Software/IT,behave in accordance or in agreement with,Software/IT,grasp the meaning,"The word ""follow"" appears in a sentence whose detected domain is ""Software/IT"".
  Candidate sense 1: [Software/IT] behave in accordance or in agreement with (context similarity=0.28)
  Candidate sense 2: [Software/IT] grasp the meaning (context similarity=0.27)
Classified as INTRA-DOMAIN ambiguity: the top two candidate senses both belong to the ""Software/IT"" domain but represent distinct concepts."
follow,follow,The solution should maintain inmate specific interactions for the pharmacy and will automatically generate reports for follow up on day scheduled for intervention follow up.,Software/IT,0.991,0.986,1.0,0.0,True,Intra-Domain,Software/IT,behave in accordance or in agreement with,Software/IT,grasp the meaning,"The word ""follow"" appears in a sentence whose detected domain is ""Software/IT"".
  Candidate sense 1: [Software/IT] behave in accordance or in agreement with (context similarity=0.28)
  Candidate sense 2: [Software/IT] grasp the meaning (context similarity=0.27)
Classified as INTRA-DOMAIN ambiguity: the top two candidate senses both belong to the ""Software/IT"" domain but represent distinct concepts."
shot,shot,For each shot  the product shall notify the players whether the shot was a hit or miss.,Software/IT,0.99,0.985,1.0,0.0,True,Intra-Domain,Software/IT,sports equipment consisting of a heavy metal ball used in the shot put,Software/IT,a blow hard enough to cause injury,"The word ""shot"" appears in a sentence whose detected domain is ""Software/IT"".
  Candidate sense 1: [Software/IT] sports equipment consisting of a heavy metal ball used in the shot put (context similarity=0.37)
  Candidate sense 2: [Software/IT] a blow hard enough to cause injury (context similarity=0.36)
Classified as INTRA-DOMAIN ambiguity: the top two candidate senses both belong to the ""Software/IT"" domain but represent distinct concepts."
shot,shot,For each shot  the product shall notify the players whether the shot was a hit or miss.,Software/IT,0.99,0.985,1.0,0.0,True,Intra-Domain,Software/IT,sports equipment consisting of a heavy metal ball used in the shot put,Software/IT,a blow hard enough to cause injury,"The word ""shot"" appears in a sentence whose detected domain is ""Software/IT"".
  Candidate sense 1: [Software/IT] sports equipment consisting of a heavy metal ball used in the shot put (context similarity=0.37)
  Candidate sense 2: [Software/IT] a blow hard enough to cause injury (context similarity=0.36)
Classified as INTRA-DOMAIN ambiguity: the top two candidate senses both belong to the ""Software/IT"" domain but represent distinct concepts."
release,release,Such access should also be subject to appropriate release of information protocols  local audit policies  minimum necessary criteria  and other contractual arrangements and  laws  and:,Legal/Regulatory,0.99,0.984,1.0,0.5,True,Inter-Domain,Software/IT,a device that when pressed will release part of a mechanism,General,a process that liberates or discharges something,"The word ""release"" appears in a sentence whose detected domain is ""Legal/Regulatory"".
  Candidate sense 1: [Software/IT] a device that when pressed will release part of a mechanism (context similarity=0.14)
  Candidate sense 2: [General] a process that liberates or discharges something (context similarity=0.14)
Classified as INTER-DOMAIN ambiguity: the top two candidate senses belong to different application domains (""Software/IT"" vs. ""General"")."
receive,received,Checks received from insurance companies can be entered here and distributed to cover the appropriate encounters.,Finance/Business,0.99,0.984,1.0,0.0,True,Intra-Domain,Software/IT,regard favorably or with disapproval,Software/IT,accept as true or valid,"The word ""receive"" appears in a sentence whose detected domain is ""Finance/Business"".
  Candidate sense 1: [Software/IT] regard favorably or with disapproval (context similarity=0.08)
  Candidate sense 2: [Software/IT] accept as true or valid (context similarity=0.08)
Classified as INTRA-DOMAIN ambiguity: the top two candidate senses both belong to the ""Software/IT"" domain but represent distinct concepts."
receive,received,In the list of in transit lab procedures   the Lab Technician can update the status to received when the sample has been received in his or her lab.,Healthcare,0.99,0.984,1.0,0.0,True,Intra-Domain,Software/IT,regard favorably or with disapproval,Software/IT,accept as true or valid,"The word ""receive"" appears in a sentence whose detected domain is ""Healthcare"".
  Candidate sense 1: [Software/IT] regard favorably or with disapproval (context similarity=0.11)
  Candidate sense 2: [Software/IT] accept as true or valid (context similarity=0.11)
Classified as INTRA-DOMAIN ambiguity: the top two candidate senses both belong to the ""Software/IT"" domain but represent distinct concepts."
receive,received,The request for a hearing must be mailed within 90 days after notice of the proposed determination is received by the respondent.,Software/IT,0.99,0.984,1.0,0.0,True,Intra-Domain,Software/IT,regard favorably or with disapproval,Software/IT,accept as true or valid,"The word ""receive"" appears in a sentence whose detected domain is ""Software/IT"".
  Candidate sense 1: [Software/IT] regard favorably or with disapproval (context similarity=0.08)
  Candidate sense 2: [Software/IT] accept as true or valid (context similarity=0.08)
Classified as INTRA-DOMAIN ambiguity: the top two candidate senses both belong to the ""Software/IT"" domain but represent distinct concepts."
give,given,An HCP can create a lab procedure for a given office visit.,Healthcare,0.99,0.985,1.0,0.5,True,Intra-Domain,Software/IT,manifest or show,Software/IT,contribute to some cause,"The word ""give"" appears in a sentence whose detected domain is ""Healthcare"".
  Candidate sense 1: [Software/IT] manifest or show (context similarity=0.08)
  Candidate sense 2: [Software/IT] contribute to some cause (context similarity=0.08)
Classified as INTRA-DOMAIN ambiguity: the top two candidate senses both belong to the ""Software/IT"" domain but represent distinct concepts."
release,Release,(5) HL7 Version 3 Standard: Context-Aware Retrieval Application (Infobutton); Release 1  July 2010  IBR approved for Â§ 170.204.,Software/IT,0.99,0.984,1.0,1.0,True,Inter-Domain,Software/IT,a device that when pressed will release part of a mechanism,General,a process that liberates or discharges something,"The word ""release"" appears in a sentence whose detected domain is ""Software/IT"".
  Candidate sense 1: [Software/IT] a device that when pressed will release part of a mechanism (context similarity=0.15)
  Candidate sense 2: [General] a process that liberates or discharges something (context similarity=0.15)
Classified as INTER-DOMAIN ambiguity: the top two candidate senses belong to different application domains (""Software/IT"" vs. ""General"")."
receive,received,An HCP chooses to view received referrals.,Software/IT,0.99,0.984,1.0,0.0,True,Intra-Domain,Software/IT,regard favorably or with disapproval,Software/IT,accept as true or valid,"The word ""receive"" appears in a sentence whose detected domain is ""Software/IT"".
  Candidate sense 1: [Software/IT] regard favorably or with disapproval (context similarity=0.11)
  Candidate sense 2: [Software/IT] accept as true or valid (context similarity=0.10)
Classified as INTRA-DOMAIN ambiguity: the top two candidate senses both belong to the ""Software/IT"" domain but represent distinct concepts."
receive,received,(i) If the ONC-ACB submits a response  the National Coordinator is permitted up to 30 days from the time the response is received to evaluate the response and reach a decision.,Software/IT,0.99,0.984,1.0,0.0,True,Intra-Domain,Software/IT,regard favorably or with disapproval,Software/IT,accept as true or valid,"The word ""receive"" appears in a sentence whose detected domain is ""Software/IT"".
  Candidate sense 1: [Software/IT] regard favorably or with disapproval (context similarity=0.06)
  Candidate sense 2: [Software/IT] accept as true or valid (context similarity=0.05)
Classified as INTRA-DOMAIN ambiguity: the top two candidate senses both belong to the ""Software/IT"" domain but represent distinct concepts."
receive,received,In the list of in transit lab procedures   the Lab Technician can update the status to received when the sample has been received in his or her lab.,Healthcare,0.99,0.984,1.0,0.0,True,Intra-Domain,Software/IT,regard favorably or with disapproval,Software/IT,accept as true or valid,"The word ""receive"" appears in a sentence whose detected domain is ""Healthcare"".
  Candidate sense 1: [Software/IT] regard favorably or with disapproval (context similarity=0.11)
  Candidate sense 2: [Software/IT] accept as true or valid (context similarity=0.11)
Classified as INTRA-DOMAIN ambiguity: the top two candidate senses both belong to the ""Software/IT"" domain but represent distinct concepts."
release,Release,(4) RxNorm  August 6  2012 Full Release Update  IBR approved for Â§ 170.207.,Software/IT,0.99,0.984,1.0,1.0,True,Inter-Domain,Software/IT,a device that when pressed will release part of a mechanism,General,a process that liberates or discharges something,"The word ""release"" appears in a sentence whose detected domain is ""Software/IT"".
  Candidate sense 1: [Software/IT] a device that when pressed will release part of a mechanism (context similarity=0.19)
  Candidate sense 2: [General] a process that liberates or discharges something (context similarity=0.19)
Classified as INTER-DOMAIN ambiguity: the top two candidate senses belong to different application domains (""Software/IT"" vs. ""General"")."
set,sets,(b) For the period on and after October 16  2003: (1) The code sets specified in paragraphs (a)(1)  (a)(2) (a)(4)  and (a)(5) of this section.,Software/IT,0.988,0.982,1.0,0.5,True,Inter-Domain,General,several exercises intended to be done in series,Software/IT,representation consisting of the scenery and other properties used to identify the location of a dramatic production,"The word ""set"" appears in a sentence whose detected domain is ""Software/IT"".
  Candidate sense 1: [General] several exercises intended to be done in series (context similarity=0.09)
  Candidate sense 2: [Software/IT] representation consisting of the scenery and other properties used to identify the location of a dramatic production (context similarity=0.09)
Classified as INTER-DOMAIN ambiguity: the top two candidate senses belong to different application domains (""General"" vs. ""Software/IT"")."
take,took,(i)(A) The total Needy Individual patients assigned to the EPâs panel in any representative  continuous 90-day period in the preceding calendar year when at least one Needy Individual encounter took place with the Medicaid patient in the year prior to the 90-day period; plus,Healthcare,0.988,0.982,1.0,0.5,True,Intra-Domain,Software/IT,take by force,Software/IT,occupy or take on,"The word ""take"" appears in a sentence whose detected domain is ""Healthcare"".
  Candidate sense 1: [Software/IT] take by force (context similarity=0.07)
  Candidate sense 2: [Software/IT] occupy or take on (context similarity=0.07)
Classified as INTRA-DOMAIN ambiguity: the top two candidate senses both belong to the ""Software/IT"" domain but represent distinct concepts."
set,sets,Â§ 162.1002 Medical data code sets.,Software/IT,0.988,0.982,1.0,0.5,True,Inter-Domain,General,several exercises intended to be done in series,Software/IT,representation consisting of the scenery and other properties used to identify the location of a dramatic production,"The word ""set"" appears in a sentence whose detected domain is ""Software/IT"".
  Candidate sense 1: [General] several exercises intended to be done in series (context similarity=0.13)
  Candidate sense 2: [Software/IT] representation consisting of the scenery and other properties used to identify the location of a dramatic production (context similarity=0.12)
Classified as INTER-DOMAIN ambiguity: the top two candidate senses belong to different application domains (""General"" vs. ""Software/IT"")."
set,sets,Data content means all the data elements and code sets inherent to a transaction  and not related to the format of the transaction.,Finance/Business,0.988,0.982,1.0,0.5,True,Inter-Domain,General,several exercises intended to be done in series,Software/IT,representation consisting of the scenery and other properties used to identify the location of a dramatic production,"The word ""set"" appears in a sentence whose detected domain is ""Finance/Business"".
  Candidate sense 1: [General] several exercises intended to be done in series (context similarity=0.06)
  Candidate sense 2: [Software/IT] representation consisting of the scenery and other properties used to identify the location of a dramatic production (context similarity=0.06)
Classified as INTER-DOMAIN ambiguity: the top two candidate senses belong to different application domains (""General"" vs. ""Software/IT"")."
service,service,(5) If service of a ruling or decision issued under this section is by mail  the date of service will be deemed to be 5 days from the date of mailing.,Software/IT,0.987,0.98,1.0,0.5,True,Inter-Domain,General,the act of delivering a writ or summons upon someone,Software/IT,the act of public worship following prescribed rules,"The word ""service"" appears in a sentence whose detected domain is ""Software/IT"".
  Candidate sense 1: [General] the act of delivering a writ or summons upon someone (context similarity=0.26)
  Candidate sense 2: [Software/IT] the act of public worship following prescribed rules (context similarity=0.25)
Classified as INTER-DOMAIN ambiguity: the top two candidate senses belong to different application domains (""General"" vs. ""Software/IT"")."
service,service,(5) If service of a ruling or decision issued under this section is by mail  the date of service will be deemed to be 5 days from the date of mailing.,Software/IT,0.987,0.98,1.0,0.5,True,Inter-Domain,General,the act of delivering a writ or summons upon someone,Software/IT,the act of public worship following prescribed rules,"The word ""service"" appears in a sentence whose detected domain is ""Software/IT"".
  Candidate sense 1: [General] the act of delivering a writ or summons upon someone (context similarity=0.26)
  Candidate sense 2: [Software/IT] the act of public worship following prescribed rules (context similarity=0.25)
Classified as INTER-DOMAIN ambiguity: the top two candidate senses belong to different application domains (""General"" vs. ""Software/IT"")."
way,way,Finalizing is the act of publishing into the system in a way that others may access information that has changed.,General,0.986,0.978,1.0,0.5,True,Inter-Domain,Software/IT,a journey or passage,Healthcare,the condition of things generally,"The word ""way"" appears in a sentence whose detected domain is ""General"".
  Candidate sense 1: [Software/IT] a journey or passage (context similarity=0.21)
  Candidate sense 2: [Healthcare] the condition of things generally (context similarity=0.20)
Classified as INTER-DOMAIN ambiguity: the top two candidate senses belong to different application domains (""Software/IT"" vs. ""Healthcare"")."
section,section,(2) A qualifying MA organization must provide CMS with the following for each MA EP or eligible hospital when reporting under either paragraph (b)(1) or (b)(3) of this section:,Healthcare,0.984,0.975,1.0,0.0,True,Intra-Domain,Software/IT,a division of an orchestra containing all instruments of the same class,Software/IT,a specialized division of a large organization,"The word ""section"" appears in a sentence whose detected domain is ""Healthcare"".
  Candidate sense 1: [Software/IT] a division of an orchestra containing all instruments of the same class (context similarity=0.11)
  Candidate sense 2: [Software/IT] a specialized division of a large organization (context similarity=0.10)
Classified as INTRA-DOMAIN ambiguity: the top two candidate senses both belong to the ""Software/IT"" domain but represent distinct concepts."
section,section,Health maintenance organization (HMO) (as defined in section 2791(b)(3) of the PHS Act  42,Software/IT,0.984,0.975,1.0,0.0,True,Intra-Domain,Software/IT,a division of an orchestra containing all instruments of the same class,Software/IT,a specialized division of a large organization,"The word ""section"" appears in a sentence whose detected domain is ""Software/IT"".
  Candidate sense 1: [Software/IT] a division of an orchestra containing all instruments of the same class (context similarity=0.17)
  Candidate sense 2: [Software/IT] a specialized division of a large organization (context similarity=0.16)
Classified as INTRA-DOMAIN ambiguity: the top two candidate senses both belong to the ""Software/IT"" domain but represent distinct concepts."
make,makes,Covered functions means those functions of a covered entity the performance of which makes the entity a health plan  health care provider  or health care clearinghouse.,Healthcare,0.983,0.973,1.0,0.5,True,Inter-Domain,Software/IT,favor the development of,Legal/Regulatory,amount to,"The word ""make"" appears in a sentence whose detected domain is ""Healthcare"".
  Candidate sense 1: [Software/IT] favor the development of (context similarity=0.06)
  Candidate sense 2: [Legal/Regulatory] amount to (context similarity=0.06)
Classified as INTER-DOMAIN ambiguity: the top two candidate senses belong to different application domains (""Software/IT"" vs. ""Legal/Regulatory"")."
quarter,quarter,The system will notify affected parties when changes occur affecting classes  including but not limited to class cancellations  class section detail changes  and changes to class offerings for a given quarter.,Software/IT,0.981,0.971,1.0,0.0,True,Intra-Domain,Software/IT,one of four periods into which the school year is divided,Software/IT,a unit of time equal to 15 minutes or a quarter of an hour,"The word ""quarter"" appears in a sentence whose detected domain is ""Software/IT"".
  Candidate sense 1: [Software/IT] one of four periods into which the school year is divided (context similarity=0.15)
  Candidate sense 2: [Software/IT] a unit of time equal to 15 minutes or a quarter of an hour (context similarity=0.14)
Classified as INTRA-DOMAIN ambiguity: the top two candidate senses both belong to the ""Software/IT"" domain but represent distinct concepts."
rules,Rules,(b) Except as provided in this subpart  the ALJ is not bound by the Federal Rules of Evidence.,Software/IT,0.981,0.971,1.0,0.0,True,Intra-Domain,Legal/Regulatory,(mathematics) a standard procedure for solving a class of mathematical problems,Legal/Regulatory,directions that define the way a game or sport is to be conducted,"The word ""rules"" appears in a sentence whose detected domain is ""Software/IT"".
  Candidate sense 1: [Legal/Regulatory] (mathematics) a standard procedure for solving a class of mathematical problems (context similarity=0.08)
  Candidate sense 2: [Legal/Regulatory] directions that define the way a game or sport is to be conducted (context similarity=0.08)
Classified as INTRA-DOMAIN ambiguity: the top two candidate senses both belong to the ""Legal/Regulatory"" domain but represent distinct concepts."
section,section,(iii) For the purposes of paragraph (e)(1)(ii)(A) of this section  a covered entity receives satisfactory assurances from a party seeking protecting health information if the covered entity receives from such party a written statement and accompanying documentation demonstrating that:,General,0.98,0.969,1.0,0.5,True,Inter-Domain,Healthcare,a self-contained part of a larger composition (written or musical),Software/IT,one of the portions into which something is regarded as divided and which together constitute a whole,"The word ""section"" appears in a sentence whose detected domain is ""General"".
  Candidate sense 1: [Healthcare] a self-contained part of a larger composition (written or musical) (context similarity=0.07)
  Candidate sense 2: [Software/IT] one of the portions into which something is regarded as divided and which together constitute a whole (context similarity=0.07)
Classified as INTER-DOMAIN ambiguity: the top two candidate senses belong to different application domains (""Healthcare"" vs. ""Software/IT"")."
point,point,The patient  UAP  or personal representative tries to enter more than one weight data point or more than one pedometer data point for the day and is told additional data cannot be entered.,Software/IT,0.979,0.968,1.0,0.0,True,Intra-Domain,Software/IT,an instant of time,Software/IT,a brief version of the essential meaning of something,"The word ""point"" appears in a sentence whose detected domain is ""Software/IT"".
  Candidate sense 1: [Software/IT] an instant of time (context similarity=0.21)
  Candidate sense 2: [Software/IT] a brief version of the essential meaning of something (context similarity=0.20)
Classified as INTRA-DOMAIN ambiguity: the top two candidate senses both belong to the ""Software/IT"" domain but represent distinct concepts."
present,present,The system shall present data to users such that a minimum of navigational effort is required  including:,Software/IT,0.979,0.967,1.0,0.0,True,Intra-Domain,Software/IT,give as a present; make a gift of,Software/IT,"formally present a debutante, a representative of a country, etc.","The word ""present"" appears in a sentence whose detected domain is ""Software/IT"".
  Candidate sense 1: [Software/IT] give as a present; make a gift of (context similarity=0.15)
  Candidate sense 2: [Software/IT] formally present a debutante, a representative of a country, etc. (context similarity=0.14)
Classified as INTRA-DOMAIN ambiguity: the top two candidate senses both belong to the ""Software/IT"" domain but represent distinct concepts."
point,point,The patient  UAP  or personal representative tries to enter more than one weight data point or more than one pedometer data point for the day and is told additional data cannot be entered.,Software/IT,0.979,0.968,1.0,0.0,True,Intra-Domain,Software/IT,an instant of time,Software/IT,a brief version of the essential meaning of something,"The word ""point"" appears in a sentence whose detected domain is ""Software/IT"".
  Candidate sense 1: [Software/IT] an instant of time (context similarity=0.21)
  Candidate sense 2: [Software/IT] a brief version of the essential meaning of something (context similarity=0.20)
Classified as INTRA-DOMAIN ambiguity: the top two candidate senses both belong to the ""Software/IT"" domain but represent distinct concepts."
present,present,The solution should present an alert via warnings of orders that should be inappropriate or contraindicated for specific patients at the time of provider order entry.,Healthcare,0.979,0.967,1.0,0.0,True,Intra-Domain,Software/IT,give as a present; make a gift of,Software/IT,"formally present a debutante, a representative of a country, etc.","The word ""present"" appears in a sentence whose detected domain is ""Healthcare"".
  Candidate sense 1: [Software/IT] give as a present; make a gift of (context similarity=0.13)
  Candidate sense 2: [Software/IT] formally present a debutante, a representative of a country, etc. (context similarity=0.12)
Classified as INTRA-DOMAIN ambiguity: the top two candidate senses both belong to the ""Software/IT"" domain but represent distinct concepts."
present,present,The solution should present the order set templates to the provider.,Healthcare,0.979,0.967,1.0,0.0,True,Intra-Domain,Software/IT,give as a present; make a gift of,Software/IT,"formally present a debutante, a representative of a country, etc.","The word ""present"" appears in a sentence whose detected domain is ""Healthcare"".
  Candidate sense 1: [Software/IT] give as a present; make a gift of (context similarity=0.20)
  Candidate sense 2: [Software/IT] formally present a debutante, a representative of a country, etc. (context similarity=0.19)
Classified as INTRA-DOMAIN ambiguity: the top two candidate senses both belong to the ""Software/IT"" domain but represent distinct concepts."
order,order,The solution should present an alert via warnings of orders that should be inappropriate or contraindicated for specific patients at the time of provider order entry.,Healthcare,0.978,0.966,1.0,0.5,True,Inter-Domain,Healthcare,a condition of regular or proper arrangement,Software/IT,"a request for something to be made, supplied, or served","The word ""order"" appears in a sentence whose detected domain is ""Healthcare"".
  Candidate sense 1: [Healthcare] a condition of regular or proper arrangement (context similarity=0.14)
  Candidate sense 2: [Software/IT] a request for something to be made, supplied, or served (context similarity=0.14)
Classified as INTER-DOMAIN ambiguity: the top two candidate senses belong to different application domains (""Healthcare"" vs. ""Software/IT"")."
order,orders,The solution should present an alert via warnings of orders that should be inappropriate or contraindicated for specific patients at the time of provider order entry.,Healthcare,0.978,0.966,1.0,0.5,True,Inter-Domain,Healthcare,a condition of regular or proper arrangement,Software/IT,"a request for something to be made, supplied, or served","The word ""order"" appears in a sentence whose detected domain is ""Healthcare"".
  Candidate sense 1: [Healthcare] a condition of regular or proper arrangement (context similarity=0.14)
  Candidate sense 2: [Software/IT] a request for something to be made, supplied, or served (context similarity=0.14)
Classified as INTER-DOMAIN ambiguity: the top two candidate senses belong to different application domains (""Healthcare"" vs. ""Software/IT"")."
section,section,(1) Qualifying MAâEP is the amount determined under paragraph (b) of this section; and,Software/IT,0.975,0.962,1.0,0.0,True,Intra-Domain,Software/IT,a segment of a citrus fruit,Software/IT,a distinct region or subdivision of a territorial or political area or community or group of people,"The word ""section"" appears in a sentence whose detected domain is ""Software/IT"".
  Candidate sense 1: [Software/IT] a segment of a citrus fruit (context similarity=0.16)
  Candidate sense 2: [Software/IT] a distinct region or subdivision of a territorial or political area or community or group of people (context similarity=0.14)
Classified as INTRA-DOMAIN ambiguity: the top two candidate senses both belong to the ""Software/IT"" domain but represent distinct concepts."
section,section,(iii) Preparing an explanation or summary of the protected health information  if agreed to by the individual as required by paragraph (c)(2)(ii) of this section.,General,0.975,0.962,1.0,0.0,True,Intra-Domain,Software/IT,a segment of a citrus fruit,Software/IT,a distinct region or subdivision of a territorial or political area or community or group of people,"The word ""section"" appears in a sentence whose detected domain is ""General"".
  Candidate sense 1: [Software/IT] a segment of a citrus fruit (context similarity=0.11)
  Candidate sense 2: [Software/IT] a distinct region or subdivision of a territorial or political area or community or group of people (context similarity=0.10)
Classified as INTRA-DOMAIN ambiguity: the top two candidate senses both belong to the ""Software/IT"" domain but represent distinct concepts."
section,section,(v) A restriction agreed to by a covered entity under paragraph (a) of this section  is not effective under this subpart to prevent uses or disclosures permitted or required under Â§Â§164.502(a)(2)(ii)  164.510(a) or 164.512.,General,0.975,0.962,1.0,0.0,True,Intra-Domain,Software/IT,a segment of a citrus fruit,Software/IT,a distinct region or subdivision of a territorial or political area or community or group of people,"The word ""section"" appears in a sentence whose detected domain is ""General"".
  Candidate sense 1: [Software/IT] a segment of a citrus fruit (context similarity=0.10)
  Candidate sense 2: [Software/IT] a distinct region or subdivision of a territorial or political area or community or group of people (context similarity=0.09)
Classified as INTRA-DOMAIN ambiguity: the top two candidate senses both belong to the ""Software/IT"" domain but represent distinct concepts."
section,section,A State must select the methodology described in either paragraph (c) or paragraph (d) of section (or both methodologies).,Software/IT,0.975,0.962,1.0,0.0,True,Intra-Domain,Software/IT,a segment of a citrus fruit,Software/IT,a distinct region or subdivision of a territorial or political area or community or group of people,"The word ""section"" appears in a sentence whose detected domain is ""Software/IT"".
  Candidate sense 1: [Software/IT] a segment of a citrus fruit (context similarity=0.11)
  Candidate sense 2: [Software/IT] a distinct region or subdivision of a territorial or political area or community or group of people (context similarity=0.10)
Classified as INTRA-DOMAIN ambiguity: the top two candidate senses both belong to the ""Software/IT"" domain but represent distinct concepts."
section,section,(5) If service of a ruling or decision issued under this section is by mail  the date of service will be deemed to be 5 days from the date of mailing.,Software/IT,0.975,0.962,1.0,0.0,True,Intra-Domain,Software/IT,a segment of a citrus fruit,Software/IT,a distinct region or subdivision of a territorial or political area or community or group of people,"The word ""section"" appears in a sentence whose detected domain is ""Software/IT"".
  Candidate sense 1: [Software/IT] a segment of a citrus fruit (context similarity=0.09)
  Candidate sense 2: [Software/IT] a distinct region or subdivision of a territorial or political area or community or group of people (context similarity=0.09)
Classified as INTRA-DOMAIN ambiguity: the top two candidate senses both belong to the ""Software/IT"" domain but represent distinct concepts."
section,section,Actions and statuses recorded in accordance with paragraph (d)(2)(i) of this section must not be capable of being changed  overwritten  or deleted by the EHR technology.,Software/IT,0.975,0.962,1.0,0.0,True,Intra-Domain,Software/IT,a segment of a citrus fruit,Software/IT,a distinct region or subdivision of a territorial or political area or community or group of people,"The word ""section"" appears in a sentence whose detected domain is ""Software/IT"".
  Candidate sense 1: [Software/IT] a segment of a citrus fruit (context similarity=0.10)
  Candidate sense 2: [Software/IT] a distinct region or subdivision of a territorial or political area or community or group of people (context similarity=0.09)
Classified as INTRA-DOMAIN ambiguity: the top two candidate senses both belong to the ""Software/IT"" domain but represent distinct concepts."
section,section,(i) The protected health information is excepted from the right of access by paragraph (a)(1) of this section.,General,0.975,0.962,1.0,0.0,True,Intra-Domain,Software/IT,a segment of a citrus fruit,Software/IT,a distinct region or subdivision of a territorial or political area or community or group of people,"The word ""section"" appears in a sentence whose detected domain is ""General"".
  Candidate sense 1: [Software/IT] a segment of a citrus fruit (context similarity=0.14)
  Candidate sense 2: [Software/IT] a distinct region or subdivision of a territorial or political area or community or group of people (context similarity=0.13)
Classified as INTRA-DOMAIN ambiguity: the top two candidate senses both belong to the ""Software/IT"" domain but represent distinct concepts."
section,section,Any such use or disclosure of protected health information for such notification purposes must be in accordance with paragraphs (b)(2)  (3)  or (4) of this section  as applicable.,Legal/Regulatory,0.975,0.962,1.0,0.0,True,Intra-Domain,Software/IT,a segment of a citrus fruit,Software/IT,a distinct region or subdivision of a territorial or political area or community or group of people,"The word ""section"" appears in a sentence whose detected domain is ""Legal/Regulatory"".
  Candidate sense 1: [Software/IT] a segment of a citrus fruit (context similarity=0.11)
  Candidate sense 2: [Software/IT] a distinct region or subdivision of a territorial or political area or community or group of people (context similarity=0.11)
Classified as INTRA-DOMAIN ambiguity: the top two candidate senses both belong to the ""Software/IT"" domain but represent distinct concepts."
section,section,(a) The amount of a civil money penalty will be determined in accordance with paragraph (b) of this section and Â§Â§160.406  160.408  and 160.412.,Software/IT,0.975,0.962,1.0,0.0,True,Intra-Domain,Software/IT,a segment of a citrus fruit,Software/IT,a distinct region or subdivision of a territorial or political area or community or group of people,"The word ""section"" appears in a sentence whose detected domain is ""Software/IT"".
  Candidate sense 1: [Software/IT] a segment of a citrus fruit (context similarity=0.14)
  Candidate sense 2: [Software/IT] a distinct region or subdivision of a territorial or political area or community or group of people (context similarity=0.13)
Classified as INTRA-DOMAIN ambiguity: the top two candidate senses both belong to the ""Software/IT"" domain but represent distinct concepts."
section,section,An applicant may request an extension for good cause from the National Coordinator of the 15-day period provided in paragraph (c)(2) of this section to submit a revised application.,Software/IT,0.975,0.962,1.0,0.0,True,Intra-Domain,Software/IT,a segment of a citrus fruit,Software/IT,a distinct region or subdivision of a territorial or political area or community or group of people,"The word ""section"" appears in a sentence whose detected domain is ""Software/IT"".
  Candidate sense 1: [Software/IT] a segment of a citrus fruit (context similarity=0.10)
  Candidate sense 2: [Software/IT] a distinct region or subdivision of a territorial or political area or community or group of people (context similarity=0.09)
Classified as INTRA-DOMAIN ambiguity: the top two candidate senses both belong to the ""Software/IT"" domain but represent distinct concepts."
section,section,(ii) The Medicare share fraction determined under paragraph (c)(4) of this section.,Software/IT,0.975,0.962,1.0,0.0,True,Intra-Domain,Software/IT,a segment of a citrus fruit,Software/IT,a distinct region or subdivision of a territorial or political area or community or group of people,"The word ""section"" appears in a sentence whose detected domain is ""Software/IT"".
  Candidate sense 1: [Software/IT] a segment of a citrus fruit (context similarity=0.13)
  Candidate sense 2: [Software/IT] a distinct region or subdivision of a territorial or political area or community or group of people (context similarity=0.12)
Classified as INTRA-DOMAIN ambiguity: the top two candidate senses both belong to the ""Software/IT"" domain but represent distinct concepts."
section,section,The provisions of this paragraph do not supersede other provisions of this section that otherwise permit or restrict uses or disclosures of protected health information.,General,0.975,0.962,1.0,0.0,True,Intra-Domain,Software/IT,a segment of a citrus fruit,Software/IT,a distinct region or subdivision of a territorial or political area or community or group of people,"The word ""section"" appears in a sentence whose detected domain is ""General"".
  Candidate sense 1: [Software/IT] a segment of a citrus fruit (context similarity=0.09)
  Candidate sense 2: [Software/IT] a distinct region or subdivision of a territorial or political area or community or group of people (context similarity=0.08)
Classified as INTRA-DOMAIN ambiguity: the top two candidate senses both belong to the ""Software/IT"" domain but represent distinct concepts."
section,section,All of the data specified in paragraph (e)(1)(i)(A)( 1 ) and ( 2 ) of this section.,Software/IT,0.975,0.962,1.0,0.0,True,Intra-Domain,Software/IT,a segment of a citrus fruit,Software/IT,a distinct region or subdivision of a territorial or political area or community or group of people,"The word ""section"" appears in a sentence whose detected domain is ""Software/IT"".
  Candidate sense 1: [Software/IT] a segment of a citrus fruit (context similarity=0.21)
  Candidate sense 2: [Software/IT] a distinct region or subdivision of a territorial or political area or community or group of people (context similarity=0.19)
Classified as INTRA-DOMAIN ambiguity: the top two candidate senses both belong to the ""Software/IT"" domain but represent distinct concepts."
section,section,(b) For the period on and after October 16  2003: (1) The code sets specified in paragraphs (a)(1)  (a)(2) (a)(4)  and (a)(5) of this section.,Software/IT,0.975,0.962,1.0,0.0,True,Intra-Domain,Software/IT,a segment of a citrus fruit,Software/IT,a distinct region or subdivision of a territorial or political area or community or group of people,"The word ""section"" appears in a sentence whose detected domain is ""Software/IT"".
  Candidate sense 1: [Software/IT] a segment of a citrus fruit (context similarity=0.13)
  Candidate sense 2: [Software/IT] a distinct region or subdivision of a territorial or political area or community or group of people (context similarity=0.12)
Classified as INTRA-DOMAIN ambiguity: the top two candidate senses both belong to the ""Software/IT"" domain but represent distinct concepts."
extend,extend,The Board may extend the initial 30 day period for a period of time not to exceed 30 days if a party files with the Board a request for an extension within the initial 30 day period and shows good cause.,Software/IT,0.974,0.959,1.0,0.5,True,Inter-Domain,Healthcare,continue or extend,Finance/Business,prolong the time allowed for payment of,"The word ""extend"" appears in a sentence whose detected domain is ""Software/IT"".
  Candidate sense 1: [Healthcare] continue or extend (context similarity=0.17)
  Candidate sense 2: [Finance/Business] prolong the time allowed for payment of (context similarity=0.16)
Classified as INTER-DOMAIN ambiguity: the top two candidate senses belong to different application domains (""Healthcare"" vs. ""Finance/Business"")."
service,services,The system has the capability to allow entry of multiple orders or requests for services in one order session without reentry of basic information.,Software/IT,0.973,0.958,1.0,1.0,True,Inter-Domain,Finance/Business,work done by one person or group that benefits another,Software/IT,a force that is a branch of the armed forces,"The word ""service"" appears in a sentence whose detected domain is ""Software/IT"".
  Candidate sense 1: [Finance/Business] work done by one person or group that benefits another (context similarity=0.07)
  Candidate sense 2: [Software/IT] a force that is a branch of the armed forces (context similarity=0.06)
Classified as INTER-DOMAIN ambiguity: the top two candidate senses belong to different application domains (""Finance/Business"" vs. ""Software/IT"")."
base,base,The system has the capability (at the user or administrative level) to add all new vaccine products and antigens to the system's immunization (tracking) data base.,Healthcare,0.968,0.951,1.0,0.5,True,Inter-Domain,General,the bottom or lowest part,Software/IT,the principal ingredient of a mixture,"The word ""base"" appears in a sentence whose detected domain is ""Healthcare"".
  Candidate sense 1: [General] the bottom or lowest part (context similarity=0.15)
  Candidate sense 2: [Software/IT] the principal ingredient of a mixture (context similarity=0.13)
Classified as INTER-DOMAIN ambiguity: the top two candidate senses belong to different application domains (""General"" vs. ""Software/IT"")."
cover,covered,A covered entity must mitigate  to the extent practicable  any harmful effect that is known to the covered entity of a use or  disclosure of protected health information in violation of its policies and procedures or the requirements of this subpart by the covered entity or its business associate.,General,0.965,0.946,1.0,0.0,True,Intra-Domain,Software/IT,invest with a large or excessive amount of something,Software/IT,protect or defend (a position in a game),"The word ""cover"" appears in a sentence whose detected domain is ""General"".
  Candidate sense 1: [Software/IT] invest with a large or excessive amount of something (context similarity=0.13)
  Candidate sense 2: [Software/IT] protect or defend (a position in a game) (context similarity=0.12)
Classified as INTRA-DOMAIN ambiguity: the top two candidate senses both belong to the ""Software/IT"" domain but represent distinct concepts."
cover,covered,(iii) A covered entity that violates the satisfactory assurances it provided as a business associate of another covered entity will be in noncompliance with the standards  implementation specifications  and requirements of this paragraph and Â§164.504(e).,General,0.965,0.946,1.0,0.0,True,Intra-Domain,Software/IT,invest with a large or excessive amount of something,Software/IT,protect or defend (a position in a game),"The word ""cover"" appears in a sentence whose detected domain is ""General"".
  Candidate sense 1: [Software/IT] invest with a large or excessive amount of something (context similarity=0.11)
  Candidate sense 2: [Software/IT] protect or defend (a position in a game) (context similarity=0.10)
Classified as INTRA-DOMAIN ambiguity: the top two candidate senses both belong to the ""Software/IT"" domain but represent distinct concepts."
cover,covered,(iii) For the purposes of paragraph (e)(1)(ii)(A) of this section  a covered entity receives satisfactory assurances from a party seeking protecting health information if the covered entity receives from such party a written statement and accompanying documentation demonstrating that:,General,0.965,0.946,1.0,0.0,True,Intra-Domain,Software/IT,invest with a large or excessive amount of something,Software/IT,protect or defend (a position in a game),"The word ""cover"" appears in a sentence whose detected domain is ""General"".
  Candidate sense 1: [Software/IT] invest with a large or excessive amount of something (context similarity=0.09)
  Candidate sense 2: [Software/IT] protect or defend (a position in a game) (context similarity=0.08)
Classified as INTRA-DOMAIN ambiguity: the top two candidate senses both belong to the ""Software/IT"" domain but represent distinct concepts."
cover,covered,Covered functions means those functions of a covered entity the performance of which makes the entity a health plan  health care provider  or health care clearinghouse.,Healthcare,0.965,0.946,1.0,0.0,True,Intra-Domain,Software/IT,invest with a large or excessive amount of something,Software/IT,protect or defend (a position in a game),"The word ""cover"" appears in a sentence whose detected domain is ""Healthcare"".
  Candidate sense 1: [Software/IT] invest with a large or excessive amount of something (context similarity=0.10)
  Candidate sense 2: [Software/IT] protect or defend (a position in a game) (context similarity=0.09)
Classified as INTRA-DOMAIN ambiguity: the top two candidate senses both belong to the ""Software/IT"" domain but represent distinct concepts."
cover,Covered,Covered functions means those functions of a covered entity the performance of which makes the entity a health plan  health care provider  or health care clearinghouse.,Healthcare,0.965,0.946,1.0,0.0,True,Intra-Domain,Software/IT,invest with a large or excessive amount of something,Software/IT,protect or defend (a position in a game),"The word ""cover"" appears in a sentence whose detected domain is ""Healthcare"".
  Candidate sense 1: [Software/IT] invest with a large or excessive amount of something (context similarity=0.10)
  Candidate sense 2: [Software/IT] protect or defend (a position in a game) (context similarity=0.09)
Classified as INTRA-DOMAIN ambiguity: the top two candidate senses both belong to the ""Software/IT"" domain but represent distinct concepts."
cover,covered,The covered entity may prepare a written rebuttal to the individual's statement of disagreement.,General,0.965,0.946,1.0,0.0,True,Intra-Domain,Software/IT,invest with a large or excessive amount of something,Software/IT,protect or defend (a position in a game),"The word ""cover"" appears in a sentence whose detected domain is ""General"".
  Candidate sense 1: [Software/IT] invest with a large or excessive amount of something (context similarity=0.09)
  Candidate sense 2: [Software/IT] protect or defend (a position in a game) (context similarity=0.08)
Classified as INTRA-DOMAIN ambiguity: the top two candidate senses both belong to the ""Software/IT"" domain but represent distinct concepts."
cover,covered,(iii) A covered entity that violates the satisfactory assurances it provided as a business associate of another covered entity will be in noncompliance with the standards  implementation specifications  and requirements of this paragraph and Â§164.504(e).,General,0.965,0.946,1.0,0.0,True,Intra-Domain,Software/IT,invest with a large or excessive amount of something,Software/IT,protect or defend (a position in a game),"The word ""cover"" appears in a sentence whose detected domain is ""General"".
  Candidate sense 1: [Software/IT] invest with a large or excessive amount of something (context similarity=0.11)
  Candidate sense 2: [Software/IT] protect or defend (a position in a game) (context similarity=0.10)
Classified as INTRA-DOMAIN ambiguity: the top two candidate senses both belong to the ""Software/IT"" domain but represent distinct concepts."
cover,covered,A covered entity may determine that health information is not individually identifiable health information only if:,General,0.965,0.946,1.0,0.0,True,Intra-Domain,Software/IT,invest with a large or excessive amount of something,Software/IT,protect or defend (a position in a game),"The word ""cover"" appears in a sentence whose detected domain is ""General"".
  Candidate sense 1: [Software/IT] invest with a large or excessive amount of something (context similarity=0.08)
  Candidate sense 2: [Software/IT] protect or defend (a position in a game) (context similarity=0.07)
Classified as INTRA-DOMAIN ambiguity: the top two candidate senses both belong to the ""Software/IT"" domain but represent distinct concepts."
cover,covered,A covered entity is required to disclose protected health information:,General,0.965,0.946,1.0,0.0,True,Intra-Domain,Software/IT,invest with a large or excessive amount of something,Software/IT,protect or defend (a position in a game),"The word ""cover"" appears in a sentence whose detected domain is ""General"".
  Candidate sense 1: [Software/IT] invest with a large or excessive amount of something (context similarity=0.10)
  Candidate sense 2: [Software/IT] protect or defend (a position in a game) (context similarity=0.09)
Classified as INTRA-DOMAIN ambiguity: the top two candidate senses both belong to the ""Software/IT"" domain but represent distinct concepts."
cover,covered,(iii) For the purposes of paragraph (e)(1)(ii)(A) of this section  a covered entity receives satisfactory assurances from a party seeking protecting health information if the covered entity receives from such party a written statement and accompanying documentation demonstrating that:,General,0.965,0.946,1.0,0.0,True,Intra-Domain,Software/IT,invest with a large or excessive amount of something,Software/IT,protect or defend (a position in a game),"The word ""cover"" appears in a sentence whose detected domain is ""General"".
  Candidate sense 1: [Software/IT] invest with a large or excessive amount of something (context similarity=0.09)
  Candidate sense 2: [Software/IT] protect or defend (a position in a game) (context similarity=0.08)
Classified as INTRA-DOMAIN ambiguity: the top two candidate senses both belong to the ""Software/IT"" domain but represent distinct concepts."
cover,covered,A covered entity must mitigate  to the extent practicable  any harmful effect that is known to the covered entity of a use or  disclosure of protected health information in violation of its policies and procedures or the requirements of this subpart by the covered entity or its business associate.,General,0.965,0.946,1.0,0.0,True,Intra-Domain,Software/IT,invest with a large or excessive amount of something,Software/IT,protect or defend (a position in a game),"The word ""cover"" appears in a sentence whose detected domain is ""General"".
  Candidate sense 1: [Software/IT] invest with a large or excessive amount of something (context similarity=0.13)
  Candidate sense 2: [Software/IT] protect or defend (a position in a game) (context similarity=0.12)
Classified as INTRA-DOMAIN ambiguity: the top two candidate senses both belong to the ""Software/IT"" domain but represent distinct concepts."
cover,covered,(B) A statement that the covered entity is required to abide by the terms of the notice currently in effect; and,General,0.965,0.946,1.0,0.0,True,Intra-Domain,Software/IT,invest with a large or excessive amount of something,Software/IT,protect or defend (a position in a game),"The word ""cover"" appears in a sentence whose detected domain is ""General"".
  Candidate sense 1: [Software/IT] invest with a large or excessive amount of something (context similarity=0.09)
  Candidate sense 2: [Software/IT] protect or defend (a position in a game) (context similarity=0.08)
Classified as INTRA-DOMAIN ambiguity: the top two candidate senses both belong to the ""Software/IT"" domain but represent distinct concepts."
cover,covered,A covered entity must mitigate  to the extent practicable  any harmful effect that is known to the covered entity of a use or  disclosure of protected health information in violation of its policies and procedures or the requirements of this subpart by the covered entity or its business associate.,General,0.965,0.946,1.0,0.0,True,Intra-Domain,Software/IT,invest with a large or excessive amount of something,Software/IT,protect or defend (a position in a game),"The word ""cover"" appears in a sentence whose detected domain is ""General"".
  Candidate sense 1: [Software/IT] invest with a large or excessive amount of something (context similarity=0.13)
  Candidate sense 2: [Software/IT] protect or defend (a position in a game) (context similarity=0.12)
Classified as INTRA-DOMAIN ambiguity: the top two candidate senses both belong to the ""Software/IT"" domain but represent distinct concepts."
save,saved,An LHCP or patient or representative can modify and save his or her message displaying filter  or view his or her message inbox  including only the messages satisfying the specified filtering criteria in the saved filter.,Healthcare,0.964,0.998,0.9,0.0,True,Intra-Domain,Software/IT,save from sins,Software/IT,make unnecessary an expenditure or effort,"The word ""save"" appears in a sentence whose detected domain is ""Healthcare"".
  Candidate sense 1: [Software/IT] save from sins (context similarity=0.13)
  Candidate sense 2: [Software/IT] make unnecessary an expenditure or effort (context similarity=0.13)
Classified as INTRA-DOMAIN ambiguity: the top two candidate senses both belong to the ""Software/IT"" domain but represent distinct concepts."
save,save,An LHCP or patient or representative can modify and save his or her message displaying filter  or view his or her message inbox  including only the messages satisfying the specified filtering criteria in the saved filter.,Healthcare,0.964,0.998,0.9,0.0,True,Intra-Domain,Software/IT,save from sins,Software/IT,make unnecessary an expenditure or effort,"The word ""save"" appears in a sentence whose detected domain is ""Healthcare"".
  Candidate sense 1: [Software/IT] save from sins (context similarity=0.13)
  Candidate sense 2: [Software/IT] make unnecessary an expenditure or effort (context similarity=0.13)
Classified as INTRA-DOMAIN ambiguity: the top two candidate senses both belong to the ""Software/IT"" domain but represent distinct concepts."
save,Save,If the desired insurance company is not yet entered  you can also add it here by completing all the fields and clicking 'Save as New'.,Finance/Business,0.964,0.998,0.9,0.0,True,Intra-Domain,Software/IT,save from sins,Software/IT,make unnecessary an expenditure or effort,"The word ""save"" appears in a sentence whose detected domain is ""Finance/Business"".
  Candidate sense 1: [Software/IT] save from sins (context similarity=0.21)
  Candidate sense 2: [Software/IT] make unnecessary an expenditure or effort (context similarity=0.21)
Classified as INTRA-DOMAIN ambiguity: the top two candidate senses both belong to the ""Software/IT"" domain but represent distinct concepts."
save,Save,Click 'Save' when finished.,Software/IT,0.964,0.998,0.9,0.0,True,Intra-Domain,Software/IT,save from sins,Software/IT,make unnecessary an expenditure or effort,"The word ""save"" appears in a sentence whose detected domain is ""Software/IT"".
  Candidate sense 1: [Software/IT] save from sins (context similarity=0.37)
  Candidate sense 2: [Software/IT] make unnecessary an expenditure or effort (context similarity=0.37)
Classified as INTRA-DOMAIN ambiguity: the top two candidate senses both belong to the ""Software/IT"" domain but represent distinct concepts."
set,set,The system shall provide the ability for individual orders in an order set to be selected or deselected by the user.,Software/IT,0.963,0.944,1.0,0.0,True,Intra-Domain,Software/IT,fix in a border,Software/IT,apply or start,"The word ""set"" appears in a sentence whose detected domain is ""Software/IT"".
  Candidate sense 1: [Software/IT] fix in a border (context similarity=0.16)
  Candidate sense 2: [Software/IT] apply or start (context similarity=0.14)
Classified as INTRA-DOMAIN ambiguity: the top two candidate senses both belong to the ""Software/IT"" domain but represent distinct concepts."
set,set,The solution should present the order set templates to the provider.,Healthcare,0.963,0.944,1.0,0.0,True,Intra-Domain,Software/IT,fix in a border,Software/IT,apply or start,"The word ""set"" appears in a sentence whose detected domain is ""Healthcare"".
  Candidate sense 1: [Software/IT] fix in a border (context similarity=0.21)
  Candidate sense 2: [Software/IT] apply or start (context similarity=0.19)
Classified as INTRA-DOMAIN ambiguity: the top two candidate senses both belong to the ""Software/IT"" domain but represent distinct concepts."
follow,following,These items include  but are not limited to  the following:,Software/IT,0.963,0.943,1.0,0.0,True,Intra-Domain,Software/IT,be next,Software/IT,keep under surveillance,"The word ""follow"" appears in a sentence whose detected domain is ""Software/IT"".
  Candidate sense 1: [Software/IT] be next (context similarity=0.15)
  Candidate sense 2: [Software/IT] keep under surveillance (context similarity=0.13)
Classified as INTRA-DOMAIN ambiguity: the top two candidate senses both belong to the ""Software/IT"" domain but represent distinct concepts."
follow,following,Except as otherwise provided  the following definitions apply to this subchapter:,Software/IT,0.963,0.943,1.0,0.0,True,Intra-Domain,Software/IT,be next,Software/IT,keep under surveillance,"The word ""follow"" appears in a sentence whose detected domain is ""Software/IT"".
  Candidate sense 1: [Software/IT] be next (context similarity=0.11)
  Candidate sense 2: [Software/IT] keep under surveillance (context similarity=0.10)
Classified as INTRA-DOMAIN ambiguity: the top two candidate senses both belong to the ""Software/IT"" domain but represent distinct concepts."
follow,following,Complete EHRs or EHR Modules must include the capability to perform the following functions electronically and in accordance with all applicable standards and implementation specifications adopted in this part:,Software/IT,0.963,0.943,1.0,0.0,True,Intra-Domain,Software/IT,be next,Software/IT,keep under surveillance,"The word ""follow"" appears in a sentence whose detected domain is ""Software/IT"".
  Candidate sense 1: [Software/IT] be next (context similarity=0.07)
  Candidate sense 2: [Software/IT] keep under surveillance (context similarity=0.06)
Classified as INTRA-DOMAIN ambiguity: the top two candidate senses both belong to the ""Software/IT"" domain but represent distinct concepts."
number,number,(A) CMS determines the Medicare share fraction for an eligible hospital by using the number of Medicare Part A  Medicare Part C  and total acute care inpatient-bed-days using data from the Medicare cost report as specified by CMS.,General,0.961,0.993,0.9,0.5,True,Inter-Domain,Software/IT,the property possessed by a sum or total or indefinite quantity of units or individuals,General,the number is used in calling a particular telephone,"The word ""number"" appears in a sentence whose detected domain is ""General"".
  Candidate sense 1: [Software/IT] the property possessed by a sum or total or indefinite quantity of units or individuals (context similarity=0.08)
  Candidate sense 2: [General] the number is used in calling a particular telephone (context similarity=0.08)
Classified as INTER-DOMAIN ambiguity: the top two candidate senses belong to different application domains (""Software/IT"" vs. ""General"")."
court,court,The request must be accompanied by a copy of the notice of appeal filed with the Federal court.,Software/IT,0.961,0.994,0.9,0.5,True,Inter-Domain,Software/IT,the family and retinue of a sovereign or prince,Legal/Regulatory,a tribunal that is presided over by a magistrate or by one or more judges who administer justice according to the laws,"The word ""court"" appears in a sentence whose detected domain is ""Software/IT"".
  Candidate sense 1: [Software/IT] the family and retinue of a sovereign or prince (context similarity=0.14)
  Candidate sense 2: [Legal/Regulatory] a tribunal that is presided over by a magistrate or by one or more judges who administer justice according to the laws (context similarity=0.14)
Classified as INTER-DOMAIN ambiguity: the top two candidate senses belong to different application domains (""Software/IT"" vs. ""Legal/Regulatory"")."
work,work,Note that fields labeled in red are required in order for billing to work properly.,Finance/Business,0.96,0.938,1.0,0.5,True,Intra-Domain,Software/IT,cause to work,Software/IT,be employed,"The word ""work"" appears in a sentence whose detected domain is ""Finance/Business"".
  Candidate sense 1: [Software/IT] cause to work (context similarity=0.14)
  Candidate sense 2: [Software/IT] be employed (context similarity=0.12)
Classified as INTRA-DOMAIN ambiguity: the top two candidate senses both belong to the ""Software/IT"" domain but represent distinct concepts."
step,step,"At the bottom of the page  it should read ""Next step will configure Apache web server.""",General,0.958,0.989,0.9,0.0,True,Intra-Domain,General,relative position in a graded series,General,a sequence of foot movements that make up a particular dance,"The word ""step"" appears in a sentence whose detected domain is ""General"".
  Candidate sense 1: [General] relative position in a graded series (context similarity=0.21)
  Candidate sense 2: [General] a sequence of foot movements that make up a particular dance (context similarity=0.20)
Classified as INTRA-DOMAIN ambiguity: the top two candidate senses both belong to the ""General"" domain but represent distinct concepts."
set,set,The solution should allow for labels set to drip rate IV entry method.,General,0.958,0.935,1.0,0.5,True,Intra-Domain,Software/IT,apply or start,Software/IT,fix conclusively or authoritatively,"The word ""set"" appears in a sentence whose detected domain is ""General"".
  Candidate sense 1: [Software/IT] apply or start (context similarity=0.13)
  Candidate sense 2: [Software/IT] fix conclusively or authoritatively (context similarity=0.12)
Classified as INTRA-DOMAIN ambiguity: the top two candidate senses both belong to the ""Software/IT"" domain but represent distinct concepts."
field,field,The system prompts the enterer or editor to correct the format of a required data field because the input of that data field does not match that specified in data format 6.4 for patients.,Software/IT,0.957,0.934,1.0,0.0,True,Intra-Domain,Software/IT,somewhere (away from a studio or office or library or laboratory) where practical work is done or data is collected,Software/IT,a place where planes take off and land,"The word ""field"" appears in a sentence whose detected domain is ""Software/IT"".
  Candidate sense 1: [Software/IT] somewhere (away from a studio or office or library or laboratory) where practical work is done or data is collected (context similarity=0.23)
  Candidate sense 2: [Software/IT] a place where planes take off and land (context similarity=0.20)
Classified as INTRA-DOMAIN ambiguity: the top two candidate senses both belong to the ""Software/IT"" domain but represent distinct concepts."
field,field,The system prompts the enterer or editor to correct the format of a required data field because the input of that data field does not match that specified in data format 6.4 for patients.,Software/IT,0.957,0.934,1.0,0.0,True,Intra-Domain,Software/IT,somewhere (away from a studio or office or library or laboratory) where practical work is done or data is collected,Software/IT,a place where planes take off and land,"The word ""field"" appears in a sentence whose detected domain is ""Software/IT"".
  Candidate sense 1: [Software/IT] somewhere (away from a studio or office or library or laboratory) where practical work is done or data is collected (context similarity=0.23)
  Candidate sense 2: [Software/IT] a place where planes take off and land (context similarity=0.20)
Classified as INTRA-DOMAIN ambiguity: the top two candidate senses both belong to the ""Software/IT"" domain but represent distinct concepts."
service,service,(1) Preventive  diagnostic  therapeutic  rehabilitative  maintenance  or palliative care  and counseling  service  assessment  or procedure with respect to the physical or mental condition  or functional status  of an individual or that affects the structure or function of the body; and,General,0.957,0.934,1.0,0.0,True,Intra-Domain,Software/IT,the act of public worship following prescribed rules,Software/IT,employment in or work for another,"The word ""service"" appears in a sentence whose detected domain is ""General"".
  Candidate sense 1: [Software/IT] the act of public worship following prescribed rules (context similarity=0.10)
  Candidate sense 2: [Software/IT] employment in or work for another (context similarity=0.09)
Classified as INTRA-DOMAIN ambiguity: the top two candidate senses both belong to the ""Software/IT"" domain but represent distinct concepts."
case,case,For example  any in the range of 100-199 are for use case one  any in the range of 200-299 are in use case two.,Software/IT,0.956,0.932,1.0,0.5,True,Inter-Domain,General,an occurrence of something,Software/IT,the quantity contained in a case,"The word ""case"" appears in a sentence whose detected domain is ""Software/IT"".
  Candidate sense 1: [General] an occurrence of something (context similarity=0.34)
  Candidate sense 2: [Software/IT] the quantity contained in a case (context similarity=0.29)
Classified as INTER-DOMAIN ambiguity: the top two candidate senses belong to different application domains (""General"" vs. ""Software/IT"")."
case,case,For example  any in the range of 100-199 are for use case one  any in the range of 200-299 are in use case two.,Software/IT,0.956,0.932,1.0,0.5,True,Inter-Domain,General,an occurrence of something,Software/IT,the quantity contained in a case,"The word ""case"" appears in a sentence whose detected domain is ""Software/IT"".
  Candidate sense 1: [General] an occurrence of something (context similarity=0.34)
  Candidate sense 2: [Software/IT] the quantity contained in a case (context similarity=0.29)
Classified as INTER-DOMAIN ambiguity: the top two candidate senses belong to different application domains (""General"" vs. ""Software/IT"")."
order,orders,The solution should restrict validation of orders to authorized personnel only.,Software/IT,0.954,0.929,1.0,0.5,True,Inter-Domain,Software/IT,"a request for something to be made, supplied, or served",Legal/Regulatory,"(often plural) a command given by a superior (e.g., a military or law enforcement officer) that must be obeyed","The word ""order"" appears in a sentence whose detected domain is ""Software/IT"".
  Candidate sense 1: [Software/IT] a request for something to be made, supplied, or served (context similarity=0.09)
  Candidate sense 2: [Legal/Regulatory] (often plural) a command given by a superior (e.g., a military or law enforcement officer) that must be obeyed (context similarity=0.08)
Classified as INTER-DOMAIN ambiguity: the top two candidate senses belong to different application domains (""Software/IT"" vs. ""Legal/Regulatory"")."
order,orders,The system has the capability to flag all unsigned orders.,Software/IT,0.954,0.929,1.0,0.5,True,Inter-Domain,Software/IT,"a request for something to be made, supplied, or served",Legal/Regulatory,"(often plural) a command given by a superior (e.g., a military or law enforcement officer) that must be obeyed","The word ""order"" appears in a sentence whose detected domain is ""Software/IT"".
  Candidate sense 1: [Software/IT] a request for something to be made, supplied, or served (context similarity=0.11)
  Candidate sense 2: [Legal/Regulatory] (often plural) a command given by a superior (e.g., a military or law enforcement officer) that must be obeyed (context similarity=0.09)
Classified as INTER-DOMAIN ambiguity: the top two candidate senses belong to different application domains (""Software/IT"" vs. ""Legal/Regulatory"")."
order,orders,The system has the capability for conditional orders that are activated based satisfaction of their conditions.,Software/IT,0.954,0.929,1.0,0.5,True,Inter-Domain,Software/IT,"a request for something to be made, supplied, or served",Legal/Regulatory,"(often plural) a command given by a superior (e.g., a military or law enforcement officer) that must be obeyed","The word ""order"" appears in a sentence whose detected domain is ""Software/IT"".
  Candidate sense 1: [Software/IT] a request for something to be made, supplied, or served (context similarity=0.08)
  Candidate sense 2: [Legal/Regulatory] (often plural) a command given by a superior (e.g., a military or law enforcement officer) that must be obeyed (context similarity=0.07)
Classified as INTER-DOMAIN ambiguity: the top two candidate senses belong to different application domains (""Software/IT"" vs. ""Legal/Regulatory"")."
bar,bar,The system has the capability to generate 3D or 2D bar-coding labels  recodes  forms and MARs.,Software/IT,0.953,0.928,1.0,0.5,True,Inter-Domain,Legal/Regulatory,(law) a railing that encloses the part of the courtroom where the judges and lawyers sit and the case is tried,Software/IT,an obstruction (usually metal) placed at the top of a goal,"The word ""bar"" appears in a sentence whose detected domain is ""Software/IT"".
  Candidate sense 1: [Legal/Regulatory] (law) a railing that encloses the part of the courtroom where the judges and lawyers sit and the case is tried (context similarity=0.16)
  Candidate sense 2: [Software/IT] an obstruction (usually metal) placed at the top of a goal (context similarity=0.14)
Classified as INTER-DOMAIN ambiguity: the top two candidate senses belong to different application domains (""Legal/Regulatory"" vs. ""Software/IT"")."
line,line,The solution should allow on-line entry of  and updates to  inmate medication profiles from non-pharmacy locations (for example; in the ED  Psychiatric Ward  etc).,Healthcare,0.952,0.926,1.0,0.5,True,Intra-Domain,Software/IT,a particular kind of product or merchandise,Software/IT,acting in conformity,"The word ""line"" appears in a sentence whose detected domain is ""Healthcare"".
  Candidate sense 1: [Software/IT] a particular kind of product or merchandise (context similarity=0.14)
  Candidate sense 2: [Software/IT] acting in conformity (context similarity=0.12)
Classified as INTRA-DOMAIN ambiguity: the top two candidate senses both belong to the ""Software/IT"" domain but represent distinct concepts."
set,set,The system shall provide the ability to set the severity level at which drug interaction warnings should be displayed.,Healthcare,0.951,0.924,1.0,0.5,True,Inter-Domain,Healthcare,establish as the highest level or best performance,Software/IT,apply or start,"The word ""set"" appears in a sentence whose detected domain is ""Healthcare"".
  Candidate sense 1: [Healthcare] establish as the highest level or best performance (context similarity=0.15)
  Candidate sense 2: [Software/IT] apply or start (context similarity=0.13)
Classified as INTER-DOMAIN ambiguity: the top two candidate senses belong to different application domains (""Healthcare"" vs. ""Software/IT"")."
return,return,The leads washing functionality will return the lead data supplied to the vendor along with the reason of rejection.,Finance/Business,0.95,0.923,1.0,0.5,True,Intra-Domain,Software/IT,return in kind,Software/IT,make a return,"The word ""return"" appears in a sentence whose detected domain is ""Finance/Business"".
  Candidate sense 1: [Software/IT] return in kind (context similarity=0.21)
  Candidate sense 2: [Software/IT] make a return (context similarity=0.18)
Classified as INTRA-DOMAIN ambiguity: the top two candidate senses both belong to the ""Software/IT"" domain but represent distinct concepts."
return,Return,Return to the Summary page via the navigation menu on the left.,Software/IT,0.95,0.923,1.0,0.5,True,Intra-Domain,Software/IT,return in kind,Software/IT,make a return,"The word ""return"" appears in a sentence whose detected domain is ""Software/IT"".
  Candidate sense 1: [Software/IT] return in kind (context similarity=0.30)
  Candidate sense 2: [Software/IT] make a return (context similarity=0.25)
Classified as INTRA-DOMAIN ambiguity: the top two candidate senses both belong to the ""Software/IT"" domain but represent distinct concepts."
return,return,The system has the capability to return to stock processing.,Software/IT,0.95,0.923,1.0,0.5,True,Intra-Domain,Software/IT,return in kind,Software/IT,make a return,"The word ""return"" appears in a sentence whose detected domain is ""Software/IT"".
  Candidate sense 1: [Software/IT] return in kind (context similarity=0.38)
  Candidate sense 2: [Software/IT] make a return (context similarity=0.33)
Classified as INTRA-DOMAIN ambiguity: the top two candidate senses both belong to the ""Software/IT"" domain but represent distinct concepts."
return,return,Enter the appropriate information and click 'Save Form' to return to the Encounter summary page.,Healthcare,0.95,0.923,1.0,0.5,True,Intra-Domain,Software/IT,return in kind,Software/IT,make a return,"The word ""return"" appears in a sentence whose detected domain is ""Healthcare"".
  Candidate sense 1: [Software/IT] return in kind (context similarity=0.25)
  Candidate sense 2: [Software/IT] make a return (context similarity=0.22)
Classified as INTRA-DOMAIN ambiguity: the top two candidate senses both belong to the ""Software/IT"" domain but represent distinct concepts."
serve,served,(i) The exclusive remedy for contumacy by  or refusal to obey a subpoena duly served upon  any person is specified in 42 U.S.C. 405(e).,Software/IT,0.949,0.921,1.0,0.0,True,Intra-Domain,Software/IT,do military service,Software/IT,do duty or hold offices; serve in a specific function,"The word ""serve"" appears in a sentence whose detected domain is ""Software/IT"".
  Candidate sense 1: [Software/IT] do military service (context similarity=0.14)
  Candidate sense 2: [Software/IT] do duty or hold offices; serve in a specific function (context similarity=0.12)
Classified as INTRA-DOMAIN ambiguity: the top two candidate senses both belong to the ""Software/IT"" domain but represent distinct concepts."
operation,operation,(iii) Entities promoting the adoption of certified EHR technology do not retain more than 5 percent of such payments for costs not related to certified EHR technology (and support services including maintenance and training) that is for  or is necessary for the operation of  such technology.,General,0.949,0.976,0.9,0.0,True,Intra-Domain,General,a business especially one run on a large scale,General,a planned activity involving many people performing various actions,"The word ""operation"" appears in a sentence whose detected domain is ""General"".
  Candidate sense 1: [General] a business especially one run on a large scale (context similarity=0.09)
  Candidate sense 2: [General] a planned activity involving many people performing various actions (context similarity=0.08)
Classified as INTRA-DOMAIN ambiguity: the top two candidate senses both belong to the ""General"" domain but represent distinct concepts."
drop,drop,Select 'Due Pt' from the drop-down list and click 'Search' to display a list of all invoices that are awaiting payment from patients.,Healthcare,0.948,0.92,1.0,0.0,True,Intra-Domain,Software/IT,"utter with seeming casualness; ; drop names""",Software/IT,terminate an association with,"The word ""drop"" appears in a sentence whose detected domain is ""Healthcare"".
  Candidate sense 1: [Software/IT] utter with seeming casualness; ; drop names"" (context similarity=0.14)
  Candidate sense 2: [Software/IT] terminate an association with (context similarity=0.12)
Classified as INTRA-DOMAIN ambiguity: the top two candidate senses both belong to the ""Software/IT"" domain but represent distinct concepts."
order,order,The system shall provide the ability for individual orders in an order set to be selected or deselected by the user.,Software/IT,0.945,0.916,1.0,0.5,True,Inter-Domain,Software/IT,"a request for something to be made, supplied, or served",Healthcare,a condition of regular or proper arrangement,"The word ""order"" appears in a sentence whose detected domain is ""Software/IT"".
  Candidate sense 1: [Software/IT] a request for something to be made, supplied, or served (context similarity=0.17)
  Candidate sense 2: [Healthcare] a condition of regular or proper arrangement (context similarity=0.14)
Classified as INTER-DOMAIN ambiguity: the top two candidate senses belong to different application domains (""Software/IT"" vs. ""Healthcare"")."
order,orders,The system shall provide the ability for individual orders in an order set to be selected or deselected by the user.,Software/IT,0.945,0.916,1.0,0.5,True,Inter-Domain,Software/IT,"a request for something to be made, supplied, or served",Healthcare,a condition of regular or proper arrangement,"The word ""order"" appears in a sentence whose detected domain is ""Software/IT"".
  Candidate sense 1: [Software/IT] a request for something to be made, supplied, or served (context similarity=0.17)
  Candidate sense 2: [Healthcare] a condition of regular or proper arrangement (context similarity=0.14)
Classified as INTER-DOMAIN ambiguity: the top two candidate senses belong to different application domains (""Software/IT"" vs. ""Healthcare"")."
order,order,The system has the capability to allow entry of multiple orders or requests for services in one order session without reentry of basic information.,Software/IT,0.945,0.916,1.0,0.5,True,Inter-Domain,Software/IT,"a request for something to be made, supplied, or served",Healthcare,a condition of regular or proper arrangement,"The word ""order"" appears in a sentence whose detected domain is ""Software/IT"".
  Candidate sense 1: [Software/IT] a request for something to be made, supplied, or served (context similarity=0.14)
  Candidate sense 2: [Healthcare] a condition of regular or proper arrangement (context similarity=0.12)
Classified as INTER-DOMAIN ambiguity: the top two candidate senses belong to different application domains (""Software/IT"" vs. ""Healthcare"")."
order,orders,The system has the capability to allow entry of multiple orders or requests for services in one order session without reentry of basic information.,Software/IT,0.945,0.916,1.0,0.5,True,Inter-Domain,Software/IT,"a request for something to be made, supplied, or served",Healthcare,a condition of regular or proper arrangement,"The word ""order"" appears in a sentence whose detected domain is ""Software/IT"".
  Candidate sense 1: [Software/IT] a request for something to be made, supplied, or served (context similarity=0.14)
  Candidate sense 2: [Healthcare] a condition of regular or proper arrangement (context similarity=0.12)
Classified as INTER-DOMAIN ambiguity: the top two candidate senses belong to different application domains (""Software/IT"" vs. ""Healthcare"")."
extension,extension,An applicant may request an extension for good cause from the National Coordinator of the 15-day period provided in paragraph (c)(2) of this section to submit a revised application.,Software/IT,0.944,0.914,1.0,0.0,True,Intra-Domain,Software/IT,an educational opportunity provided by colleges and universities to people who are not enrolled as regular students,Software/IT,the ability to raise the working leg high in the air,"The word ""extension"" appears in a sentence whose detected domain is ""Software/IT"".
  Candidate sense 1: [Software/IT] an educational opportunity provided by colleges and universities to people who are not enrolled as regular students (context similarity=0.19)
  Candidate sense 2: [Software/IT] the ability to raise the working leg high in the air (context similarity=0.16)
Classified as INTRA-DOMAIN ambiguity: the top two candidate senses both belong to the ""Software/IT"" domain but represent distinct concepts."
fix,fixed,(vii) An issuer of a long-term care policy  excluding a nursing home fixed-indemnity policy.,Legal/Regulatory,0.943,0.912,1.0,0.5,True,Intra-Domain,Software/IT,"make fixed, stable or stationary",Software/IT,cause to be firmly attached,"The word ""fix"" appears in a sentence whose detected domain is ""Legal/Regulatory"".
  Candidate sense 1: [Software/IT] make fixed, stable or stationary (context similarity=0.06)
  Candidate sense 2: [Software/IT] cause to be firmly attached (context similarity=0.05)
Classified as INTRA-DOMAIN ambiguity: the top two candidate senses both belong to the ""Software/IT"" domain but represent distinct concepts."
stop,stop,The system has the capability to automatically stop possibly and possibly hold order.,Software/IT,0.943,0.966,0.9,0.0,True,Intra-Domain,Software/IT,cause to stop,Software/IT,"stop and wait, as if awaiting further instructions or developments","The word ""stop"" appears in a sentence whose detected domain is ""Software/IT"".
  Candidate sense 1: [Software/IT] cause to stop (context similarity=0.27)
  Candidate sense 2: [Software/IT] stop and wait, as if awaiting further instructions or developments (context similarity=0.25)
Classified as INTRA-DOMAIN ambiguity: the top two candidate senses both belong to the ""Software/IT"" domain but represent distinct concepts."
fix,fixed,The system shall provide the ability to allow the user to configure prescriptions to incorporate fixed text according to the user's specifications.,Software/IT,0.943,0.912,1.0,0.5,True,Intra-Domain,Software/IT,"make fixed, stable or stationary",Software/IT,cause to be firmly attached,"The word ""fix"" appears in a sentence whose detected domain is ""Software/IT"".
  Candidate sense 1: [Software/IT] make fixed, stable or stationary (context similarity=0.07)
  Candidate sense 2: [Software/IT] cause to be firmly attached (context similarity=0.06)
Classified as INTRA-DOMAIN ambiguity: the top two candidate senses both belong to the ""Software/IT"" domain but represent distinct concepts."
order,order,In order to receive a payment under this part  a provider must report the required data under subpart A and this subpart within the EHR reporting period described in Â§ 495.4.,General,0.943,0.912,1.0,1.0,True,Inter-Domain,General,a commercial document used to request someone to supply something in return for payment and providing specifications and quantities,Healthcare,a condition of regular or proper arrangement,"The word ""order"" appears in a sentence whose detected domain is ""General"".
  Candidate sense 1: [General] a commercial document used to request someone to supply something in return for payment and providing specifications and quantities (context similarity=0.13)
  Candidate sense 2: [Healthcare] a condition of regular or proper arrangement (context similarity=0.11)
Classified as INTER-DOMAIN ambiguity: the top two candidate senses belong to different application domains (""General"" vs. ""Healthcare"")."
support,support,The solution should provide the ability to inactivate  obsolete  or destroy decision support rules.,Software/IT,0.942,0.965,0.9,1.0,True,Inter-Domain,Legal/Regulatory,something providing immaterial assistance to a person or cause or interest,Software/IT,supporting structure that holds up or provides a foundation,"The word ""support"" appears in a sentence whose detected domain is ""Software/IT"".
  Candidate sense 1: [Legal/Regulatory] something providing immaterial assistance to a person or cause or interest (context similarity=0.16)
  Candidate sense 2: [Software/IT] supporting structure that holds up or provides a foundation (context similarity=0.15)
Classified as INTER-DOMAIN ambiguity: the top two candidate senses belong to different application domains (""Legal/Regulatory"" vs. ""Software/IT"")."
support,support,(iii) Entities promoting the adoption of certified EHR technology do not retain more than 5 percent of such payments for costs not related to certified EHR technology (and support services including maintenance and training) that is for  or is necessary for the operation of  such technology.,General,0.942,0.965,0.9,1.0,True,Inter-Domain,Legal/Regulatory,something providing immaterial assistance to a person or cause or interest,Software/IT,supporting structure that holds up or provides a foundation,"The word ""support"" appears in a sentence whose detected domain is ""General"".
  Candidate sense 1: [Legal/Regulatory] something providing immaterial assistance to a person or cause or interest (context similarity=0.08)
  Candidate sense 2: [Software/IT] supporting structure that holds up or provides a foundation (context similarity=0.07)
Classified as INTER-DOMAIN ambiguity: the top two candidate senses belong to different application domains (""Legal/Regulatory"" vs. ""Software/IT"")."
support,Support,The Support Consistent Healthcare Management of Patient Groups or Populations capability should conform to S 2.2.2 Standard Report Generation requirements.,General,0.942,0.965,0.9,1.0,True,Inter-Domain,Legal/Regulatory,something providing immaterial assistance to a person or cause or interest,Software/IT,supporting structure that holds up or provides a foundation,"The word ""support"" appears in a sentence whose detected domain is ""General"".
  Candidate sense 1: [Legal/Regulatory] something providing immaterial assistance to a person or cause or interest (context similarity=0.13)
  Candidate sense 2: [Software/IT] supporting structure that holds up or provides a foundation (context similarity=0.12)
Classified as INTER-DOMAIN ambiguity: the top two candidate senses belong to different application domains (""Legal/Regulatory"" vs. ""Software/IT"")."
support,Support,The Support Consistent Healthcare Management of Patient Groups or Populations capability should conform to IN 3 Registry & Directory Services requirements.,Healthcare,0.942,0.965,0.9,1.0,True,Inter-Domain,Legal/Regulatory,something providing immaterial assistance to a person or cause or interest,Software/IT,supporting structure that holds up or provides a foundation,"The word ""support"" appears in a sentence whose detected domain is ""Healthcare"".
  Candidate sense 1: [Legal/Regulatory] something providing immaterial assistance to a person or cause or interest (context similarity=0.12)
  Candidate sense 2: [Software/IT] supporting structure that holds up or provides a foundation (context similarity=0.11)
Classified as INTER-DOMAIN ambiguity: the top two candidate senses belong to different application domains (""Legal/Regulatory"" vs. ""Software/IT"")."
support,Support,Support for Context- Sensitive Care Plans  Guidelines  Protocols,Healthcare,0.942,0.965,0.9,1.0,True,Inter-Domain,Legal/Regulatory,something providing immaterial assistance to a person or cause or interest,Software/IT,supporting structure that holds up or provides a foundation,"The word ""support"" appears in a sentence whose detected domain is ""Healthcare"".
  Candidate sense 1: [Legal/Regulatory] something providing immaterial assistance to a person or cause or interest (context similarity=0.16)
  Candidate sense 2: [Software/IT] supporting structure that holds up or provides a foundation (context similarity=0.15)
Classified as INTER-DOMAIN ambiguity: the top two candidate senses belong to different application domains (""Legal/Regulatory"" vs. ""Software/IT"")."
section,section,(ii) Establish the type of access to electronic health information a user is permitted based on the unique identifier(s) provided in paragraph (d)(1)(i) of this section  and the actions the user is permitted to perform with the EHR technology.,Software/IT,0.942,0.91,1.0,0.0,True,Intra-Domain,Software/IT,a division of an orchestra containing all instruments of the same class,Software/IT,a segment of a citrus fruit,"The word ""section"" appears in a sentence whose detected domain is ""Software/IT"".
  Candidate sense 1: [Software/IT] a division of an orchestra containing all instruments of the same class (context similarity=0.09)
  Candidate sense 2: [Software/IT] a segment of a citrus fruit (context similarity=0.07)
Classified as INTRA-DOMAIN ambiguity: the top two candidate senses both belong to the ""Software/IT"" domain but represent distinct concepts."
support,Support,Support for Referrals,Software/IT,0.942,0.965,0.9,1.0,True,Inter-Domain,Legal/Regulatory,something providing immaterial assistance to a person or cause or interest,Software/IT,supporting structure that holds up or provides a foundation,"The word ""support"" appears in a sentence whose detected domain is ""Software/IT"".
  Candidate sense 1: [Legal/Regulatory] something providing immaterial assistance to a person or cause or interest (context similarity=0.31)
  Candidate sense 2: [Software/IT] supporting structure that holds up or provides a foundation (context similarity=0.29)
Classified as INTER-DOMAIN ambiguity: the top two candidate senses belong to different application domains (""Legal/Regulatory"" vs. ""Software/IT"")."
support,support,The solution should provide the ability to update diagnostic support rules.,Software/IT,0.942,0.965,0.9,1.0,True,Inter-Domain,Legal/Regulatory,something providing immaterial assistance to a person or cause or interest,Software/IT,supporting structure that holds up or provides a foundation,"The word ""support"" appears in a sentence whose detected domain is ""Software/IT"".
  Candidate sense 1: [Legal/Regulatory] something providing immaterial assistance to a person or cause or interest (context similarity=0.19)
  Candidate sense 2: [Software/IT] supporting structure that holds up or provides a foundation (context similarity=0.18)
Classified as INTER-DOMAIN ambiguity: the top two candidate senses belong to different application domains (""Legal/Regulatory"" vs. ""Software/IT"")."
support,Support,The Support for Medication Recommendations capability should conform to function IN 1.4 Patient Access Management requirements.,Healthcare,0.942,0.965,0.9,1.0,True,Inter-Domain,Legal/Regulatory,something providing immaterial assistance to a person or cause or interest,Software/IT,supporting structure that holds up or provides a foundation,"The word ""support"" appears in a sentence whose detected domain is ""Healthcare"".
  Candidate sense 1: [Legal/Regulatory] something providing immaterial assistance to a person or cause or interest (context similarity=0.15)
  Candidate sense 2: [Software/IT] supporting structure that holds up or provides a foundation (context similarity=0.14)
Classified as INTER-DOMAIN ambiguity: the top two candidate senses belong to different application domains (""Legal/Regulatory"" vs. ""Software/IT"")."
support,Support,The Support for Health Maintenance: Preventative Care & Wellness capabilities should conform to the IN 1.9 Patient Privacy & Confidentialty requirements.,Legal/Regulatory,0.942,0.965,0.9,1.0,True,Inter-Domain,Legal/Regulatory,something providing immaterial assistance to a person or cause or interest,Software/IT,supporting structure that holds up or provides a foundation,"The word ""support"" appears in a sentence whose detected domain is ""Legal/Regulatory"".
  Candidate sense 1: [Legal/Regulatory] something providing immaterial assistance to a person or cause or interest (context similarity=0.13)
  Candidate sense 2: [Software/IT] supporting structure that holds up or provides a foundation (context similarity=0.12)
Classified as INTER-DOMAIN ambiguity: the top two candidate senses belong to different application domains (""Legal/Regulatory"" vs. ""Software/IT"")."
support,Support,The Support for Health Maintenance: Preventative Care & Wellness capabilities should conform to the IN 1.4 Patient Access Management requirements.,Healthcare,0.942,0.965,0.9,1.0,True,Inter-Domain,Legal/Regulatory,something providing immaterial assistance to a person or cause or interest,Software/IT,supporting structure that holds up or provides a foundation,"The word ""support"" appears in a sentence whose detected domain is ""Healthcare"".
  Candidate sense 1: [Legal/Regulatory] something providing immaterial assistance to a person or cause or interest (context similarity=0.14)
  Candidate sense 2: [Software/IT] supporting structure that holds up or provides a foundation (context similarity=0.13)
Classified as INTER-DOMAIN ambiguity: the top two candidate senses belong to different application domains (""Legal/Regulatory"" vs. ""Software/IT"")."
support,support,(c) Clinical decision support â(1) Implement rules.,Software/IT,0.942,0.965,0.9,1.0,True,Inter-Domain,Legal/Regulatory,something providing immaterial assistance to a person or cause or interest,Software/IT,supporting structure that holds up or provides a foundation,"The word ""support"" appears in a sentence whose detected domain is ""Software/IT"".
  Candidate sense 1: [Legal/Regulatory] something providing immaterial assistance to a person or cause or interest (context similarity=0.22)
  Candidate sense 2: [Software/IT] supporting structure that holds up or provides a foundation (context similarity=0.20)
Classified as INTER-DOMAIN ambiguity: the top two candidate senses belong to different application domains (""Legal/Regulatory"" vs. ""Software/IT"")."
control,control,The solution should provide the ability to update workflow control rules.,Software/IT,0.938,0.958,0.9,0.5,True,Inter-Domain,General,the activity of managing or exerting control over something,Software/IT,power to direct or determine,"The word ""control"" appears in a sentence whose detected domain is ""Software/IT"".
  Candidate sense 1: [General] the activity of managing or exerting control over something (context similarity=0.22)
  Candidate sense 2: [Software/IT] power to direct or determine (context similarity=0.20)
Classified as INTER-DOMAIN ambiguity: the top two candidate senses belong to different application domains (""General"" vs. ""Software/IT"")."
present,presented,The presented patient information shall include each patient's name and home phone number so that reminder calls can be made.,Healthcare,0.938,0.905,1.0,0.0,True,Intra-Domain,Software/IT,bring forward and present to the mind,Software/IT,"deliver (a speech, oration, or idea)","The word ""present"" appears in a sentence whose detected domain is ""Healthcare"".
  Candidate sense 1: [Software/IT] bring forward and present to the mind (context similarity=0.09)
  Candidate sense 2: [Software/IT] deliver (a speech, oration, or idea) (context similarity=0.08)
Classified as INTRA-DOMAIN ambiguity: the top two candidate senses both belong to the ""Software/IT"" domain but represent distinct concepts."
bring,bring,This will bring you back to the summary page for this Encounter.,Healthcare,0.937,0.957,0.9,0.0,True,Intra-Domain,Software/IT,be accompanied by,Software/IT,go or come after and bring or take back,"The word ""bring"" appears in a sentence whose detected domain is ""Healthcare"".
  Candidate sense 1: [Software/IT] be accompanied by (context similarity=0.25)
  Candidate sense 2: [Software/IT] go or come after and bring or take back (context similarity=0.23)
Classified as INTRA-DOMAIN ambiguity: the top two candidate senses both belong to the ""Software/IT"" domain but represent distinct concepts."
bring,bring,Click on the desired patient to bring up the Patient Summary page.,Healthcare,0.937,0.957,0.9,0.0,True,Intra-Domain,Software/IT,be accompanied by,Software/IT,go or come after and bring or take back,"The word ""bring"" appears in a sentence whose detected domain is ""Healthcare"".
  Candidate sense 1: [Software/IT] be accompanied by (context similarity=0.17)
  Candidate sense 2: [Software/IT] go or come after and bring or take back (context similarity=0.16)
Classified as INTRA-DOMAIN ambiguity: the top two candidate senses both belong to the ""Software/IT"" domain but represent distinct concepts."
way,way,Secrets are stored securely using a one-way hash.,Software/IT,0.933,0.897,1.0,0.5,True,Inter-Domain,Healthcare,the condition of things generally,Software/IT,a journey or passage,"The word ""way"" appears in a sentence whose detected domain is ""Software/IT"".
  Candidate sense 1: [Healthcare] the condition of things generally (context similarity=0.18)
  Candidate sense 2: [Software/IT] a journey or passage (context similarity=0.15)
Classified as INTER-DOMAIN ambiguity: the top two candidate senses belong to different application domains (""Healthcare"" vs. ""Software/IT"")."
direct,direct,The solution should implement a policy to encrypt backup and archival media; ensure that policies direct the user of encryption technologies of the appropriate strength.,Legal/Regulatory,0.931,0.894,1.0,1.0,True,Inter-Domain,Software/IT,command with authority,Healthcare,plan and direct (a complex undertaking),"The word ""direct"" appears in a sentence whose detected domain is ""Legal/Regulatory"".
  Candidate sense 1: [Software/IT] command with authority (context similarity=0.09)
  Candidate sense 2: [Healthcare] plan and direct (a complex undertaking) (context similarity=0.08)
Classified as INTER-DOMAIN ambiguity: the top two candidate senses belong to different application domains (""Software/IT"" vs. ""Healthcare"")."
time,time,The solution should provide the ability to attribute record and display the identity of all users contributing to or finalizing a document or note  including the date and time of entry (see appropriate criteria in IN.2.2 (Auditable Records)).,General,0.929,0.999,0.8,0.0,True,Intra-Domain,Software/IT,a period of time considered as a resource under your control and sufficient to accomplish something,Software/IT,a suitable moment,"The word ""time"" appears in a sentence whose detected domain is ""General"".
  Candidate sense 1: [Software/IT] a period of time considered as a resource under your control and sufficient to accomplish something (context similarity=0.11)
  Candidate sense 2: [Software/IT] a suitable moment (context similarity=0.11)
Classified as INTRA-DOMAIN ambiguity: the top two candidate senses both belong to the ""Software/IT"" domain but represent distinct concepts."
time,time,The time that the medication was ordered to be administered compared to the current time.,Healthcare,0.929,0.999,0.8,0.0,True,Intra-Domain,Software/IT,a period of time considered as a resource under your control and sufficient to accomplish something,Software/IT,a suitable moment,"The word ""time"" appears in a sentence whose detected domain is ""Healthcare"".
  Candidate sense 1: [Software/IT] a period of time considered as a resource under your control and sufficient to accomplish something (context similarity=0.34)
  Candidate sense 2: [Software/IT] a suitable moment (context similarity=0.34)
Classified as INTRA-DOMAIN ambiguity: the top two candidate senses both belong to the ""Software/IT"" domain but represent distinct concepts."
order,order,The system has the capability to handle order communication within the integrated modules (Rad or Lab or Rx) along with communication to any potential interfaced modules.,Healthcare,0.929,0.891,1.0,0.5,True,Inter-Domain,Software/IT,"a request for something to be made, supplied, or served",Healthcare,a condition of regular or proper arrangement,"The word ""order"" appears in a sentence whose detected domain is ""Healthcare"".
  Candidate sense 1: [Software/IT] a request for something to be made, supplied, or served (context similarity=0.11)
  Candidate sense 2: [Healthcare] a condition of regular or proper arrangement (context similarity=0.09)
Classified as INTER-DOMAIN ambiguity: the top two candidate senses belong to different application domains (""Software/IT"" vs. ""Healthcare"")."
time,time,The system shall provide the ability to capture and maintain at least one reason for overriding any drug-drug or drug-allergy or intolerance interaction warning triggered at the time of medication prescribing or ordering.,Healthcare,0.929,0.999,0.8,0.0,True,Intra-Domain,Software/IT,a period of time considered as a resource under your control and sufficient to accomplish something,Software/IT,a suitable moment,"The word ""time"" appears in a sentence whose detected domain is ""Healthcare"".
  Candidate sense 1: [Software/IT] a period of time considered as a resource under your control and sufficient to accomplish something (context similarity=0.09)
  Candidate sense 2: [Software/IT] a suitable moment (context similarity=0.09)
Classified as INTRA-DOMAIN ambiguity: the top two candidate senses both belong to the ""Software/IT"" domain but represent distinct concepts."
time,time,Use the applicable medical data code sets described in Â§162.1002 as specified in the implementation specification adopted under this part that are valid at the time the health care is furnished.,Healthcare,0.929,0.999,0.8,0.0,True,Intra-Domain,Software/IT,a period of time considered as a resource under your control and sufficient to accomplish something,Software/IT,a suitable moment,"The word ""time"" appears in a sentence whose detected domain is ""Healthcare"".
  Candidate sense 1: [Software/IT] a period of time considered as a resource under your control and sufficient to accomplish something (context similarity=0.12)
  Candidate sense 2: [Software/IT] a suitable moment (context similarity=0.12)
Classified as INTRA-DOMAIN ambiguity: the top two candidate senses both belong to the ""Software/IT"" domain but represent distinct concepts."
time,time,The time that the medication was ordered to be administered compared to the current time.,Healthcare,0.929,0.999,0.8,0.0,True,Intra-Domain,Software/IT,a period of time considered as a resource under your control and sufficient to accomplish something,Software/IT,a suitable moment,"The word ""time"" appears in a sentence whose detected domain is ""Healthcare"".
  Candidate sense 1: [Software/IT] a period of time considered as a resource under your control and sufficient to accomplish something (context similarity=0.34)
  Candidate sense 2: [Software/IT] a suitable moment (context similarity=0.34)
Classified as INTRA-DOMAIN ambiguity: the top two candidate senses both belong to the ""Software/IT"" domain but represent distinct concepts."
time,time,(i) If the ONC-ACB submits a response  the National Coordinator is permitted up to 30 days from the time the response is received to evaluate the response and reach a decision.,Software/IT,0.929,0.999,0.8,0.0,True,Intra-Domain,Software/IT,a period of time considered as a resource under your control and sufficient to accomplish something,Software/IT,a suitable moment,"The word ""time"" appears in a sentence whose detected domain is ""Software/IT"".
  Candidate sense 1: [Software/IT] a period of time considered as a resource under your control and sufficient to accomplish something (context similarity=0.10)
  Candidate sense 2: [Software/IT] a suitable moment (context similarity=0.10)
Classified as INTRA-DOMAIN ambiguity: the top two candidate senses both belong to the ""Software/IT"" domain but represent distinct concepts."
time,time,The product shall produce search results in an acceptable time,Software/IT,0.929,0.999,0.8,0.0,True,Intra-Domain,Software/IT,a period of time considered as a resource under your control and sufficient to accomplish something,Software/IT,a suitable moment,"The word ""time"" appears in a sentence whose detected domain is ""Software/IT"".
  Candidate sense 1: [Software/IT] a period of time considered as a resource under your control and sufficient to accomplish something (context similarity=0.20)
  Candidate sense 2: [Software/IT] a suitable moment (context similarity=0.20)
Classified as INTRA-DOMAIN ambiguity: the top two candidate senses both belong to the ""Software/IT"" domain but represent distinct concepts."
time,time,Â§ 160.526 Computation of time.,Software/IT,0.929,0.999,0.8,0.0,True,Intra-Domain,Software/IT,a period of time considered as a resource under your control and sufficient to accomplish something,Software/IT,a suitable moment,"The word ""time"" appears in a sentence whose detected domain is ""Software/IT"".
  Candidate sense 1: [Software/IT] a period of time considered as a resource under your control and sufficient to accomplish something (context similarity=0.37)
  Candidate sense 2: [Software/IT] a suitable moment (context similarity=0.36)
Classified as INTRA-DOMAIN ambiguity: the top two candidate senses both belong to the ""Software/IT"" domain but represent distinct concepts."
call,calls,The presented patient information shall include each patient's name and home phone number so that reminder calls can be made.,Healthcare,0.927,0.887,1.0,1.0,True,Inter-Domain,Networking,a telephone connection,Software/IT,a request,"The word ""call"" appears in a sentence whose detected domain is ""Healthcare"".
  Candidate sense 1: [Networking] a telephone connection (context similarity=0.24)
  Candidate sense 2: [Software/IT] a request (context similarity=0.19)
Classified as INTER-DOMAIN ambiguity: the top two candidate senses belong to different application domains (""Networking"" vs. ""Software/IT"")."
order,orders,The system shall provide the ability to capture the identity of the ordering provider for all test orders.,Healthcare,0.926,0.887,1.0,0.5,True,Intra-Domain,Healthcare,the act of putting things in a sequential arrangement,Healthcare,logical or comprehensible arrangement of separate elements,"The word ""order"" appears in a sentence whose detected domain is ""Healthcare"".
  Candidate sense 1: [Healthcare] the act of putting things in a sequential arrangement (context similarity=0.18)
  Candidate sense 2: [Healthcare] logical or comprehensible arrangement of separate elements (context similarity=0.15)
Classified as INTRA-DOMAIN ambiguity: the top two candidate senses both belong to the ""Healthcare"" domain but represent distinct concepts."
receive,receive,Electronically receive clinical laboratory test results in a structured format and display such results in human readable format.,Healthcare,0.925,0.885,1.0,0.5,True,Inter-Domain,Finance/Business,get something; come into possession of,Software/IT,receive as a retribution or punishment,"The word ""receive"" appears in a sentence whose detected domain is ""Healthcare"".
  Candidate sense 1: [Finance/Business] get something; come into possession of (context similarity=0.16)
  Candidate sense 2: [Software/IT] receive as a retribution or punishment (context similarity=0.13)
Classified as INTER-DOMAIN ambiguity: the top two candidate senses belong to different application domains (""Finance/Business"" vs. ""Software/IT"")."
step,steps,The solution should support the recording of an intervention by the pharmacist  what drugs were involved  steps of action taken by the pharmacist  and possible effects.,General,0.924,0.937,0.9,0.0,True,Intra-Domain,General,the act of changing location by raising the foot and setting it down,General,any maneuver made as part of progress toward a goal,"The word ""step"" appears in a sentence whose detected domain is ""General"".
  Candidate sense 1: [General] the act of changing location by raising the foot and setting it down (context similarity=0.06)
  Candidate sense 2: [General] any maneuver made as part of progress toward a goal (context similarity=0.05)
Classified as INTRA-DOMAIN ambiguity: the top two candidate senses both belong to the ""General"" domain but represent distinct concepts."
place,place,(i)(A) The total Needy Individual patients assigned to the EPâs panel in any representative  continuous 90-day period in the preceding calendar year when at least one Needy Individual encounter took place with the Medicaid patient in the year prior to the 90-day period; plus,Healthcare,0.924,0.884,1.0,0.5,True,Inter-Domain,Software/IT,the post or function properly or customarily occupied or served by another,Healthcare,an abstract mental location,"The word ""place"" appears in a sentence whose detected domain is ""Healthcare"".
  Candidate sense 1: [Software/IT] the post or function properly or customarily occupied or served by another (context similarity=0.08)
  Candidate sense 2: [Healthcare] an abstract mental location (context similarity=0.06)
Classified as INTER-DOMAIN ambiguity: the top two candidate senses belong to different application domains (""Software/IT"" vs. ""Healthcare"")."
day,day,An applicant may request an extension for good cause from the National Coordinator of the 15-day period provided in paragraph (c)(2) of this section to submit a revised application.,Software/IT,0.921,0.987,0.8,0.0,True,Intra-Domain,Software/IT,some point or period in time,Software/IT,a period of opportunity,"The word ""day"" appears in a sentence whose detected domain is ""Software/IT"".
  Candidate sense 1: [Software/IT] some point or period in time (context similarity=0.20)
  Candidate sense 2: [Software/IT] a period of opportunity (context similarity=0.19)
Classified as INTRA-DOMAIN ambiguity: the top two candidate senses both belong to the ""Software/IT"" domain but represent distinct concepts."
write,writing,Entering a 'Specialty' will allow you to narrow your search parameters when writing letters to a particular physician  etc.,Healthcare,0.921,0.987,0.8,0.0,True,Intra-Domain,Software/IT,communicate (with) in writing,Software/IT,communicate or express by writing,"The word ""write"" appears in a sentence whose detected domain is ""Healthcare"".
  Candidate sense 1: [Software/IT] communicate (with) in writing (context similarity=0.08)
  Candidate sense 2: [Software/IT] communicate or express by writing (context similarity=0.08)
Classified as INTRA-DOMAIN ambiguity: the top two candidate senses both belong to the ""Software/IT"" domain but represent distinct concepts."
day,day,(i)(A) The total Needy Individual patients assigned to the EPâs panel in any representative  continuous 90-day period in the preceding calendar year when at least one Needy Individual encounter took place with the Medicaid patient in the year prior to the 90-day period; plus,Healthcare,0.921,0.987,0.8,0.0,True,Intra-Domain,Software/IT,some point or period in time,Software/IT,a period of opportunity,"The word ""day"" appears in a sentence whose detected domain is ""Healthcare"".
  Candidate sense 1: [Software/IT] some point or period in time (context similarity=0.25)
  Candidate sense 2: [Software/IT] a period of opportunity (context similarity=0.24)
Classified as INTRA-DOMAIN ambiguity: the top two candidate senses both belong to the ""Software/IT"" domain but represent distinct concepts."
write,writing,Applicants must request in writing an application for ONC-ATCB status from the National Coordinator.,Software/IT,0.921,0.987,0.8,0.0,True,Intra-Domain,Software/IT,communicate (with) in writing,Software/IT,communicate or express by writing,"The word ""write"" appears in a sentence whose detected domain is ""Software/IT"".
  Candidate sense 1: [Software/IT] communicate (with) in writing (context similarity=0.08)
  Candidate sense 2: [Software/IT] communicate or express by writing (context similarity=0.08)
Classified as INTRA-DOMAIN ambiguity: the top two candidate senses both belong to the ""Software/IT"" domain but represent distinct concepts."
day,day,(i)(A) The total Needy Individual patients assigned to the EPâs panel in any representative  continuous 90-day period in the preceding calendar year when at least one Needy Individual encounter took place with the Medicaid patient in the year prior to the 90-day period; plus,Healthcare,0.921,0.987,0.8,0.0,True,Intra-Domain,Software/IT,some point or period in time,Software/IT,a period of opportunity,"The word ""day"" appears in a sentence whose detected domain is ""Healthcare"".
  Candidate sense 1: [Software/IT] some point or period in time (context similarity=0.25)
  Candidate sense 2: [Software/IT] a period of opportunity (context similarity=0.24)
Classified as INTRA-DOMAIN ambiguity: the top two candidate senses both belong to the ""Software/IT"" domain but represent distinct concepts."
view,view,The system shall provide the ability to display a view that includes only current medications.,Software/IT,0.919,0.983,0.8,0.0,True,Intra-Domain,Software/IT,purpose; the phrase `with a view to' means `with the intention of' or `for the purpose of',Software/IT,the range of the eye,"The word ""view"" appears in a sentence whose detected domain is ""Software/IT"".
  Candidate sense 1: [Software/IT] purpose; the phrase `with a view to' means `with the intention of' or `for the purpose of' (context similarity=0.17)
  Candidate sense 2: [Software/IT] the range of the eye (context similarity=0.17)
Classified as INTRA-DOMAIN ambiguity: the top two candidate senses both belong to the ""Software/IT"" domain but represent distinct concepts."
view,View,3.2.42 UC42 View Notifications Use Case.,Software/IT,0.919,0.983,0.8,0.0,True,Intra-Domain,Software/IT,purpose; the phrase `with a view to' means `with the intention of' or `for the purpose of',Software/IT,the range of the eye,"The word ""view"" appears in a sentence whose detected domain is ""Software/IT"".
  Candidate sense 1: [Software/IT] purpose; the phrase `with a view to' means `with the intention of' or `for the purpose of' (context similarity=0.25)
  Candidate sense 2: [Software/IT] the range of the eye (context similarity=0.24)
Classified as INTRA-DOMAIN ambiguity: the top two candidate senses both belong to the ""Software/IT"" domain but represent distinct concepts."
view,view,the office visit date should link to the patient's view of the office visit (UC9).,Healthcare,0.919,0.983,0.8,0.0,True,Intra-Domain,Software/IT,purpose; the phrase `with a view to' means `with the intention of' or `for the purpose of',Software/IT,the range of the eye,"The word ""view"" appears in a sentence whose detected domain is ""Healthcare"".
  Candidate sense 1: [Software/IT] purpose; the phrase `with a view to' means `with the intention of' or `for the purpose of' (context similarity=0.14)
  Candidate sense 2: [Software/IT] the range of the eye (context similarity=0.14)
Classified as INTRA-DOMAIN ambiguity: the top two candidate senses both belong to the ""Software/IT"" domain but represent distinct concepts."
day,day,The solution should maintain inmate specific interactions for the pharmacy and will automatically generate reports for follow up on day scheduled for intervention follow up.,Software/IT,0.916,0.978,0.8,0.0,True,Intra-Domain,Software/IT,a day assigned to a particular purpose or observance,Software/IT,some point or period in time,"The word ""day"" appears in a sentence whose detected domain is ""Software/IT"".
  Candidate sense 1: [Software/IT] a day assigned to a particular purpose or observance (context similarity=0.15)
  Candidate sense 2: [Software/IT] some point or period in time (context similarity=0.14)
Classified as INTRA-DOMAIN ambiguity: the top two candidate senses both belong to the ""Software/IT"" domain but represent distinct concepts."
study,STUDY,ESTIMATED STUDY COMPLETION DATE:,Software/IT,0.914,0.975,0.8,0.0,True,Intra-Domain,Software/IT,someone who memorizes quickly and easily (as the lines for a part in a play),Software/IT,a composition intended to develop one aspect of the performer's technique,"The word ""study"" appears in a sentence whose detected domain is ""Software/IT"".
  Candidate sense 1: [Software/IT] someone who memorizes quickly and easily (as the lines for a part in a play) (context similarity=0.20)
  Candidate sense 2: [Software/IT] a composition intended to develop one aspect of the performer's technique (context similarity=0.19)
Classified as INTRA-DOMAIN ambiguity: the top two candidate senses both belong to the ""Software/IT"" domain but represent distinct concepts."
cover,covered,(3) A health care provider who transmits any health information in electronic form in connection with a transaction covered by this subchapter.,Healthcare,0.912,0.864,1.0,0.5,True,Intra-Domain,Software/IT,form a cover over,Software/IT,invest with a large or excessive amount of something,"The word ""cover"" appears in a sentence whose detected domain is ""Healthcare"".
  Candidate sense 1: [Software/IT] form a cover over (context similarity=0.10)
  Candidate sense 2: [Software/IT] invest with a large or excessive amount of something (context similarity=0.07)
Classified as INTRA-DOMAIN ambiguity: the top two candidate senses both belong to the ""Software/IT"" domain but represent distinct concepts."
change,changes,The system shall provide the ability to finalize a note  i.e.  change the status of the note from in progress to complete so that any subsequent changes are recorded as such.,Software/IT,0.912,0.972,0.8,1.0,True,Inter-Domain,General,a thing that is different,Healthcare,the result of alteration or modification,"The word ""change"" appears in a sentence whose detected domain is ""Software/IT"".
  Candidate sense 1: [General] a thing that is different (context similarity=0.12)
  Candidate sense 2: [Healthcare] the result of alteration or modification (context similarity=0.11)
Classified as INTER-DOMAIN ambiguity: the top two candidate senses belong to different application domains (""General"" vs. ""Healthcare"")."
submit,submit,(5) The National Coordinator may make one of the following determinations in response to the ONC-ATCB's written response or if the ONC-ATCB fails to submit a written response within the timeframe specified in paragraph (d)(3):,Software/IT,0.912,0.973,0.8,0.5,True,Inter-Domain,Healthcare,put before,Software/IT,yield to the control of another,"The word ""submit"" appears in a sentence whose detected domain is ""Software/IT"".
  Candidate sense 1: [Healthcare] put before (context similarity=0.11)
  Candidate sense 2: [Software/IT] yield to the control of another (context similarity=0.11)
Classified as INTER-DOMAIN ambiguity: the top two candidate senses belong to different application domains (""Healthcare"" vs. ""Software/IT"")."
cover,cover,Checks received from insurance companies can be entered here and distributed to cover the appropriate encounters.,Finance/Business,0.911,0.863,1.0,0.5,True,Inter-Domain,Finance/Business,protect by insurance,Software/IT,provide with a covering or cause to be covered,"The word ""cover"" appears in a sentence whose detected domain is ""Finance/Business"".
  Candidate sense 1: [Finance/Business] protect by insurance (context similarity=0.26)
  Candidate sense 2: [Software/IT] provide with a covering or cause to be covered (context similarity=0.20)
Classified as INTER-DOMAIN ambiguity: the top two candidate senses belong to different application domains (""Finance/Business"" vs. ""Software/IT"")."
begin,begin,If the patient is not already in the system  you can select 'New or Search' from the menu to begin entering their information.,General,0.91,0.97,0.8,1.0,True,Inter-Domain,Software/IT,begin to speak or say;  he began,Healthcare,"achieve or accomplish in the least degree, usually used in the negative","The word ""begin"" appears in a sentence whose detected domain is ""General"".
  Candidate sense 1: [Software/IT] begin to speak or say;  he began (context similarity=0.23)
  Candidate sense 2: [Healthcare] achieve or accomplish in the least degree, usually used in the negative (context similarity=0.21)
Classified as INTER-DOMAIN ambiguity: the top two candidate senses belong to different application domains (""Software/IT"" vs. ""Healthcare"")."
order,order,The system has the capability for an automatic pre-notification to Ordering Clinicians that order will stop.,Legal/Regulatory,0.909,0.86,1.0,0.0,True,Intra-Domain,Healthcare,the act of putting things in a sequential arrangement,Healthcare,logical or comprehensible arrangement of separate elements,"The word ""order"" appears in a sentence whose detected domain is ""Legal/Regulatory"".
  Candidate sense 1: [Healthcare] the act of putting things in a sequential arrangement (context similarity=0.21)
  Candidate sense 2: [Healthcare] logical or comprehensible arrangement of separate elements (context similarity=0.15)
Classified as INTRA-DOMAIN ambiguity: the top two candidate senses both belong to the ""Healthcare"" domain but represent distinct concepts."
card,cards,Backup strategies not only should be compliant with HIPAA Security Rule specifications but with other regulations that oversee financial data (credit cards.),Legal/Regulatory,0.909,0.914,0.9,0.5,True,Inter-Domain,Healthcare,(baseball) a list of batters in the order in which they will bat,Software/IT,one of a set of small pieces of stiff paper marked in various ways and used for playing games or for telling fortunes,"The word ""card"" appears in a sentence whose detected domain is ""Legal/Regulatory"".
  Candidate sense 1: [Healthcare] (baseball) a list of batters in the order in which they will bat (context similarity=0.07)
  Candidate sense 2: [Software/IT] one of a set of small pieces of stiff paper marked in various ways and used for playing games or for telling fortunes (context similarity=0.06)
Classified as INTER-DOMAIN ambiguity: the top two candidate senses belong to different application domains (""Healthcare"" vs. ""Software/IT"")."
scale,scale,The ratings shall be from a scale of 1-10,Software/IT,0.908,0.966,0.8,0.5,True,Intra-Domain,Software/IT,the ratio between the size of something and a representation of it,Software/IT,relative magnitude,"The word ""scale"" appears in a sentence whose detected domain is ""Software/IT"".
  Candidate sense 1: [Software/IT] the ratio between the size of something and a representation of it (context similarity=0.34)
  Candidate sense 2: [Software/IT] relative magnitude (context similarity=0.32)
Classified as INTRA-DOMAIN ambiguity: the top two candidate senses both belong to the ""Software/IT"" domain but represent distinct concepts."
allow,allow,The system has the capability to allow entry of multiple orders or requests for services in one order session without reentry of basic information.,Software/IT,0.906,0.964,0.8,1.0,True,Inter-Domain,Software/IT,allow the other (baseball) team to score,Legal/Regulatory,allow the presence of or allow (an activity) without opposing or prohibiting,"The word ""allow"" appears in a sentence whose detected domain is ""Software/IT"".
  Candidate sense 1: [Software/IT] allow the other (baseball) team to score (context similarity=0.17)
  Candidate sense 2: [Legal/Regulatory] allow the presence of or allow (an activity) without opposing or prohibiting (context similarity=0.16)
Classified as INTER-DOMAIN ambiguity: the top two candidate senses belong to different application domains (""Software/IT"" vs. ""Legal/Regulatory"")."
allow,allow,The solution should allow on-line entry of  and updates to  inmate medication profiles from non-pharmacy locations (for example; in the ED  Psychiatric Ward  etc).,Healthcare,0.906,0.964,0.8,1.0,True,Inter-Domain,Software/IT,allow the other (baseball) team to score,Legal/Regulatory,allow the presence of or allow (an activity) without opposing or prohibiting,"The word ""allow"" appears in a sentence whose detected domain is ""Healthcare"".
  Candidate sense 1: [Software/IT] allow the other (baseball) team to score (context similarity=0.14)
  Candidate sense 2: [Legal/Regulatory] allow the presence of or allow (an activity) without opposing or prohibiting (context similarity=0.13)
Classified as INTER-DOMAIN ambiguity: the top two candidate senses belong to different application domains (""Software/IT"" vs. ""Legal/Regulatory"")."
allow,allow,Selecting multiple encounters will allow you to generate batch files for many claims at once.,Software/IT,0.906,0.964,0.8,1.0,True,Inter-Domain,Software/IT,allow the other (baseball) team to score,Legal/Regulatory,allow the presence of or allow (an activity) without opposing or prohibiting,"The word ""allow"" appears in a sentence whose detected domain is ""Software/IT"".
  Candidate sense 1: [Software/IT] allow the other (baseball) team to score (context similarity=0.19)
  Candidate sense 2: [Legal/Regulatory] allow the presence of or allow (an activity) without opposing or prohibiting (context similarity=0.18)
Classified as INTER-DOMAIN ambiguity: the top two candidate senses belong to different application domains (""Software/IT"" vs. ""Legal/Regulatory"")."
support,support,The solution should conform to function IN.2.4 (Extraction of Health Record Information)  to support data extraction across the complete health record of an individual.,Software/IT,0.906,0.909,0.9,0.0,True,Intra-Domain,Software/IT,support materially or financially,Software/IT,"give moral or psychological support, aid, or courage to","The word ""support"" appears in a sentence whose detected domain is ""Software/IT"".
  Candidate sense 1: [Software/IT] support materially or financially (context similarity=0.10)
  Candidate sense 2: [Software/IT] give moral or psychological support, aid, or courage to (context similarity=0.09)
Classified as INTRA-DOMAIN ambiguity: the top two candidate senses both belong to the ""Software/IT"" domain but represent distinct concepts."
allow,Allow,(g) Allow ONC  or its authorized agents(s)  to periodically observe on site (unannounced or scheduled) during normal business hours  any testing possibly and possibly certification performed to demonstrate compliance with the requirements of the temporary certification program;,Legal/Regulatory,0.906,0.964,0.8,1.0,True,Inter-Domain,Software/IT,allow the other (baseball) team to score,Legal/Regulatory,allow the presence of or allow (an activity) without opposing or prohibiting,"The word ""allow"" appears in a sentence whose detected domain is ""Legal/Regulatory"".
  Candidate sense 1: [Software/IT] allow the other (baseball) team to score (context similarity=0.11)
  Candidate sense 2: [Legal/Regulatory] allow the presence of or allow (an activity) without opposing or prohibiting (context similarity=0.10)
Classified as INTER-DOMAIN ambiguity: the top two candidate senses belong to different application domains (""Software/IT"" vs. ""Legal/Regulatory"")."
allow,allow,Product formula ingredients shall allow defining substitutionary ingredients.,Software/IT,0.906,0.964,0.8,1.0,True,Inter-Domain,Software/IT,allow the other (baseball) team to score,Legal/Regulatory,allow the presence of or allow (an activity) without opposing or prohibiting,"The word ""allow"" appears in a sentence whose detected domain is ""Software/IT"".
  Candidate sense 1: [Software/IT] allow the other (baseball) team to score (context similarity=0.17)
  Candidate sense 2: [Legal/Regulatory] allow the presence of or allow (an activity) without opposing or prohibiting (context similarity=0.16)
Classified as INTER-DOMAIN ambiguity: the top two candidate senses belong to different application domains (""Software/IT"" vs. ""Legal/Regulatory"")."
allow,allow,The solution should allow for labels set to drip rate IV entry method.,General,0.906,0.964,0.8,1.0,True,Inter-Domain,Software/IT,allow the other (baseball) team to score,Legal/Regulatory,allow the presence of or allow (an activity) without opposing or prohibiting,"The word ""allow"" appears in a sentence whose detected domain is ""General"".
  Candidate sense 1: [Software/IT] allow the other (baseball) team to score (context similarity=0.19)
  Candidate sense 2: [Legal/Regulatory] allow the presence of or allow (an activity) without opposing or prohibiting (context similarity=0.18)
Classified as INTER-DOMAIN ambiguity: the top two candidate senses belong to different application domains (""Software/IT"" vs. ""Legal/Regulatory"")."
support,support,The streaming server will support 50 simultaneous streaming connections.,Networking,0.906,0.909,0.9,0.0,True,Intra-Domain,Software/IT,support materially or financially,Software/IT,"give moral or psychological support, aid, or courage to","The word ""support"" appears in a sentence whose detected domain is ""Networking"".
  Candidate sense 1: [Software/IT] support materially or financially (context similarity=0.13)
  Candidate sense 2: [Software/IT] give moral or psychological support, aid, or courage to (context similarity=0.11)
Classified as INTRA-DOMAIN ambiguity: the top two candidate senses both belong to the ""Software/IT"" domain but represent distinct concepts."
allow,allow,Entering a 'Specialty' will allow you to narrow your search parameters when writing letters to a particular physician  etc.,Healthcare,0.906,0.964,0.8,0.5,True,Inter-Domain,Software/IT,allow the other (baseball) team to score,Legal/Regulatory,allow the presence of or allow (an activity) without opposing or prohibiting,"The word ""allow"" appears in a sentence whose detected domain is ""Healthcare"".
  Candidate sense 1: [Software/IT] allow the other (baseball) team to score (context similarity=0.19)
  Candidate sense 2: [Legal/Regulatory] allow the presence of or allow (an activity) without opposing or prohibiting (context similarity=0.18)
Classified as INTER-DOMAIN ambiguity: the top two candidate senses belong to different application domains (""Software/IT"" vs. ""Legal/Regulatory"")."
allow,allow,The system shall provide the ability to allow the user to configure prescriptions to incorporate fixed text according to the user's specifications.,Software/IT,0.906,0.964,0.8,1.0,True,Inter-Domain,Software/IT,allow the other (baseball) team to score,Legal/Regulatory,allow the presence of or allow (an activity) without opposing or prohibiting,"The word ""allow"" appears in a sentence whose detected domain is ""Software/IT"".
  Candidate sense 1: [Software/IT] allow the other (baseball) team to score (context similarity=0.16)
  Candidate sense 2: [Legal/Regulatory] allow the presence of or allow (an activity) without opposing or prohibiting (context similarity=0.15)
Classified as INTER-DOMAIN ambiguity: the top two candidate senses belong to different application domains (""Software/IT"" vs. ""Legal/Regulatory"")."
support,support,The solution should support the recording of an intervention by the pharmacist  what drugs were involved  steps of action taken by the pharmacist  and possible effects.,General,0.906,0.909,0.9,0.0,True,Intra-Domain,Software/IT,support materially or financially,Software/IT,"give moral or psychological support, aid, or courage to","The word ""support"" appears in a sentence whose detected domain is ""General"".
  Candidate sense 1: [Software/IT] support materially or financially (context similarity=0.10)
  Candidate sense 2: [Software/IT] give moral or psychological support, aid, or courage to (context similarity=0.09)
Classified as INTRA-DOMAIN ambiguity: the top two candidate senses both belong to the ""Software/IT"" domain but represent distinct concepts."
time,time,The solution should provide audit capabilities indicating the time stamp for an object or data extraction in accordance with user's scope or practice  organizational policy  or jurisdictional law.,Legal/Regulatory,0.906,0.964,0.8,0.0,True,Intra-Domain,Software/IT,a reading of a point in time as given by a clock,Software/IT,a period of time considered as a resource under your control and sufficient to accomplish something,"The word ""time"" appears in a sentence whose detected domain is ""Legal/Regulatory"".
  Candidate sense 1: [Software/IT] a reading of a point in time as given by a clock (context similarity=0.12)
  Candidate sense 2: [Software/IT] a period of time considered as a resource under your control and sufficient to accomplish something (context similarity=0.11)
Classified as INTRA-DOMAIN ambiguity: the top two candidate senses both belong to the ""Software/IT"" domain but represent distinct concepts."
time,time,Electronically record the time and date in accordance with the standard specified in Â§ 170.210(g)  and user identification when a medication is administered.,Healthcare,0.906,0.964,0.8,0.0,True,Intra-Domain,Software/IT,a reading of a point in time as given by a clock,Software/IT,a period of time considered as a resource under your control and sufficient to accomplish something,"The word ""time"" appears in a sentence whose detected domain is ""Healthcare"".
  Candidate sense 1: [Software/IT] a reading of a point in time as given by a clock (context similarity=0.16)
  Candidate sense 2: [Software/IT] a period of time considered as a resource under your control and sufficient to accomplish something (context similarity=0.15)
Classified as INTRA-DOMAIN ambiguity: the top two candidate senses both belong to the ""Software/IT"" domain but represent distinct concepts."
support,support,The system has the ability to support disaster or mass casualties and disaster triage.,Software/IT,0.906,0.909,0.9,0.0,True,Intra-Domain,Software/IT,support materially or financially,Software/IT,"give moral or psychological support, aid, or courage to","The word ""support"" appears in a sentence whose detected domain is ""Software/IT"".
  Candidate sense 1: [Software/IT] support materially or financially (context similarity=0.13)
  Candidate sense 2: [Software/IT] give moral or psychological support, aid, or courage to (context similarity=0.10)
Classified as INTRA-DOMAIN ambiguity: the top two candidate senses both belong to the ""Software/IT"" domain but represent distinct concepts."
set,sets,Use the applicable medical data code sets described in Â§162.1002 as specified in the implementation specification adopted under this part that are valid at the time the health care is furnished.,Healthcare,0.905,0.853,1.0,0.5,True,Inter-Domain,Software/IT,a unit of play in tennis or squash,General,several exercises intended to be done in series,"The word ""set"" appears in a sentence whose detected domain is ""Healthcare"".
  Candidate sense 1: [Software/IT] a unit of play in tennis or squash (context similarity=0.08)
  Candidate sense 2: [General] several exercises intended to be done in series (context similarity=0.06)
Classified as INTER-DOMAIN ambiguity: the top two candidate senses belong to different application domains (""Software/IT"" vs. ""General"")."
meet,meet,The information in the report or file created must be of sufficient detail such that it enables a user to match those patients or actions to meet the measure's denominator limitations when necessary to generate an accurate percentage.,General,0.904,0.853,1.0,0.0,True,Intra-Domain,Software/IT,satisfy or fulfill,Software/IT,meet by design; be present at the arrival of,"The word ""meet"" appears in a sentence whose detected domain is ""General"".
  Candidate sense 1: [Software/IT] satisfy or fulfill (context similarity=0.20)
  Candidate sense 2: [Software/IT] meet by design; be present at the arrival of (context similarity=0.15)
Classified as INTRA-DOMAIN ambiguity: the top two candidate senses both belong to the ""Software/IT"" domain but represent distinct concepts."
lead,lead,The leads washing functionality will return the lead data supplied to the vendor along with the reason of rejection.,Finance/Business,0.903,0.85,1.0,0.5,True,Inter-Domain,General,a position of leadership (especially in the phrase `take the lead'),Software/IT,the introductory section of a story,"The word ""lead"" appears in a sentence whose detected domain is ""Finance/Business"".
  Candidate sense 1: [General] a position of leadership (especially in the phrase `take the lead') (context similarity=0.19)
  Candidate sense 2: [Software/IT] the introductory section of a story (context similarity=0.14)
Classified as INTER-DOMAIN ambiguity: the top two candidate senses belong to different application domains (""General"" vs. ""Software/IT"")."
read,read,"At the bottom of the page  it should read ""Next step will configure Apache web server.""",General,0.902,0.903,0.9,0.0,True,Intra-Domain,Software/IT,interpret something that is written or printed,Software/IT,to hear and understand,"The word ""read"" appears in a sentence whose detected domain is ""General"".
  Candidate sense 1: [Software/IT] interpret something that is written or printed (context similarity=0.22)
  Candidate sense 2: [Software/IT] to hear and understand (context similarity=0.18)
Classified as INTRA-DOMAIN ambiguity: the top two candidate senses both belong to the ""Software/IT"" domain but represent distinct concepts."
form,form,Nothing contained in this section may be interpreted to require the creation of a document  except that requested data stored in an electronic data storage system must be produced in a form accessible to the requesting party.,Software/IT,0.899,0.844,1.0,0.5,True,Inter-Domain,General,a printed document with spaces in which to write,Software/IT,an ability to perform well,"The word ""form"" appears in a sentence whose detected domain is ""Software/IT"".
  Candidate sense 1: [General] a printed document with spaces in which to write (context similarity=0.11)
  Candidate sense 2: [Software/IT] an ability to perform well (context similarity=0.08)
Classified as INTER-DOMAIN ambiguity: the top two candidate senses belong to different application domains (""General"" vs. ""Software/IT"")."
submit,submit,An applicant may request an extension for good cause from the National Coordinator of the 15-day period provided in paragraph (c)(2) of this section to submit a revised application.,Software/IT,0.899,0.952,0.8,0.5,True,Intra-Domain,Software/IT,make an application as for a job or funding,Software/IT,yield to the control of another,"The word ""submit"" appears in a sentence whose detected domain is ""Software/IT"".
  Candidate sense 1: [Software/IT] make an application as for a job or funding (context similarity=0.18)
  Candidate sense 2: [Software/IT] yield to the control of another (context similarity=0.16)
Classified as INTRA-DOMAIN ambiguity: the top two candidate senses both belong to the ""Software/IT"" domain but represent distinct concepts."
begin,begins,(i) The reasonable costs incurred for the purchase of certified EHR technology during the cost reporting period that begins in a payment year; and,Finance/Business,0.898,0.95,0.8,0.5,True,Inter-Domain,Software/IT,have a beginning characterized in some specified way,General,"be the first item or point, constitute the beginning or start, come first in a series","The word ""begin"" appears in a sentence whose detected domain is ""Finance/Business"".
  Candidate sense 1: [Software/IT] have a beginning characterized in some specified way (context similarity=0.19)
  Candidate sense 2: [General] be the first item or point, constitute the beginning or start, come first in a series (context similarity=0.17)
Classified as INTER-DOMAIN ambiguity: the top two candidate senses belong to different application domains (""Software/IT"" vs. ""General"")."
day,day,Final payments are determined at the time of settling the first 12-month hospital cost report for the hospital fiscal year that begins on or after the first day of the payment year  and settled on the basis of data from that cost reporting period.,Finance/Business,0.897,0.95,0.8,0.0,True,Intra-Domain,Software/IT,some point or period in time,Software/IT,the period of time taken by a particular planet (e.g. Mars) to make a complete rotation on its axis,"The word ""day"" appears in a sentence whose detected domain is ""Finance/Business"".
  Candidate sense 1: [Software/IT] some point or period in time (context similarity=0.16)
  Candidate sense 2: [Software/IT] the period of time taken by a particular planet (e.g. Mars) to make a complete rotation on its axis (context similarity=0.14)
Classified as INTRA-DOMAIN ambiguity: the top two candidate senses both belong to the ""Software/IT"" domain but represent distinct concepts."
field,fields,Doing so brings up a lightbox containing several fields which are searchable (labeled in green).,Software/IT,0.896,0.84,1.0,0.0,True,Intra-Domain,Software/IT,a geographic region (land or sea) under which something valuable is found,Software/IT,extensive tract of level open land,"The word ""field"" appears in a sentence whose detected domain is ""Software/IT"".
  Candidate sense 1: [Software/IT] a geographic region (land or sea) under which something valuable is found (context similarity=0.09)
  Candidate sense 2: [Software/IT] extensive tract of level open land (context similarity=0.07)
Classified as INTRA-DOMAIN ambiguity: the top two candidate senses both belong to the ""Software/IT"" domain but represent distinct concepts."
field,fields,Note that fields labeled in red are required in order for billing to work properly.,Finance/Business,0.896,0.84,1.0,0.0,True,Intra-Domain,Software/IT,a geographic region (land or sea) under which something valuable is found,Software/IT,extensive tract of level open land,"The word ""field"" appears in a sentence whose detected domain is ""Finance/Business"".
  Candidate sense 1: [Software/IT] a geographic region (land or sea) under which something valuable is found (context similarity=0.10)
  Candidate sense 2: [Software/IT] extensive tract of level open land (context similarity=0.07)
Classified as INTRA-DOMAIN ambiguity: the top two candidate senses both belong to the ""Software/IT"" domain but represent distinct concepts."
body,body,(D) Calculate and display body mass index (BMI).,Software/IT,0.896,0.894,0.9,1.0,True,Inter-Domain,Software/IT,the main mass of a thing,General,an individual 3-dimensional object that has mass and that is distinguishable from other objects,"The word ""body"" appears in a sentence whose detected domain is ""Software/IT"".
  Candidate sense 1: [Software/IT] the main mass of a thing (context similarity=0.26)
  Candidate sense 2: [General] an individual 3-dimensional object that has mass and that is distinguishable from other objects (context similarity=0.21)
Classified as INTER-DOMAIN ambiguity: the top two candidate senses belong to different application domains (""Software/IT"" vs. ""General"")."
field,fields,When notifying the user of their error  all fields are populated with the previously entered input so that the HCP can edit their entry.,Software/IT,0.896,0.84,1.0,0.0,True,Intra-Domain,Software/IT,a geographic region (land or sea) under which something valuable is found,Software/IT,extensive tract of level open land,"The word ""field"" appears in a sentence whose detected domain is ""Software/IT"".
  Candidate sense 1: [Software/IT] a geographic region (land or sea) under which something valuable is found (context similarity=0.08)
  Candidate sense 2: [Software/IT] extensive tract of level open land (context similarity=0.06)
Classified as INTRA-DOMAIN ambiguity: the top two candidate senses both belong to the ""Software/IT"" domain but represent distinct concepts."
field,fields,Most users will just need to enter a 'Initial User Password' for the OpenEMR User and a 'Password' for the sql user(these fields are circled in red in below screenshot).,Software/IT,0.896,0.84,1.0,0.0,True,Intra-Domain,Software/IT,a geographic region (land or sea) under which something valuable is found,Software/IT,extensive tract of level open land,"The word ""field"" appears in a sentence whose detected domain is ""Software/IT"".
  Candidate sense 1: [Software/IT] a geographic region (land or sea) under which something valuable is found (context similarity=0.06)
  Candidate sense 2: [Software/IT] extensive tract of level open land (context similarity=0.04)
Classified as INTRA-DOMAIN ambiguity: the top two candidate senses both belong to the ""Software/IT"" domain but represent distinct concepts."
field,fields,Entering a partial value into one or more fields and clicking the 'Search' button presents you with a list of all insurance companies matching those parameters.,Finance/Business,0.896,0.84,1.0,0.0,True,Intra-Domain,Software/IT,a geographic region (land or sea) under which something valuable is found,Software/IT,extensive tract of level open land,"The word ""field"" appears in a sentence whose detected domain is ""Finance/Business"".
  Candidate sense 1: [Software/IT] a geographic region (land or sea) under which something valuable is found (context similarity=0.08)
  Candidate sense 2: [Software/IT] extensive tract of level open land (context similarity=0.06)
Classified as INTRA-DOMAIN ambiguity: the top two candidate senses both belong to the ""Software/IT"" domain but represent distinct concepts."
field,fields,If the desired insurance company is not yet entered  you can also add it here by completing all the fields and clicking 'Save as New'.,Finance/Business,0.896,0.84,1.0,0.0,True,Intra-Domain,Software/IT,a geographic region (land or sea) under which something valuable is found,Software/IT,extensive tract of level open land,"The word ""field"" appears in a sentence whose detected domain is ""Finance/Business"".
  Candidate sense 1: [Software/IT] a geographic region (land or sea) under which something valuable is found (context similarity=0.09)
  Candidate sense 2: [Software/IT] extensive tract of level open land (context similarity=0.07)
Classified as INTRA-DOMAIN ambiguity: the top two candidate senses both belong to the ""Software/IT"" domain but represent distinct concepts."
way,way,Relates to the privacy of individually identifiable health information means  with respect to a State law  that the State law has the specific purpose of protecting the privacy of health information or affects the privacy of health information in a direct  clear  and substantial way.,Legal/Regulatory,0.895,0.839,1.0,0.5,True,Intra-Domain,Healthcare,the condition of things generally,Healthcare,how a result is obtained or an end is achieved,"The word ""way"" appears in a sentence whose detected domain is ""Legal/Regulatory"".
  Candidate sense 1: [Healthcare] the condition of things generally (context similarity=0.13)
  Candidate sense 2: [Healthcare] how a result is obtained or an end is achieved (context similarity=0.09)
Classified as INTRA-DOMAIN ambiguity: the top two candidate senses both belong to the ""Healthcare"" domain but represent distinct concepts."
match,match,The system prompts the enterer or editor to correct the format of a required data field because the input of that data field does not match that specified in data format 6.4 for patients.,Software/IT,0.895,0.946,0.8,0.5,True,Inter-Domain,Software/IT,be equal or harmonize,Legal/Regulatory,make correspond or harmonize,"The word ""match"" appears in a sentence whose detected domain is ""Software/IT"".
  Candidate sense 1: [Software/IT] be equal or harmonize (context similarity=0.11)
  Candidate sense 2: [Legal/Regulatory] make correspond or harmonize (context similarity=0.10)
Classified as INTER-DOMAIN ambiguity: the top two candidate senses belong to different application domains (""Software/IT"" vs. ""Legal/Regulatory"")."
strength,strength,The solution should implement a policy to encrypt backup and archival media; ensure that policies direct the user of encryption technologies of the appropriate strength.,Legal/Regulatory,0.894,0.998,0.7,1.0,True,Inter-Domain,Software/IT,the property of being physically or mentally strong,Healthcare,the condition of financial success,"The word ""strength"" appears in a sentence whose detected domain is ""Legal/Regulatory"".
  Candidate sense 1: [Software/IT] the property of being physically or mentally strong (context similarity=0.11)
  Candidate sense 2: [Healthcare] the condition of financial success (context similarity=0.11)
Classified as INTER-DOMAIN ambiguity: the top two candidate senses belong to different application domains (""Software/IT"" vs. ""Healthcare"")."
company,company,If the desired insurance company is not yet entered  you can also add it here by completing all the fields and clicking 'Save as New'.,Finance/Business,0.894,0.998,0.7,0.0,True,Intra-Domain,Software/IT,a social or business visitor,Software/IT,a unit of firefighters including their equipment,"The word ""company"" appears in a sentence whose detected domain is ""Finance/Business"".
  Candidate sense 1: [Software/IT] a social or business visitor (context similarity=0.12)
  Candidate sense 2: [Software/IT] a unit of firefighters including their equipment (context similarity=0.11)
Classified as INTRA-DOMAIN ambiguity: the top two candidate senses both belong to the ""Software/IT"" domain but represent distinct concepts."
company,Company,You can add a new insurance company by clicking 'Add a Company'.,Finance/Business,0.894,0.998,0.7,0.0,True,Intra-Domain,Software/IT,a social or business visitor,Software/IT,a unit of firefighters including their equipment,"The word ""company"" appears in a sentence whose detected domain is ""Finance/Business"".
  Candidate sense 1: [Software/IT] a social or business visitor (context similarity=0.24)
  Candidate sense 2: [Software/IT] a unit of firefighters including their equipment (context similarity=0.24)
Classified as INTRA-DOMAIN ambiguity: the top two candidate senses both belong to the ""Software/IT"" domain but represent distinct concepts."
company,company,You can add a new insurance company by clicking 'Add a Company'.,Finance/Business,0.894,0.998,0.7,0.0,True,Intra-Domain,Software/IT,a social or business visitor,Software/IT,a unit of firefighters including their equipment,"The word ""company"" appears in a sentence whose detected domain is ""Finance/Business"".
  Candidate sense 1: [Software/IT] a social or business visitor (context similarity=0.24)
  Candidate sense 2: [Software/IT] a unit of firefighters including their equipment (context similarity=0.24)
Classified as INTRA-DOMAIN ambiguity: the top two candidate senses both belong to the ""Software/IT"" domain but represent distinct concepts."
write,written,(5) The National Coordinator may make one of the following determinations in response to the ONC-ATCB's written response or if the ONC-ATCB fails to submit a written response within the timeframe specified in paragraph (d)(3):,Software/IT,0.893,0.943,0.8,0.0,True,Intra-Domain,Software/IT,record data on a computer,Software/IT,mark or trace on a surface,"The word ""write"" appears in a sentence whose detected domain is ""Software/IT"".
  Candidate sense 1: [Software/IT] record data on a computer (context similarity=0.05)
  Candidate sense 2: [Software/IT] mark or trace on a surface (context similarity=0.05)
Classified as INTRA-DOMAIN ambiguity: the top two candidate senses both belong to the ""Software/IT"" domain but represent distinct concepts."
write,written,(5) The National Coordinator may make one of the following determinations in response to the ONC-ATCB's written response or if the ONC-ATCB fails to submit a written response within the timeframe specified in paragraph (d)(3):,Software/IT,0.893,0.943,0.8,0.0,True,Intra-Domain,Software/IT,record data on a computer,Software/IT,mark or trace on a surface,"The word ""write"" appears in a sentence whose detected domain is ""Software/IT"".
  Candidate sense 1: [Software/IT] record data on a computer (context similarity=0.05)
  Candidate sense 2: [Software/IT] mark or trace on a surface (context similarity=0.05)
Classified as INTRA-DOMAIN ambiguity: the top two candidate senses both belong to the ""Software/IT"" domain but represent distinct concepts."
company,companies,The number with a '-' in the 'Prv' column indicates the number of insurance companies for which this invoice is awaiting payment.,Finance/Business,0.892,0.995,0.7,0.0,True,Intra-Domain,Software/IT,crew of a ship including the officers; the whole force or personnel of a ship,Software/IT,an institution created to conduct business,"The word ""company"" appears in a sentence whose detected domain is ""Finance/Business"".
  Candidate sense 1: [Software/IT] crew of a ship including the officers; the whole force or personnel of a ship (context similarity=0.08)
  Candidate sense 2: [Software/IT] an institution created to conduct business (context similarity=0.08)
Classified as INTRA-DOMAIN ambiguity: the top two candidate senses both belong to the ""Software/IT"" domain but represent distinct concepts."
cover,covered,(v) A restriction agreed to by a covered entity under paragraph (a) of this section  is not effective under this subpart to prevent uses or disclosures permitted or required under Â§Â§164.502(a)(2)(ii)  164.510(a) or 164.512.,General,0.891,0.833,1.0,0.0,True,Intra-Domain,Software/IT,hide from view or knowledge,Software/IT,spread over a surface to conceal or protect,"The word ""cover"" appears in a sentence whose detected domain is ""General"".
  Candidate sense 1: [Software/IT] hide from view or knowledge (context similarity=0.12)
  Candidate sense 2: [Software/IT] spread over a surface to conceal or protect (context similarity=0.09)
Classified as INTRA-DOMAIN ambiguity: the top two candidate senses both belong to the ""Software/IT"" domain but represent distinct concepts."
cover,covered,(A) The covered entity  in the exercise of professional judgment  believes the disclosure is necessary to prevent serious harm to the individual or other potential victims; or,Legal/Regulatory,0.891,0.833,1.0,0.0,True,Intra-Domain,Software/IT,hide from view or knowledge,Software/IT,spread over a surface to conceal or protect,"The word ""cover"" appears in a sentence whose detected domain is ""Legal/Regulatory"".
  Candidate sense 1: [Software/IT] hide from view or knowledge (context similarity=0.12)
  Candidate sense 2: [Software/IT] spread over a surface to conceal or protect (context similarity=0.09)
Classified as INTRA-DOMAIN ambiguity: the top two candidate senses both belong to the ""Software/IT"" domain but represent distinct concepts."
address,addressed,(i) State the name of the person (including the entity  if applicable) to whom the subpoena is addressed;,General,0.89,0.938,0.8,0.0,True,Intra-Domain,Networking,give a speech to,Networking,speak to,"The word ""address"" appears in a sentence whose detected domain is ""General"".
  Candidate sense 1: [Networking] give a speech to (context similarity=0.18)
  Candidate sense 2: [Networking] speak to (context similarity=0.16)
Classified as INTRA-DOMAIN ambiguity: the top two candidate senses both belong to the ""Networking"" domain but represent distinct concepts."
note,note,The system shall provide the ability to finalize a note  i.e.  change the status of the note from in progress to complete so that any subsequent changes are recorded as such.,Software/IT,0.89,0.992,0.7,0.5,True,Inter-Domain,Healthcare,a promise to pay a specified amount on demand or at a certain time,Software/IT,a characteristic emotional quality,"The word ""note"" appears in a sentence whose detected domain is ""Software/IT"".
  Candidate sense 1: [Healthcare] a promise to pay a specified amount on demand or at a certain time (context similarity=0.34)
  Candidate sense 2: [Software/IT] a characteristic emotional quality (context similarity=0.33)
Classified as INTER-DOMAIN ambiguity: the top two candidate senses belong to different application domains (""Healthcare"" vs. ""Software/IT"")."
note,note,The system shall provide the ability to finalize a note  i.e.  change the status of the note from in progress to complete so that any subsequent changes are recorded as such.,Software/IT,0.89,0.992,0.7,0.5,True,Inter-Domain,Healthcare,a promise to pay a specified amount on demand or at a certain time,Software/IT,a characteristic emotional quality,"The word ""note"" appears in a sentence whose detected domain is ""Software/IT"".
  Candidate sense 1: [Healthcare] a promise to pay a specified amount on demand or at a certain time (context similarity=0.34)
  Candidate sense 2: [Software/IT] a characteristic emotional quality (context similarity=0.33)
Classified as INTER-DOMAIN ambiguity: the top two candidate senses belong to different application domains (""Healthcare"" vs. ""Software/IT"")."
distribute,distributed,Checks received from insurance companies can be entered here and distributed to cover the appropriate encounters.,Finance/Business,0.889,0.936,0.8,0.0,True,Intra-Domain,Software/IT,"be distributed or spread, as in statistical analyses",Software/IT,cause be distributed,"The word ""distribute"" appears in a sentence whose detected domain is ""Finance/Business"".
  Candidate sense 1: [Software/IT] be distributed or spread, as in statistical analyses (context similarity=0.12)
  Candidate sense 2: [Software/IT] cause be distributed (context similarity=0.11)
Classified as INTRA-DOMAIN ambiguity: the top two candidate senses both belong to the ""Software/IT"" domain but represent distinct concepts."
change,change,The system shall provide the ability to finalize a note  i.e.  change the status of the note from in progress to complete so that any subsequent changes are recorded as such.,Software/IT,0.888,0.935,0.8,0.0,True,Intra-Domain,Software/IT,"give to, and receive from, one another",Software/IT,change from one vehicle or transportation line to another,"The word ""change"" appears in a sentence whose detected domain is ""Software/IT"".
  Candidate sense 1: [Software/IT] give to, and receive from, one another (context similarity=0.11)
  Candidate sense 2: [Software/IT] change from one vehicle or transportation line to another (context similarity=0.09)
Classified as INTRA-DOMAIN ambiguity: the top two candidate senses both belong to the ""Software/IT"" domain but represent distinct concepts."
day,day,The patient  UAP  or personal representative tries to enter more than one weight data point or more than one pedometer data point for the day and is told additional data cannot be entered.,Software/IT,0.888,0.935,0.8,0.5,True,Intra-Domain,Software/IT,some point or period in time,Software/IT,a day assigned to a particular purpose or observance,"The word ""day"" appears in a sentence whose detected domain is ""Software/IT"".
  Candidate sense 1: [Software/IT] some point or period in time (context similarity=0.14)
  Candidate sense 2: [Software/IT] a day assigned to a particular purpose or observance (context similarity=0.13)
Classified as INTRA-DOMAIN ambiguity: the top two candidate senses both belong to the ""Software/IT"" domain but represent distinct concepts."
time,time,The Board may extend the initial 30 day period for a period of time not to exceed 30 days if a party files with the Board a request for an extension within the initial 30 day period and shows good cause.,Software/IT,0.887,0.933,0.8,0.0,True,Intra-Domain,Software/IT,the period of time a prisoner is imprisoned,Software/IT,an indefinite period (usually marked by specific attributes or activities),"The word ""time"" appears in a sentence whose detected domain is ""Software/IT"".
  Candidate sense 1: [Software/IT] the period of time a prisoner is imprisoned (context similarity=0.19)
  Candidate sense 2: [Software/IT] an indefinite period (usually marked by specific attributes or activities) (context similarity=0.16)
Classified as INTRA-DOMAIN ambiguity: the top two candidate senses both belong to the ""Software/IT"" domain but represent distinct concepts."
home,home,The presented patient information shall include each patient's name and home phone number so that reminder calls can be made.,Healthcare,0.886,0.986,0.7,1.0,True,Inter-Domain,Legal/Regulatory,an environment offering affection and security,Software/IT,an institution where people are cared for,"The word ""home"" appears in a sentence whose detected domain is ""Healthcare"".
  Candidate sense 1: [Legal/Regulatory] an environment offering affection and security (context similarity=0.18)
  Candidate sense 2: [Software/IT] an institution where people are cared for (context similarity=0.18)
Classified as INTER-DOMAIN ambiguity: the top two candidate senses belong to different application domains (""Legal/Regulatory"" vs. ""Software/IT"")."
rule,Rule,Backup strategies not only should be compliant with HIPAA Security Rule specifications but with other regulations that oversee financial data (credit cards.),Legal/Regulatory,0.883,0.82,1.0,0.0,True,Intra-Domain,Legal/Regulatory,any one of a systematic body of regulations defining the way of life of members of a religious order,Legal/Regulatory,(linguistics) a rule describing (or prescribing) a linguistic practice,"The word ""rule"" appears in a sentence whose detected domain is ""Legal/Regulatory"".
  Candidate sense 1: [Legal/Regulatory] any one of a systematic body of regulations defining the way of life of members of a religious order (context similarity=0.18)
  Candidate sense 2: [Legal/Regulatory] (linguistics) a rule describing (or prescribing) a linguistic practice (context similarity=0.13)
Classified as INTRA-DOMAIN ambiguity: the top two candidate senses both belong to the ""Legal/Regulatory"" domain but represent distinct concepts."
form,forms,The system has the capability to generate 3D or 2D bar-coding labels  recodes  forms and MARs.,Software/IT,0.883,0.82,1.0,0.5,True,Inter-Domain,Software/IT,a mold for setting concrete,Healthcare,the phonological or orthographic sound or appearance of a word that can be used to describe or identify something,"The word ""form"" appears in a sentence whose detected domain is ""Software/IT"".
  Candidate sense 1: [Software/IT] a mold for setting concrete (context similarity=0.08)
  Candidate sense 2: [Healthcare] the phonological or orthographic sound or appearance of a word that can be used to describe or identify something (context similarity=0.05)
Classified as INTER-DOMAIN ambiguity: the top two candidate senses belong to different application domains (""Software/IT"" vs. ""Healthcare"")."
range,range,For example  any in the range of 100-199 are for use case one  any in the range of 200-299 are in use case two.,Software/IT,0.882,0.98,0.7,0.0,True,Intra-Domain,Software/IT,the limits within which something can be effective,Software/IT,a variety of different things or activities,"The word ""range"" appears in a sentence whose detected domain is ""Software/IT"".
  Candidate sense 1: [Software/IT] the limits within which something can be effective (context similarity=0.33)
  Candidate sense 2: [Software/IT] a variety of different things or activities (context similarity=0.32)
Classified as INTRA-DOMAIN ambiguity: the top two candidate senses both belong to the ""Software/IT"" domain but represent distinct concepts."
range,range,For example  any in the range of 100-199 are for use case one  any in the range of 200-299 are in use case two.,Software/IT,0.882,0.98,0.7,0.0,True,Intra-Domain,Software/IT,the limits within which something can be effective,Software/IT,a variety of different things or activities,"The word ""range"" appears in a sentence whose detected domain is ""Software/IT"".
  Candidate sense 1: [Software/IT] the limits within which something can be effective (context similarity=0.33)
  Candidate sense 2: [Software/IT] a variety of different things or activities (context similarity=0.32)
Classified as INTRA-DOMAIN ambiguity: the top two candidate senses both belong to the ""Software/IT"" domain but represent distinct concepts."
range,range,The Appointments Report ('Reports > Visits > Appointments') gives you a list of appointments for a given provider  or for all providers  in a specified date range.,Healthcare,0.882,0.98,0.7,0.0,True,Intra-Domain,Software/IT,the limits within which something can be effective,Software/IT,a variety of different things or activities,"The word ""range"" appears in a sentence whose detected domain is ""Healthcare"".
  Candidate sense 1: [Software/IT] the limits within which something can be effective (context similarity=0.10)
  Candidate sense 2: [Software/IT] a variety of different things or activities (context similarity=0.10)
Classified as INTRA-DOMAIN ambiguity: the top two candidate senses both belong to the ""Software/IT"" domain but represent distinct concepts."
range,range,The solution should provide the ability to automatically alert the provider if contraindications to the ordered dosage range are identified.,Healthcare,0.882,0.98,0.7,0.0,True,Intra-Domain,Software/IT,the limits within which something can be effective,Software/IT,a variety of different things or activities,"The word ""range"" appears in a sentence whose detected domain is ""Healthcare"".
  Candidate sense 1: [Software/IT] the limits within which something can be effective (context similarity=0.15)
  Candidate sense 2: [Software/IT] a variety of different things or activities (context similarity=0.14)
Classified as INTRA-DOMAIN ambiguity: the top two candidate senses both belong to the ""Software/IT"" domain but represent distinct concepts."
deal,dealing,(1) 26 U.S.C. 6011(b)  which is the portion of the Internal Revenue Code dealing with identifying the taxpayer in tax returns and statements  or corresponding provisions of prior law.,Finance/Business,0.882,0.819,1.0,0.5,True,Intra-Domain,Software/IT,give out as one's portion or share,Software/IT,distribute cards to the players in a game,"The word ""deal"" appears in a sentence whose detected domain is ""Finance/Business"".
  Candidate sense 1: [Software/IT] give out as one's portion or share (context similarity=0.12)
  Candidate sense 2: [Software/IT] distribute cards to the players in a game (context similarity=0.09)
Classified as INTRA-DOMAIN ambiguity: the top two candidate senses both belong to the ""Software/IT"" domain but represent distinct concepts."
reference,reference,(Incorporated by reference in Â§162.920).,Software/IT,0.881,0.925,0.8,0.0,True,Intra-Domain,Software/IT,an indicator that orients you generally,Software/IT,a book to which you can refer for authoritative facts,"The word ""reference"" appears in a sentence whose detected domain is ""Software/IT"".
  Candidate sense 1: [Software/IT] an indicator that orients you generally (context similarity=0.42)
  Candidate sense 2: [Software/IT] a book to which you can refer for authoritative facts (context similarity=0.36)
Classified as INTRA-DOMAIN ambiguity: the top two candidate senses both belong to the ""Software/IT"" domain but represent distinct concepts."
reference,reference,The Healthcare Information Technology Standards Panel (HITSP) Summary Documents Using HL7 CCD Component HITSP or C32 (incorporated by reference in Â§ 170.299).,General,0.881,0.925,0.8,0.0,True,Intra-Domain,Software/IT,an indicator that orients you generally,Software/IT,a book to which you can refer for authoritative facts,"The word ""reference"" appears in a sentence whose detected domain is ""General"".
  Candidate sense 1: [Software/IT] an indicator that orients you generally (context similarity=0.14)
  Candidate sense 2: [Software/IT] a book to which you can refer for authoritative facts (context similarity=0.12)
Classified as INTRA-DOMAIN ambiguity: the top two candidate senses both belong to the ""Software/IT"" domain but represent distinct concepts."
reference,reference,(a) Operate its certification program in accordance with ISO or IEC Guide 65:1996 (incorporated by reference in Â§ 170.499) and testing program in accordance with ISO or IEC 17025:2005 (incorporated by reference in Â§ 170.499);,Legal/Regulatory,0.881,0.925,0.8,0.0,True,Intra-Domain,Software/IT,an indicator that orients you generally,Software/IT,a book to which you can refer for authoritative facts,"The word ""reference"" appears in a sentence whose detected domain is ""Legal/Regulatory"".
  Candidate sense 1: [Software/IT] an indicator that orients you generally (context similarity=0.21)
  Candidate sense 2: [Software/IT] a book to which you can refer for authoritative facts (context similarity=0.18)
Classified as INTRA-DOMAIN ambiguity: the top two candidate senses both belong to the ""Software/IT"" domain but represent distinct concepts."
reference,reference,(a) Operate its certification program in accordance with ISO or IEC Guide 65:1996 (incorporated by reference in Â§ 170.499) and testing program in accordance with ISO or IEC 17025:2005 (incorporated by reference in Â§ 170.499);,Legal/Regulatory,0.881,0.925,0.8,0.0,True,Intra-Domain,Software/IT,an indicator that orients you generally,Software/IT,a book to which you can refer for authoritative facts,"The word ""reference"" appears in a sentence whose detected domain is ""Legal/Regulatory"".
  Candidate sense 1: [Software/IT] an indicator that orients you generally (context similarity=0.21)
  Candidate sense 2: [Software/IT] a book to which you can refer for authoritative facts (context similarity=0.18)
Classified as INTRA-DOMAIN ambiguity: the top two candidate senses both belong to the ""Software/IT"" domain but represent distinct concepts."
business,business,(g) Allow ONC  or its authorized agents(s)  to periodically observe on site (unannounced or scheduled) during normal business hours  any testing possibly and possibly certification performed to demonstrate compliance with the requirements of the temporary certification program;,Legal/Regulatory,0.881,0.979,0.7,0.5,True,Inter-Domain,General,incidental activity performed by an actor for dramatic effect,Software/IT,a commercial or industrial enterprise and the people who constitute it,"The word ""business"" appears in a sentence whose detected domain is ""Legal/Regulatory"".
  Candidate sense 1: [General] incidental activity performed by an actor for dramatic effect (context similarity=0.11)
  Candidate sense 2: [Software/IT] a commercial or industrial enterprise and the people who constitute it (context similarity=0.11)
Classified as INTER-DOMAIN ambiguity: the top two candidate senses belong to different application domains (""General"" vs. ""Software/IT"")."
reference,Reference,3.2.6.6 Reference document.,General,0.881,0.925,0.8,0.0,True,Intra-Domain,Software/IT,an indicator that orients you generally,Software/IT,a book to which you can refer for authoritative facts,"The word ""reference"" appears in a sentence whose detected domain is ""General"".
  Candidate sense 1: [Software/IT] an indicator that orients you generally (context similarity=0.49)
  Candidate sense 2: [Software/IT] a book to which you can refer for authoritative facts (context similarity=0.42)
Classified as INTRA-DOMAIN ambiguity: the top two candidate senses both belong to the ""Software/IT"" domain but represent distinct concepts."
reference,reference,Â§ 170.499   Incorporation by reference.,Software/IT,0.881,0.925,0.8,0.0,True,Intra-Domain,Software/IT,an indicator that orients you generally,Software/IT,a book to which you can refer for authoritative facts,"The word ""reference"" appears in a sentence whose detected domain is ""Software/IT"".
  Candidate sense 1: [Software/IT] an indicator that orients you generally (context similarity=0.41)
  Candidate sense 2: [Software/IT] a book to which you can refer for authoritative facts (context similarity=0.35)
Classified as INTRA-DOMAIN ambiguity: the top two candidate senses both belong to the ""Software/IT"" domain but represent distinct concepts."
reference,Reference,3.2.21.6 Reference document.,General,0.881,0.925,0.8,0.0,True,Intra-Domain,Software/IT,an indicator that orients you generally,Software/IT,a book to which you can refer for authoritative facts,"The word ""reference"" appears in a sentence whose detected domain is ""General"".
  Candidate sense 1: [Software/IT] an indicator that orients you generally (context similarity=0.49)
  Candidate sense 2: [Software/IT] a book to which you can refer for authoritative facts (context similarity=0.42)
Classified as INTRA-DOMAIN ambiguity: the top two candidate senses both belong to the ""Software/IT"" domain but represent distinct concepts."
reference,reference,(incorporated by reference in Â§ 170.299).,Software/IT,0.881,0.925,0.8,0.0,True,Intra-Domain,Software/IT,an indicator that orients you generally,Software/IT,a book to which you can refer for authoritative facts,"The word ""reference"" appears in a sentence whose detected domain is ""Software/IT"".
  Candidate sense 1: [Software/IT] an indicator that orients you generally (context similarity=0.42)
  Candidate sense 2: [Software/IT] a book to which you can refer for authoritative facts (context similarity=0.36)
Classified as INTRA-DOMAIN ambiguity: the top two candidate senses both belong to the ""Software/IT"" domain but represent distinct concepts."
section,section,In this section we'll discuss setting up a provider's schedule in the calendar and adding patient appointments.,Healthcare,0.881,0.818,1.0,0.0,True,Intra-Domain,Software/IT,a specialized division of a large organization,Software/IT,a segment of a citrus fruit,"The word ""section"" appears in a sentence whose detected domain is ""Healthcare"".
  Candidate sense 1: [Software/IT] a specialized division of a large organization (context similarity=0.16)
  Candidate sense 2: [Software/IT] a segment of a citrus fruit (context similarity=0.11)
Classified as INTRA-DOMAIN ambiguity: the top two candidate senses both belong to the ""Software/IT"" domain but represent distinct concepts."
reference,reference,We suggest you print this screen for future reference.,Software/IT,0.881,0.925,0.8,0.0,True,Intra-Domain,Software/IT,an indicator that orients you generally,Software/IT,a book to which you can refer for authoritative facts,"The word ""reference"" appears in a sentence whose detected domain is ""Software/IT"".
  Candidate sense 1: [Software/IT] an indicator that orients you generally (context similarity=0.27)
  Candidate sense 2: [Software/IT] a book to which you can refer for authoritative facts (context similarity=0.23)
Classified as INTRA-DOMAIN ambiguity: the top two candidate senses both belong to the ""Software/IT"" domain but represent distinct concepts."
day,days,(A) CMS determines the Medicare share fraction for an eligible hospital by using the number of Medicare Part A  Medicare Part C  and total acute care inpatient-bed-days using data from the Medicare cost report as specified by CMS.,General,0.88,0.924,0.8,0.5,True,Inter-Domain,Software/IT,some point or period in time,General,an era of existence or influence,"The word ""day"" appears in a sentence whose detected domain is ""General"".
  Candidate sense 1: [Software/IT] some point or period in time (context similarity=0.06)
  Candidate sense 2: [General] an era of existence or influence (context similarity=0.05)
Classified as INTER-DOMAIN ambiguity: the top two candidate senses belong to different application domains (""Software/IT"" vs. ""General"")."
day,days,The request for a hearing must be mailed within 90 days after notice of the proposed determination is received by the respondent.,Software/IT,0.88,0.924,0.8,0.5,True,Inter-Domain,Software/IT,some point or period in time,General,an era of existence or influence,"The word ""day"" appears in a sentence whose detected domain is ""Software/IT"".
  Candidate sense 1: [Software/IT] some point or period in time (context similarity=0.12)
  Candidate sense 2: [General] an era of existence or influence (context similarity=0.11)
Classified as INTER-DOMAIN ambiguity: the top two candidate senses belong to different application domains (""Software/IT"" vs. ""General"")."
day,days,(5) If service of a ruling or decision issued under this section is by mail  the date of service will be deemed to be 5 days from the date of mailing.,Software/IT,0.88,0.924,0.8,0.5,True,Inter-Domain,Software/IT,some point or period in time,General,an era of existence or influence,"The word ""day"" appears in a sentence whose detected domain is ""Software/IT"".
  Candidate sense 1: [Software/IT] some point or period in time (context similarity=0.10)
  Candidate sense 2: [General] an era of existence or influence (context similarity=0.09)
Classified as INTER-DOMAIN ambiguity: the top two candidate senses belong to different application domains (""Software/IT"" vs. ""General"")."
day,days,The User agrees  to notify CMS within fifteen (15) days of any change of custodianship.,Software/IT,0.88,0.924,0.8,0.5,True,Inter-Domain,Software/IT,some point or period in time,General,an era of existence or influence,"The word ""day"" appears in a sentence whose detected domain is ""Software/IT"".
  Candidate sense 1: [Software/IT] some point or period in time (context similarity=0.14)
  Candidate sense 2: [General] an era of existence or influence (context similarity=0.12)
Classified as INTER-DOMAIN ambiguity: the top two candidate senses belong to different application domains (""Software/IT"" vs. ""General"")."
day,days,If the National Coordinator receives a timely reconsideration request  the National Coordinator is permitted up to 15 days from the date of receipt to review the information submitted by the applicant and issue a decision.,General,0.88,0.924,0.8,0.5,True,Inter-Domain,Software/IT,some point or period in time,General,an era of existence or influence,"The word ""day"" appears in a sentence whose detected domain is ""General"".
  Candidate sense 1: [Software/IT] some point or period in time (context similarity=0.08)
  Candidate sense 2: [General] an era of existence or influence (context similarity=0.07)
Classified as INTER-DOMAIN ambiguity: the top two candidate senses belong to different application domains (""Software/IT"" vs. ""General"")."
case,case,The Disputes System shall provide the users the ability to view the history of all activities that have occurred on the dispute case.,Healthcare,0.877,0.811,1.0,0.5,True,Intra-Domain,General,the actual state of things,General,an occurrence of something,"The word ""case"" appears in a sentence whose detected domain is ""Healthcare"".
  Candidate sense 1: [General] the actual state of things (context similarity=0.24)
  Candidate sense 2: [General] an occurrence of something (context similarity=0.16)
Classified as INTRA-DOMAIN ambiguity: the top two candidate senses both belong to the ""General"" domain but represent distinct concepts."
find,find,95% of Adjusters and Collision Estimators shall find the product easy to use.,Software/IT,0.876,0.809,1.0,0.0,True,Intra-Domain,Software/IT,"establish after a calculation, investigation, experiment, survey, or study",Software/IT,"accept and make use of one's personality, abilities, and situation","The word ""find"" appears in a sentence whose detected domain is ""Software/IT"".
  Candidate sense 1: [Software/IT] establish after a calculation, investigation, experiment, survey, or study (context similarity=0.06)
  Candidate sense 2: [Software/IT] accept and make use of one's personality, abilities, and situation (context similarity=0.04)
Classified as INTRA-DOMAIN ambiguity: the top two candidate senses both belong to the ""Software/IT"" domain but represent distinct concepts."
time,time,The solution should present an alert via warnings of orders that should be inappropriate or contraindicated for specific patients at the time of provider order entry.,Healthcare,0.876,0.917,0.8,0.0,True,Intra-Domain,Software/IT,an indefinite period (usually marked by specific attributes or activities),Software/IT,a period of time considered as a resource under your control and sufficient to accomplish something,"The word ""time"" appears in a sentence whose detected domain is ""Healthcare"".
  Candidate sense 1: [Software/IT] an indefinite period (usually marked by specific attributes or activities) (context similarity=0.15)
  Candidate sense 2: [Software/IT] a period of time considered as a resource under your control and sufficient to accomplish something (context similarity=0.13)
Classified as INTRA-DOMAIN ambiguity: the top two candidate senses both belong to the ""Software/IT"" domain but represent distinct concepts."
stamp,stamp,The solution should provide audit capabilities indicating the time stamp for an object or data extraction in accordance with user's scope or practice  organizational policy  or jurisdictional law.,Legal/Regulatory,0.876,0.971,0.7,1.0,True,Inter-Domain,Finance/Business,a small piece of adhesive paper that is put on an object to show that a government tax has been paid,Software/IT,a type or class,"The word ""stamp"" appears in a sentence whose detected domain is ""Legal/Regulatory"".
  Candidate sense 1: [Finance/Business] a small piece of adhesive paper that is put on an object to show that a government tax has been paid (context similarity=0.16)
  Candidate sense 2: [Software/IT] a type or class (context similarity=0.15)
Classified as INTER-DOMAIN ambiguity: the top two candidate senses belong to different application domains (""Finance/Business"" vs. ""Software/IT"")."
image,image,The solution should display a link to an image associated with results.,Software/IT,0.874,0.968,0.7,0.0,True,Intra-Domain,Software/IT,an iconic mental representation,Software/IT,the general impression that something (a person or organization or product) presents to the public,"The word ""image"" appears in a sentence whose detected domain is ""Software/IT"".
  Candidate sense 1: [Software/IT] an iconic mental representation (context similarity=0.24)
  Candidate sense 2: [Software/IT] the general impression that something (a person or organization or product) presents to the public (context similarity=0.22)
Classified as INTRA-DOMAIN ambiguity: the top two candidate senses both belong to the ""Software/IT"" domain but represent distinct concepts."
capacity,capacity,The Proposer shall monitor the computing systems (24 by 7) and communications circuits to report and alert on compromised system health  security  availability and capacity.,General,0.874,0.968,0.7,0.0,True,Intra-Domain,Software/IT,capability to perform or produce,Software/IT,tolerance for alcohol,"The word ""capacity"" appears in a sentence whose detected domain is ""General"".
  Candidate sense 1: [Software/IT] capability to perform or produce (context similarity=0.15)
  Candidate sense 2: [Software/IT] tolerance for alcohol (context similarity=0.14)
Classified as INTRA-DOMAIN ambiguity: the top two candidate senses both belong to the ""Software/IT"" domain but represent distinct concepts."
form,form,(3) A health care provider who transmits any health information in electronic form in connection with a transaction covered by this subchapter.,Healthcare,0.874,0.806,1.0,0.5,True,Inter-Domain,General,a printed document with spaces in which to write,Software/IT,an ability to perform well,"The word ""form"" appears in a sentence whose detected domain is ""Healthcare"".
  Candidate sense 1: [General] a printed document with spaces in which to write (context similarity=0.14)
  Candidate sense 2: [Software/IT] an ability to perform well (context similarity=0.10)
Classified as INTER-DOMAIN ambiguity: the top two candidate senses belong to different application domains (""General"" vs. ""Software/IT"")."
system,system,Finalizing is the act of publishing into the system in a way that others may access information that has changed.,General,0.874,0.968,0.7,0.5,True,Intra-Domain,Software/IT,a complex of methods or rules governing behavior,Software/IT,an organized structure for arranging or classifying,"The word ""system"" appears in a sentence whose detected domain is ""General"".
  Candidate sense 1: [Software/IT] a complex of methods or rules governing behavior (context similarity=0.08)
  Candidate sense 2: [Software/IT] an organized structure for arranging or classifying (context similarity=0.08)
Classified as INTRA-DOMAIN ambiguity: the top two candidate senses both belong to the ""Software/IT"" domain but represent distinct concepts."
form,Form,Enter the appropriate information and click 'Save Form' to return to the Encounter summary page.,Healthcare,0.874,0.806,1.0,0.5,True,Inter-Domain,General,a printed document with spaces in which to write,Software/IT,an ability to perform well,"The word ""form"" appears in a sentence whose detected domain is ""Healthcare"".
  Candidate sense 1: [General] a printed document with spaces in which to write (context similarity=0.17)
  Candidate sense 2: [Software/IT] an ability to perform well (context similarity=0.11)
Classified as INTER-DOMAIN ambiguity: the top two candidate senses belong to different application domains (""General"" vs. ""Software/IT"")."
business,business,A covered entity must mitigate  to the extent practicable  any harmful effect that is known to the covered entity of a use or  disclosure of protected health information in violation of its policies and procedures or the requirements of this subpart by the covered entity or its business associate.,General,0.872,0.965,0.7,0.5,True,Inter-Domain,Software/IT,a commercial or industrial enterprise and the people who constitute it,General,incidental activity performed by an actor for dramatic effect,"The word ""business"" appears in a sentence whose detected domain is ""General"".
  Candidate sense 1: [Software/IT] a commercial or industrial enterprise and the people who constitute it (context similarity=0.11)
  Candidate sense 2: [General] incidental activity performed by an actor for dramatic effect (context similarity=0.10)
Classified as INTER-DOMAIN ambiguity: the top two candidate senses belong to different application domains (""Software/IT"" vs. ""General"")."
action,action,(ii) If an action  activity or assessment is required by this subpart to be documented  maintain a written (which may be electronic) record of the action  activity  or assessment.,General,0.871,0.909,0.8,0.0,True,Intra-Domain,General,the state of being active,General,the most important or interesting work or activity in a specific area or field,"The word ""action"" appears in a sentence whose detected domain is ""General"".
  Candidate sense 1: [General] the state of being active (context similarity=0.28)
  Candidate sense 2: [General] the most important or interesting work or activity in a specific area or field (context similarity=0.23)
Classified as INTRA-DOMAIN ambiguity: the top two candidate senses both belong to the ""General"" domain but represent distinct concepts."
action,action,(ii) If an action  activity or assessment is required by this subpart to be documented  maintain a written (which may be electronic) record of the action  activity  or assessment.,General,0.871,0.909,0.8,0.0,True,Intra-Domain,General,the state of being active,General,the most important or interesting work or activity in a specific area or field,"The word ""action"" appears in a sentence whose detected domain is ""General"".
  Candidate sense 1: [General] the state of being active (context similarity=0.28)
  Candidate sense 2: [General] the most important or interesting work or activity in a specific area or field (context similarity=0.23)
Classified as INTRA-DOMAIN ambiguity: the top two candidate senses both belong to the ""General"" domain but represent distinct concepts."
exchange,Exchange,HL7 IN 1.6 Secure Data Exchange,Software/IT,0.87,0.854,0.9,0.5,True,Inter-Domain,General,a mutual expression of views (especially an unpleasant one),Software/IT,a workplace that serves as a telecommunications facility where lines from telephones can be connected together to permit communication,"The word ""exchange"" appears in a sentence whose detected domain is ""Software/IT"".
  Candidate sense 1: [General] a mutual expression of views (especially an unpleasant one) (context similarity=0.29)
  Candidate sense 2: [Software/IT] a workplace that serves as a telecommunications facility where lines from telephones can be connected together to permit communication (context similarity=0.22)
Classified as INTER-DOMAIN ambiguity: the top two candidate senses belong to different application domains (""General"" vs. ""Software/IT"")."
business,business,(i) Establish the permitted and required uses and disclosures of such information by the business associate.,General,0.868,0.958,0.7,0.0,True,Intra-Domain,Software/IT,a commercial or industrial enterprise and the people who constitute it,Software/IT,business concerns collectively,"The word ""business"" appears in a sentence whose detected domain is ""General"".
  Candidate sense 1: [Software/IT] a commercial or industrial enterprise and the people who constitute it (context similarity=0.23)
  Candidate sense 2: [Software/IT] business concerns collectively (context similarity=0.21)
Classified as INTRA-DOMAIN ambiguity: the top two candidate senses both belong to the ""Software/IT"" domain but represent distinct concepts."
business,business,(iii) A covered entity that violates the satisfactory assurances it provided as a business associate of another covered entity will be in noncompliance with the standards  implementation specifications  and requirements of this paragraph and Â§164.504(e).,General,0.868,0.958,0.7,0.0,True,Intra-Domain,Software/IT,a commercial or industrial enterprise and the people who constitute it,Software/IT,business concerns collectively,"The word ""business"" appears in a sentence whose detected domain is ""General"".
  Candidate sense 1: [Software/IT] a commercial or industrial enterprise and the people who constitute it (context similarity=0.13)
  Candidate sense 2: [Software/IT] business concerns collectively (context similarity=0.12)
Classified as INTRA-DOMAIN ambiguity: the top two candidate senses both belong to the ""Software/IT"" domain but represent distinct concepts."
section,section,Nothing contained in this section may be interpreted to require the creation of a document  except that requested data stored in an electronic data storage system must be produced in a form accessible to the requesting party.,Software/IT,0.868,0.797,1.0,0.5,True,Inter-Domain,Healthcare,a self-contained part of a larger composition (written or musical),Software/IT,a segment of a citrus fruit,"The word ""section"" appears in a sentence whose detected domain is ""Software/IT"".
  Candidate sense 1: [Healthcare] a self-contained part of a larger composition (written or musical) (context similarity=0.13)
  Candidate sense 2: [Software/IT] a segment of a citrus fruit (context similarity=0.08)
Classified as INTER-DOMAIN ambiguity: the top two candidate senses belong to different application domains (""Healthcare"" vs. ""Software/IT"")."
drop,drop,"Note that one of the selections in the drop down list of insurance companies is ""Default""; you can use this to fill in default numbers for insurance companies not otherwise entered.",Finance/Business,0.867,0.957,0.7,0.0,True,Intra-Domain,Software/IT,the act of dropping something,Software/IT,a small indefinite quantity (especially of a liquid); ; ; ; --Kipling,"The word ""drop"" appears in a sentence whose detected domain is ""Finance/Business"".
  Candidate sense 1: [Software/IT] the act of dropping something (context similarity=0.10)
  Candidate sense 2: [Software/IT] a small indefinite quantity (especially of a liquid); ; ; ; --Kipling (context similarity=0.09)
Classified as INTRA-DOMAIN ambiguity: the top two candidate senses both belong to the ""Software/IT"" domain but represent distinct concepts."
order,Ordering,The system has the capability for an automatic pre-notification to Ordering Clinicians that order will stop.,Legal/Regulatory,0.864,0.952,0.7,0.0,True,Intra-Domain,Software/IT,bring order to or into,Software/IT,place in a certain order,"The word ""order"" appears in a sentence whose detected domain is ""Legal/Regulatory"".
  Candidate sense 1: [Software/IT] bring order to or into (context similarity=0.19)
  Candidate sense 2: [Software/IT] place in a certain order (context similarity=0.18)
Classified as INTRA-DOMAIN ambiguity: the top two candidate senses both belong to the ""Software/IT"" domain but represent distinct concepts."
order,ordered,(c) The ALJ must issue an order containing the matters agreed upon by the parties or ordered by the ALJ at a prehearing conference.,Software/IT,0.864,0.952,0.7,0.0,True,Intra-Domain,Software/IT,bring order to or into,Software/IT,place in a certain order,"The word ""order"" appears in a sentence whose detected domain is ""Software/IT"".
  Candidate sense 1: [Software/IT] bring order to or into (context similarity=0.15)
  Candidate sense 2: [Software/IT] place in a certain order (context similarity=0.14)
Classified as INTRA-DOMAIN ambiguity: the top two candidate senses both belong to the ""Software/IT"" domain but represent distinct concepts."
security,Security,Backup strategies not only should be compliant with HIPAA Security Rule specifications but with other regulations that oversee financial data (credit cards.),Legal/Regulatory,0.862,0.949,0.7,0.5,True,Inter-Domain,Legal/Regulatory,a department responsible for the security of the institution's property and workers,Finance/Business,defense against financial failure; financial independence,"The word ""security"" appears in a sentence whose detected domain is ""Legal/Regulatory"".
  Candidate sense 1: [Legal/Regulatory] a department responsible for the security of the institution's property and workers (context similarity=0.18)
  Candidate sense 2: [Finance/Business] defense against financial failure; financial independence (context similarity=0.16)
Classified as INTER-DOMAIN ambiguity: the top two candidate senses belong to different application domains (""Legal/Regulatory"" vs. ""Finance/Business"")."
credit,credit,Backup strategies not only should be compliant with HIPAA Security Rule specifications but with other regulations that oversee financial data (credit cards.),Legal/Regulatory,0.862,0.95,0.7,1.0,True,Inter-Domain,General,used in the phrase `to your credit' in order to indicate an achievement deserving praise,Finance/Business,"an estimate, based on previous dealings, of a person's or an organization's ability to fulfill their financial commitments","The word ""credit"" appears in a sentence whose detected domain is ""Legal/Regulatory"".
  Candidate sense 1: [General] used in the phrase `to your credit' in order to indicate an achievement deserving praise (context similarity=0.17)
  Candidate sense 2: [Finance/Business] an estimate, based on previous dealings, of a person's or an organization's ability to fulfill their financial commitments (context similarity=0.16)
Classified as INTER-DOMAIN ambiguity: the top two candidate senses belong to different application domains (""General"" vs. ""Finance/Business"")."
note,notes,Enable a user to electronically record  change  access  and search electronic notes.,Software/IT,0.861,0.948,0.7,1.0,True,Inter-Domain,General,a brief written record,Networking,a comment or instruction (usually added),"The word ""note"" appears in a sentence whose detected domain is ""Software/IT"".
  Candidate sense 1: [General] a brief written record (context similarity=0.07)
  Candidate sense 2: [Networking] a comment or instruction (usually added) (context similarity=0.06)
Classified as INTER-DOMAIN ambiguity: the top two candidate senses belong to different application domains (""General"" vs. ""Networking"")."
action,action,The solution should provide the ability to document the choice of action in response to care plan suggestions.,General,0.861,0.894,0.8,0.0,True,Intra-Domain,General,a military engagement,General,an act by a government body or supranational organization,"The word ""action"" appears in a sentence whose detected domain is ""General"".
  Candidate sense 1: [General] a military engagement (context similarity=0.16)
  Candidate sense 2: [General] an act by a government body or supranational organization (context similarity=0.13)
Classified as INTRA-DOMAIN ambiguity: the top two candidate senses both belong to the ""General"" domain but represent distinct concepts."
receive,receive,In order to receive a payment under this part  a provider must report the required data under subpart A and this subpart within the EHR reporting period described in Â§ 495.4.,General,0.86,0.784,1.0,0.5,True,Inter-Domain,Finance/Business,get something; come into possession of,Software/IT,receive as a retribution or punishment,"The word ""receive"" appears in a sentence whose detected domain is ""General"".
  Candidate sense 1: [Finance/Business] get something; come into possession of (context similarity=0.22)
  Candidate sense 2: [Software/IT] receive as a retribution or punishment (context similarity=0.14)
Classified as INTER-DOMAIN ambiguity: the top two candidate senses belong to different application domains (""Finance/Business"" vs. ""Software/IT"")."
observe,observe,(g) Allow ONC  or its authorized agents(s)  to periodically observe on site (unannounced or scheduled) during normal business hours  any testing possibly and possibly certification performed to demonstrate compliance with the requirements of the temporary certification program;,Legal/Regulatory,0.86,0.947,0.7,0.5,True,Inter-Domain,Software/IT,watch attentively,Healthcare,observe with care or pay close attention to,"The word ""observe"" appears in a sentence whose detected domain is ""Legal/Regulatory"".
  Candidate sense 1: [Software/IT] watch attentively (context similarity=0.10)
  Candidate sense 2: [Healthcare] observe with care or pay close attention to (context similarity=0.09)
Classified as INTER-DOMAIN ambiguity: the top two candidate senses belong to different application domains (""Software/IT"" vs. ""Healthcare"")."
development,development,An ONC-ACB must provide remote certification for both development and deployment sites.,Legal/Regulatory,0.859,0.945,0.7,0.5,True,Intra-Domain,Healthcare,act of improving by expanding or enlarging or refining,Healthcare,a state in which things are improving; the result of developing (as in the early part of a game of chess),"The word ""development"" appears in a sentence whose detected domain is ""Legal/Regulatory"".
  Candidate sense 1: [Healthcare] act of improving by expanding or enlarging or refining (context similarity=0.17)
  Candidate sense 2: [Healthcare] a state in which things are improving; the result of developing (as in the early part of a game of chess) (context similarity=0.15)
Classified as INTRA-DOMAIN ambiguity: the top two candidate senses both belong to the ""Healthcare"" domain but represent distinct concepts."
control,control,(2) Whether the violation was beyond the direct control of the covered entity.,General,0.859,0.837,0.9,0.5,True,Inter-Domain,Software/IT,power to direct or determine,General,the activity of managing or exerting control over something,"The word ""control"" appears in a sentence whose detected domain is ""General"".
  Candidate sense 1: [Software/IT] power to direct or determine (context similarity=0.38)
  Candidate sense 2: [General] the activity of managing or exerting control over something (context similarity=0.27)
Classified as INTER-DOMAIN ambiguity: the top two candidate senses belong to different application domains (""Software/IT"" vs. ""General"")."
development,Development,The product shall comply with City of Chicago Application Development Guide Framework.,Software/IT,0.859,0.945,0.7,0.5,True,Intra-Domain,Healthcare,act of improving by expanding or enlarging or refining,Healthcare,a state in which things are improving; the result of developing (as in the early part of a game of chess),"The word ""development"" appears in a sentence whose detected domain is ""Software/IT"".
  Candidate sense 1: [Healthcare] act of improving by expanding or enlarging or refining (context similarity=0.17)
  Candidate sense 2: [Healthcare] a state in which things are improving; the result of developing (as in the early part of a game of chess) (context similarity=0.15)
Classified as INTRA-DOMAIN ambiguity: the top two candidate senses both belong to the ""Healthcare"" domain but represent distinct concepts."
mass,mass,The system has the ability to support disaster or mass casualties and disaster triage.,Software/IT,0.859,0.945,0.7,0.5,True,Inter-Domain,General,a body of matter without definite shape,Software/IT,a musical setting for a Mass,"The word ""mass"" appears in a sentence whose detected domain is ""Software/IT"".
  Candidate sense 1: [General] a body of matter without definite shape (context similarity=0.18)
  Candidate sense 2: [Software/IT] a musical setting for a Mass (context similarity=0.16)
Classified as INTER-DOMAIN ambiguity: the top two candidate senses belong to different application domains (""General"" vs. ""Software/IT"")."
image,images,Electronically indicate to a user the availability of a patient's images and narrative interpretations (relating to the radiographic or other diagnostic test(s)) and enable electronic access to such images and narrative interpretations.,Healthcare,0.858,0.943,0.7,0.5,True,Inter-Domain,Software/IT,an iconic mental representation,General,a visual representation (of an object or scene or person or abstraction) produced on a surface,"The word ""image"" appears in a sentence whose detected domain is ""Healthcare"".
  Candidate sense 1: [Software/IT] an iconic mental representation (context similarity=0.09)
  Candidate sense 2: [General] a visual representation (of an object or scene or person or abstraction) produced on a surface (context similarity=0.08)
Classified as INTER-DOMAIN ambiguity: the top two candidate senses belong to different application domains (""Software/IT"" vs. ""General"")."
date,date,The Appointments Report ('Reports > Visits > Appointments') gives you a list of appointments for a given provider  or for all providers  in a specified date range.,Healthcare,0.858,0.997,0.6,0.5,True,Inter-Domain,Legal/Regulatory,a particular day specified as the time something happens,Software/IT,a participant in a date,"The word ""date"" appears in a sentence whose detected domain is ""Healthcare"".
  Candidate sense 1: [Legal/Regulatory] a particular day specified as the time something happens (context similarity=0.13)
  Candidate sense 2: [Software/IT] a participant in a date (context similarity=0.13)
Classified as INTER-DOMAIN ambiguity: the top two candidate senses belong to different application domains (""Legal/Regulatory"" vs. ""Software/IT"")."
record,Record,The solution should conform to function IN.2.4 (Extraction of Health Record Information)  to support data extraction across the complete health record of an individual.,Software/IT,0.858,0.997,0.6,0.5,True,Intra-Domain,Healthcare,the sum of recognized accomplishments,Healthcare,a compilation of the known facts regarding something or someone,"The word ""record"" appears in a sentence whose detected domain is ""Software/IT"".
  Candidate sense 1: [Healthcare] the sum of recognized accomplishments (context similarity=0.26)
  Candidate sense 2: [Healthcare] a compilation of the known facts regarding something or someone (context similarity=0.26)
Classified as INTRA-DOMAIN ambiguity: the top two candidate senses both belong to the ""Healthcare"" domain but represent distinct concepts."
record,record,The solution should conform to function IN.2.4 (Extraction of Health Record Information)  to support data extraction across the complete health record of an individual.,Software/IT,0.858,0.997,0.6,0.5,True,Intra-Domain,Healthcare,the sum of recognized accomplishments,Healthcare,a compilation of the known facts regarding something or someone,"The word ""record"" appears in a sentence whose detected domain is ""Software/IT"".
  Candidate sense 1: [Healthcare] the sum of recognized accomplishments (context similarity=0.26)
  Candidate sense 2: [Healthcare] a compilation of the known facts regarding something or someone (context similarity=0.26)
Classified as INTRA-DOMAIN ambiguity: the top two candidate senses both belong to the ""Healthcare"" domain but represent distinct concepts."
panel,Panel,The Healthcare Information Technology Standards Panel (HITSP) Summary Documents Using HL7 CCD Component HITSP or C32 ASTM E2369 Standard.,Legal/Regulatory,0.858,0.997,0.6,0.0,True,Intra-Domain,Software/IT,electrical device consisting of a flat insulated surface that contains switches and dials and meters for controlling other electrical devices,Software/IT,sheet that forms a distinct (usually flat and rectangular) section or component of something,"The word ""panel"" appears in a sentence whose detected domain is ""Legal/Regulatory"".
  Candidate sense 1: [Software/IT] electrical device consisting of a flat insulated surface that contains switches and dials and meters for controlling other electrical devices (context similarity=0.12)
  Candidate sense 2: [Software/IT] sheet that forms a distinct (usually flat and rectangular) section or component of something (context similarity=0.12)
Classified as INTRA-DOMAIN ambiguity: the top two candidate senses both belong to the ""Software/IT"" domain but represent distinct concepts."
image,images,Electronically indicate to a user the availability of a patient's images and narrative interpretations (relating to the radiographic or other diagnostic test(s)) and enable electronic access to such images and narrative interpretations.,Healthcare,0.858,0.943,0.7,0.5,True,Inter-Domain,Software/IT,an iconic mental representation,General,a visual representation (of an object or scene or person or abstraction) produced on a surface,"The word ""image"" appears in a sentence whose detected domain is ""Healthcare"".
  Candidate sense 1: [Software/IT] an iconic mental representation (context similarity=0.09)
  Candidate sense 2: [General] a visual representation (of an object or scene or person or abstraction) produced on a surface (context similarity=0.08)
Classified as INTER-DOMAIN ambiguity: the top two candidate senses belong to different application domains (""Software/IT"" vs. ""General"")."
panel,Panel,The Healthcare Information Technology Standards Panel (HITSP) Summary Documents Using HL7 CCD Component HITSP or C32 (incorporated by reference in Â§ 170.299).,General,0.858,0.997,0.6,0.0,True,Intra-Domain,Software/IT,electrical device consisting of a flat insulated surface that contains switches and dials and meters for controlling other electrical devices,Software/IT,sheet that forms a distinct (usually flat and rectangular) section or component of something,"The word ""panel"" appears in a sentence whose detected domain is ""General"".
  Candidate sense 1: [Software/IT] electrical device consisting of a flat insulated surface that contains switches and dials and meters for controlling other electrical devices (context similarity=0.12)
  Candidate sense 2: [Software/IT] sheet that forms a distinct (usually flat and rectangular) section or component of something (context similarity=0.12)
Classified as INTRA-DOMAIN ambiguity: the top two candidate senses both belong to the ""Software/IT"" domain but represent distinct concepts."
follow,follows,An authorization for use or disclosure of protected health information may not be combined with any other document to create a compound authorization  except as follows:,Legal/Regulatory,0.856,0.779,1.0,0.0,True,Intra-Domain,Software/IT,be later in time,Software/IT,come as a logical consequence; follow logically,"The word ""follow"" appears in a sentence whose detected domain is ""Legal/Regulatory"".
  Candidate sense 1: [Software/IT] be later in time (context similarity=0.10)
  Candidate sense 2: [Software/IT] come as a logical consequence; follow logically (context similarity=0.06)
Classified as INTRA-DOMAIN ambiguity: the top two candidate senses both belong to the ""Software/IT"" domain but represent distinct concepts."
follow,follows,Federal FY for which the hospital receives an incentive payment under subpart D of this part  regardless of whether the year immediately follows the prior payment year.,Finance/Business,0.856,0.779,1.0,0.0,True,Intra-Domain,Software/IT,be later in time,Software/IT,come as a logical consequence; follow logically,"The word ""follow"" appears in a sentence whose detected domain is ""Finance/Business"".
  Candidate sense 1: [Software/IT] be later in time (context similarity=0.08)
  Candidate sense 2: [Software/IT] come as a logical consequence; follow logically (context similarity=0.05)
Classified as INTRA-DOMAIN ambiguity: the top two candidate senses both belong to the ""Software/IT"" domain but represent distinct concepts."
date,DATE,ESTIMATED STUDY COMPLETION DATE:,Software/IT,0.855,0.992,0.6,0.0,True,Intra-Domain,Software/IT,a participant in a date,Software/IT,a particular but unspecified point in time,"The word ""date"" appears in a sentence whose detected domain is ""Software/IT"".
  Candidate sense 1: [Software/IT] a participant in a date (context similarity=0.30)
  Candidate sense 2: [Software/IT] a particular but unspecified point in time (context similarity=0.29)
Classified as INTRA-DOMAIN ambiguity: the top two candidate senses both belong to the ""Software/IT"" domain but represent distinct concepts."
date,date,(5) If service of a ruling or decision issued under this section is by mail  the date of service will be deemed to be 5 days from the date of mailing.,Software/IT,0.855,0.992,0.6,0.0,True,Intra-Domain,Software/IT,a participant in a date,Software/IT,a particular but unspecified point in time,"The word ""date"" appears in a sentence whose detected domain is ""Software/IT"".
  Candidate sense 1: [Software/IT] a participant in a date (context similarity=0.31)
  Candidate sense 2: [Software/IT] a particular but unspecified point in time (context similarity=0.31)
Classified as INTRA-DOMAIN ambiguity: the top two candidate senses both belong to the ""Software/IT"" domain but represent distinct concepts."
date,date,The system shall provide the ability to access demographic information such as name  date of birth and gender needed for patient care functions.,Healthcare,0.855,0.992,0.6,0.0,True,Intra-Domain,Software/IT,a participant in a date,Software/IT,a particular but unspecified point in time,"The word ""date"" appears in a sentence whose detected domain is ""Healthcare"".
  Candidate sense 1: [Software/IT] a participant in a date (context similarity=0.18)
  Candidate sense 2: [Software/IT] a particular but unspecified point in time (context similarity=0.18)
Classified as INTRA-DOMAIN ambiguity: the top two candidate senses both belong to the ""Software/IT"" domain but represent distinct concepts."
link,link,The solution should display a link to an image associated with results.,Software/IT,0.855,0.938,0.7,0.5,True,Inter-Domain,Networking,a two-way radio communication system (usually microwave); part of a more extensive telecommunication network,Software/IT,an interconnecting circuit between two or more locations for the purpose of transmitting and receiving data,"The word ""link"" appears in a sentence whose detected domain is ""Software/IT"".
  Candidate sense 1: [Networking] a two-way radio communication system (usually microwave); part of a more extensive telecommunication network (context similarity=0.22)
  Candidate sense 2: [Software/IT] an interconnecting circuit between two or more locations for the purpose of transmitting and receiving data (context similarity=0.19)
Classified as INTER-DOMAIN ambiguity: the top two candidate senses belong to different application domains (""Networking"" vs. ""Software/IT"")."
program,program,(c) Maintain a training program that includes documented procedures and training requirements to ensure its personnel are competent to certify HIT;,Software/IT,0.855,0.992,0.6,0.0,True,Intra-Domain,Software/IT,(computer science) a sequence of instructions that a computer can interpret and execute,Software/IT,a system of projects or services intended to meet a public need,"The word ""program"" appears in a sentence whose detected domain is ""Software/IT"".
  Candidate sense 1: [Software/IT] (computer science) a sequence of instructions that a computer can interpret and execute (context similarity=0.10)
  Candidate sense 2: [Software/IT] a system of projects or services intended to meet a public need (context similarity=0.10)
Classified as INTRA-DOMAIN ambiguity: the top two candidate senses both belong to the ""Software/IT"" domain but represent distinct concepts."
date,date,(5) If service of a ruling or decision issued under this section is by mail  the date of service will be deemed to be 5 days from the date of mailing.,Software/IT,0.855,0.992,0.6,0.0,True,Intra-Domain,Software/IT,a participant in a date,Software/IT,a particular but unspecified point in time,"The word ""date"" appears in a sentence whose detected domain is ""Software/IT"".
  Candidate sense 1: [Software/IT] a participant in a date (context similarity=0.31)
  Candidate sense 2: [Software/IT] a particular but unspecified point in time (context similarity=0.31)
Classified as INTRA-DOMAIN ambiguity: the top two candidate senses both belong to the ""Software/IT"" domain but represent distinct concepts."
discharge,discharge,(1) For the first through 1 149th discharge  $0.,Healthcare,0.855,0.939,0.7,0.5,True,Inter-Domain,Healthcare,any of several bodily processes by which substances go out of the body,General,the sudden giving off of energy,"The word ""discharge"" appears in a sentence whose detected domain is ""Healthcare"".
  Candidate sense 1: [Healthcare] any of several bodily processes by which substances go out of the body (context similarity=0.47)
  Candidate sense 2: [General] the sudden giving off of energy (context similarity=0.41)
Classified as INTER-DOMAIN ambiguity: the top two candidate senses belong to different application domains (""Healthcare"" vs. ""General"")."
date,date,The solution should provide the ability to capture onset date of problem.,Healthcare,0.855,0.992,0.6,0.0,True,Intra-Domain,Software/IT,a participant in a date,Software/IT,a particular but unspecified point in time,"The word ""date"" appears in a sentence whose detected domain is ""Healthcare"".
  Candidate sense 1: [Software/IT] a participant in a date (context similarity=0.25)
  Candidate sense 2: [Software/IT] a particular but unspecified point in time (context similarity=0.24)
Classified as INTRA-DOMAIN ambiguity: the top two candidate senses both belong to the ""Software/IT"" domain but represent distinct concepts."
date,date,If the National Coordinator receives a timely reconsideration request  the National Coordinator is permitted up to 15 days from the date of receipt to review the information submitted by the applicant and issue a decision.,General,0.855,0.992,0.6,0.0,True,Intra-Domain,Software/IT,a participant in a date,Software/IT,a particular but unspecified point in time,"The word ""date"" appears in a sentence whose detected domain is ""General"".
  Candidate sense 1: [Software/IT] a participant in a date (context similarity=0.12)
  Candidate sense 2: [Software/IT] a particular but unspecified point in time (context similarity=0.12)
Classified as INTRA-DOMAIN ambiguity: the top two candidate senses both belong to the ""Software/IT"" domain but represent distinct concepts."
date,date,The system has the capability to view progress notes in chronological or reverse chronological order by encounter date in relation to the active care plan.,Healthcare,0.855,0.992,0.6,0.0,True,Intra-Domain,Software/IT,a participant in a date,Software/IT,a particular but unspecified point in time,"The word ""date"" appears in a sentence whose detected domain is ""Healthcare"".
  Candidate sense 1: [Software/IT] a participant in a date (context similarity=0.15)
  Candidate sense 2: [Software/IT] a particular but unspecified point in time (context similarity=0.15)
Classified as INTRA-DOMAIN ambiguity: the top two candidate senses both belong to the ""Software/IT"" domain but represent distinct concepts."
date,date,the office visit date should link to the patient's view of the office visit (UC9).,Healthcare,0.855,0.992,0.6,0.0,True,Intra-Domain,Software/IT,a participant in a date,Software/IT,a particular but unspecified point in time,"The word ""date"" appears in a sentence whose detected domain is ""Healthcare"".
  Candidate sense 1: [Software/IT] a participant in a date (context similarity=0.19)
  Candidate sense 2: [Software/IT] a particular but unspecified point in time (context similarity=0.19)
Classified as INTRA-DOMAIN ambiguity: the top two candidate senses both belong to the ""Software/IT"" domain but represent distinct concepts."
cover,covered,(2) Whether the violation was beyond the direct control of the covered entity.,General,0.854,0.775,1.0,0.0,True,Intra-Domain,Software/IT,form a cover over,Software/IT,invest with a large or excessive amount of something,"The word ""cover"" appears in a sentence whose detected domain is ""General"".
  Candidate sense 1: [Software/IT] form a cover over (context similarity=0.20)
  Candidate sense 2: [Software/IT] invest with a large or excessive amount of something (context similarity=0.13)
Classified as INTRA-DOMAIN ambiguity: the top two candidate senses both belong to the ""Software/IT"" domain but represent distinct concepts."
program,Program,Program Administrators and Nursing Staff Members shall be able to add a new clinical site into the system.,Software/IT,0.852,0.987,0.6,0.0,True,Intra-Domain,Software/IT,an integrated course of academic studies,Software/IT,a system of projects or services intended to meet a public need,"The word ""program"" appears in a sentence whose detected domain is ""Software/IT"".
  Candidate sense 1: [Software/IT] an integrated course of academic studies (context similarity=0.13)
  Candidate sense 2: [Software/IT] a system of projects or services intended to meet a public need (context similarity=0.12)
Classified as INTRA-DOMAIN ambiguity: the top two candidate senses both belong to the ""Software/IT"" domain but represent distinct concepts."
section,section,The system will notify affected parties when changes occur affecting classes  including but not limited to class cancellations  class section detail changes  and changes to class offerings for a given quarter.,Software/IT,0.852,0.772,1.0,0.0,True,Intra-Domain,Software/IT,a division of an orchestra containing all instruments of the same class,Software/IT,a small class of students who are part of a larger course but are taught separately,"The word ""section"" appears in a sentence whose detected domain is ""Software/IT"".
  Candidate sense 1: [Software/IT] a division of an orchestra containing all instruments of the same class (context similarity=0.19)
  Candidate sense 2: [Software/IT] a small class of students who are part of a larger course but are taught separately (context similarity=0.12)
Classified as INTRA-DOMAIN ambiguity: the top two candidate senses both belong to the ""Software/IT"" domain but represent distinct concepts."
security,security,The Proposer shall monitor the computing systems (24 by 7) and communications circuits to report and alert on compromised system health  security  availability and capacity.,General,0.851,0.933,0.7,0.0,True,Intra-Domain,Legal/Regulatory,a department responsible for the security of the institution's property and workers,Legal/Regulatory,an electrical device that sets off an alarm when someone tries to break in,"The word ""security"" appears in a sentence whose detected domain is ""General"".
  Candidate sense 1: [Legal/Regulatory] a department responsible for the security of the institution's property and workers (context similarity=0.17)
  Candidate sense 2: [Legal/Regulatory] an electrical device that sets off an alarm when someone tries to break in (context similarity=0.15)
Classified as INTRA-DOMAIN ambiguity: the top two candidate senses both belong to the ""Legal/Regulatory"" domain but represent distinct concepts."
subject,subject,(ii) To the individual who is the subject of the individually identifiable health information.,General,0.851,0.986,0.6,0.5,True,Intra-Domain,Software/IT,the subject matter of a conversation or discussion,Software/IT,a branch of knowledge,"The word ""subject"" appears in a sentence whose detected domain is ""General"".
  Candidate sense 1: [Software/IT] the subject matter of a conversation or discussion (context similarity=0.16)
  Candidate sense 2: [Software/IT] a branch of knowledge (context similarity=0.16)
Classified as INTRA-DOMAIN ambiguity: the top two candidate senses both belong to the ""Software/IT"" domain but represent distinct concepts."
try,try,The administrator types an invalid code information and is prompted to try again.,General,0.851,0.932,0.7,0.0,True,Intra-Domain,Software/IT,put on a garment in order to see whether it fits and looks nice,Software/IT,take a sample of,"The word ""try"" appears in a sentence whose detected domain is ""General"".
  Candidate sense 1: [Software/IT] put on a garment in order to see whether it fits and looks nice (context similarity=0.21)
  Candidate sense 2: [Software/IT] take a sample of (context similarity=0.19)
Classified as INTRA-DOMAIN ambiguity: the top two candidate senses both belong to the ""Software/IT"" domain but represent distinct concepts."
begin,begins,Final payments are determined at the time of settling the first 12-month hospital cost report for the hospital fiscal year that begins on or after the first day of the payment year  and settled on the basis of data from that cost reporting period.,Finance/Business,0.851,0.878,0.8,0.5,True,Inter-Domain,Software/IT,have a beginning characterized in some specified way,General,"be the first item or point, constitute the beginning or start, come first in a series","The word ""begin"" appears in a sentence whose detected domain is ""Finance/Business"".
  Candidate sense 1: [Software/IT] have a beginning characterized in some specified way (context similarity=0.16)
  Candidate sense 2: [General] be the first item or point, constitute the beginning or start, come first in a series (context similarity=0.12)
Classified as INTER-DOMAIN ambiguity: the top two candidate senses belong to different application domains (""Software/IT"" vs. ""General"")."
case,Case,US Department of Health and Human Services Remote Monitoring Use Case.,Software/IT,0.851,0.771,1.0,0.0,True,Intra-Domain,Software/IT,a person requiring professional services,Software/IT,the quantity contained in a case,"The word ""case"" appears in a sentence whose detected domain is ""Software/IT"".
  Candidate sense 1: [Software/IT] a person requiring professional services (context similarity=0.26)
  Candidate sense 2: [Software/IT] the quantity contained in a case (context similarity=0.16)
Classified as INTRA-DOMAIN ambiguity: the top two candidate senses both belong to the ""Software/IT"" domain but represent distinct concepts."
security,Security,1102  1812(d)  1814(b)  1815  1833(a)  (i)  and (n)  1861(v)  1871  1881  1883  and 1886 of the Social Security Act (42 U.S.C. 1302  1395d(d)  1395f(b)  1395g  1395l(a)  (i)  and (n)  1395x(v)  1395hh  1395rr  1395tt  and 1395ww); and sec.,Legal/Regulatory,0.851,0.933,0.7,0.0,True,Intra-Domain,Legal/Regulatory,a department responsible for the security of the institution's property and workers,Legal/Regulatory,an electrical device that sets off an alarm when someone tries to break in,"The word ""security"" appears in a sentence whose detected domain is ""Legal/Regulatory"".
  Candidate sense 1: [Legal/Regulatory] a department responsible for the security of the institution's property and workers (context similarity=0.38)
  Candidate sense 2: [Legal/Regulatory] an electrical device that sets off an alarm when someone tries to break in (context similarity=0.34)
Classified as INTRA-DOMAIN ambiguity: the top two candidate senses both belong to the ""Legal/Regulatory"" domain but represent distinct concepts."
security,security,The solution should provide EMR security administrators with the ability to grant authorizations for roles according to scope of practice  organizational policy  or jurisdictional law.,Legal/Regulatory,0.851,0.933,0.7,0.0,True,Intra-Domain,Legal/Regulatory,a department responsible for the security of the institution's property and workers,Legal/Regulatory,an electrical device that sets off an alarm when someone tries to break in,"The word ""security"" appears in a sentence whose detected domain is ""Legal/Regulatory"".
  Candidate sense 1: [Legal/Regulatory] a department responsible for the security of the institution's property and workers (context similarity=0.17)
  Candidate sense 2: [Legal/Regulatory] an electrical device that sets off an alarm when someone tries to break in (context similarity=0.15)
Classified as INTRA-DOMAIN ambiguity: the top two candidate senses both belong to the ""Legal/Regulatory"" domain but represent distinct concepts."
space,space,Data Recipient shall have the right to use all Individually Identifiable Health Information (IIHI) provided to it by the Data Custodian for the Research  Public Health or Health Care Operations purposes as listed below (be brief but use as much space as necessary):,Software/IT,0.85,0.93,0.7,0.0,True,Intra-Domain,Software/IT,a blank area,Software/IT,an empty area (usually bounded in some way between things),"The word ""space"" appears in a sentence whose detected domain is ""Software/IT"".
  Candidate sense 1: [Software/IT] a blank area (context similarity=0.12)
  Candidate sense 2: [Software/IT] an empty area (usually bounded in some way between things) (context similarity=0.10)
Classified as INTRA-DOMAIN ambiguity: the top two candidate senses both belong to the ""Software/IT"" domain but represent distinct concepts."
action,action,The solution should support the recording of an intervention by the pharmacist  what drugs were involved  steps of action taken by the pharmacist  and possible effects.,General,0.85,0.878,0.8,0.0,True,Intra-Domain,General,a military engagement,General,the most important or interesting work or activity in a specific area or field,"The word ""action"" appears in a sentence whose detected domain is ""General"".
  Candidate sense 1: [General] a military engagement (context similarity=0.16)
  Candidate sense 2: [General] the most important or interesting work or activity in a specific area or field (context similarity=0.12)
Classified as INTRA-DOMAIN ambiguity: the top two candidate senses both belong to the ""General"" domain but represent distinct concepts."
date,date,Electronically record the time and date in accordance with the standard specified in Â§ 170.210(g)  and user identification when a medication is administered.,Healthcare,0.849,0.982,0.6,0.5,True,Inter-Domain,Legal/Regulatory,a particular day specified as the time something happens,Software/IT,a particular but unspecified point in time,"The word ""date"" appears in a sentence whose detected domain is ""Healthcare"".
  Candidate sense 1: [Legal/Regulatory] a particular day specified as the time something happens (context similarity=0.26)
  Candidate sense 2: [Software/IT] a particular but unspecified point in time (context similarity=0.25)
Classified as INTER-DOMAIN ambiguity: the top two candidate senses belong to different application domains (""Legal/Regulatory"" vs. ""Software/IT"")."
state,State,A State must select the methodology described in either paragraph (c) or paragraph (d) of section (or both methodologies).,Software/IT,0.848,0.981,0.6,0.5,True,Inter-Domain,General,the way something is with respect to its main attributes,Software/IT,a state of depression or agitation,"The word ""state"" appears in a sentence whose detected domain is ""Software/IT"".
  Candidate sense 1: [General] the way something is with respect to its main attributes (context similarity=0.12)
  Candidate sense 2: [Software/IT] a state of depression or agitation (context similarity=0.12)
Classified as INTER-DOMAIN ambiguity: the top two candidate senses belong to different application domains (""General"" vs. ""Software/IT"")."
state,State,Â§ 495.350 State Medicaid agency attestations.,Software/IT,0.848,0.981,0.6,0.5,True,Inter-Domain,General,the way something is with respect to its main attributes,Software/IT,a state of depression or agitation,"The word ""state"" appears in a sentence whose detected domain is ""Software/IT"".
  Candidate sense 1: [General] the way something is with respect to its main attributes (context similarity=0.19)
  Candidate sense 2: [Software/IT] a state of depression or agitation (context similarity=0.18)
Classified as INTER-DOMAIN ambiguity: the top two candidate senses belong to different application domains (""General"" vs. ""Software/IT"")."
change,changed,Finalizing is the act of publishing into the system in a way that others may access information that has changed.,General,0.847,0.873,0.8,0.0,True,Intra-Domain,Software/IT,undergo a change; become different in essence; losing one's or its original nature,Software/IT,change from one vehicle or transportation line to another,"The word ""change"" appears in a sentence whose detected domain is ""General"".
  Candidate sense 1: [Software/IT] undergo a change; become different in essence; losing one's or its original nature (context similarity=0.19)
  Candidate sense 2: [Software/IT] change from one vehicle or transportation line to another (context similarity=0.14)
Classified as INTRA-DOMAIN ambiguity: the top two candidate senses both belong to the ""Software/IT"" domain but represent distinct concepts."
apply,apply,Except as otherwise provided  the following definitions apply to this subchapter:,Software/IT,0.847,0.873,0.8,0.5,True,Inter-Domain,General,apply oneself to,Software/IT,apply to a surface,"The word ""apply"" appears in a sentence whose detected domain is ""Software/IT"".
  Candidate sense 1: [General] apply oneself to (context similarity=0.31)
  Candidate sense 2: [Software/IT] apply to a surface (context similarity=0.24)
Classified as INTER-DOMAIN ambiguity: the top two candidate senses belong to different application domains (""General"" vs. ""Software/IT"")."
know,known,The solution should provide the ability to interoperate with solutions that use known different versions of a terminology standard.,Legal/Regulatory,0.847,0.819,0.9,1.0,True,Inter-Domain,Software/IT,"be able to distinguish, recognize as being different",General,be familiar or acquainted with a person or an object,"The word ""know"" appears in a sentence whose detected domain is ""Legal/Regulatory"".
  Candidate sense 1: [Software/IT] be able to distinguish, recognize as being different (context similarity=0.10)
  Candidate sense 2: [General] be familiar or acquainted with a person or an object (context similarity=0.07)
Classified as INTER-DOMAIN ambiguity: the top two candidate senses belong to different application domains (""Software/IT"" vs. ""General"")."
green,green,Doing so brings up a lightbox containing several fields which are searchable (labeled in green).,Software/IT,0.847,0.98,0.6,0.0,True,Intra-Domain,Software/IT,an environmentalist who belongs to the Green Party,Software/IT,an area of closely cropped grass surrounding the hole on a golf course,"The word ""green"" appears in a sentence whose detected domain is ""Software/IT"".
  Candidate sense 1: [Software/IT] an environmentalist who belongs to the Green Party (context similarity=0.18)
  Candidate sense 2: [Software/IT] an area of closely cropped grass surrounding the hole on a golf course (context similarity=0.18)
Classified as INTRA-DOMAIN ambiguity: the top two candidate senses both belong to the ""Software/IT"" domain but represent distinct concepts."
column,column,The number with a '-' in the 'Prv' column indicates the number of insurance companies for which this invoice is awaiting payment.,Finance/Business,0.843,0.92,0.7,0.5,True,Inter-Domain,General,a vertical array of numbers or other information,Software/IT,an article giving opinions or perspectives,"The word ""column"" appears in a sentence whose detected domain is ""Finance/Business"".
  Candidate sense 1: [General] a vertical array of numbers or other information (context similarity=0.16)
  Candidate sense 2: [Software/IT] an article giving opinions or perspectives (context similarity=0.14)
Classified as INTER-DOMAIN ambiguity: the top two candidate senses belong to different application domains (""General"" vs. ""Software/IT"")."
board,Board,The Board may extend the initial 30 day period for a period of time not to exceed 30 days if a party files with the Board a request for an extension within the initial 30 day period and shows good cause.,Software/IT,0.843,0.92,0.7,0.5,True,Inter-Domain,Software/IT,a flat portable surface (usually rectangular) designed for board games,General,a vertical surface on which information can be displayed to public view,"The word ""board"" appears in a sentence whose detected domain is ""Software/IT"".
  Candidate sense 1: [Software/IT] a flat portable surface (usually rectangular) designed for board games (context similarity=0.21)
  Candidate sense 2: [General] a vertical surface on which information can be displayed to public view (context similarity=0.18)
Classified as INTER-DOMAIN ambiguity: the top two candidate senses belong to different application domains (""Software/IT"" vs. ""General"")."
board,Board,The Board may extend the initial 30 day period for a period of time not to exceed 30 days if a party files with the Board a request for an extension within the initial 30 day period and shows good cause.,Software/IT,0.843,0.92,0.7,0.5,True,Inter-Domain,Software/IT,a flat portable surface (usually rectangular) designed for board games,General,a vertical surface on which information can be displayed to public view,"The word ""board"" appears in a sentence whose detected domain is ""Software/IT"".
  Candidate sense 1: [Software/IT] a flat portable surface (usually rectangular) designed for board games (context similarity=0.21)
  Candidate sense 2: [General] a vertical surface on which information can be displayed to public view (context similarity=0.18)
Classified as INTER-DOMAIN ambiguity: the top two candidate senses belong to different application domains (""Software/IT"" vs. ""General"")."
number,number,The number with a '-' in the 'Prv' column indicates the number of insurance companies for which this invoice is awaiting payment.,Finance/Business,0.841,0.81,0.9,0.5,True,Intra-Domain,General,the number is used in calling a particular telephone,General,an item of merchandise offered for sale,"The word ""number"" appears in a sentence whose detected domain is ""Finance/Business"".
  Candidate sense 1: [General] the number is used in calling a particular telephone (context similarity=0.32)
  Candidate sense 2: [General] an item of merchandise offered for sale (context similarity=0.22)
Classified as INTRA-DOMAIN ambiguity: the top two candidate senses both belong to the ""General"" domain but represent distinct concepts."
bring,brings,Doing so brings up a lightbox containing several fields which are searchable (labeled in green).,Software/IT,0.841,0.81,0.9,0.5,True,Intra-Domain,Software/IT,take something or somebody with oneself somewhere,Software/IT,bestow a quality on,"The word ""bring"" appears in a sentence whose detected domain is ""Software/IT"".
  Candidate sense 1: [Software/IT] take something or somebody with oneself somewhere (context similarity=0.10)
  Candidate sense 2: [Software/IT] bestow a quality on (context similarity=0.07)
Classified as INTRA-DOMAIN ambiguity: the top two candidate senses both belong to the ""Software/IT"" domain but represent distinct concepts."
number,number,(iii) The number  type  and practice location(s) of providers who qualified for an incentive payment on the basis of demonstrating that they are meaningful users of certified EHR technology;,Finance/Business,0.841,0.81,0.9,0.5,True,Intra-Domain,General,the number is used in calling a particular telephone,General,an item of merchandise offered for sale,"The word ""number"" appears in a sentence whose detected domain is ""Finance/Business"".
  Candidate sense 1: [General] the number is used in calling a particular telephone (context similarity=0.14)
  Candidate sense 2: [General] an item of merchandise offered for sale (context similarity=0.09)
Classified as INTRA-DOMAIN ambiguity: the top two candidate senses both belong to the ""General"" domain but represent distinct concepts."
number,Number,(7) A multi-site hospital with one CMS Certification Number is considered one hospital for purposes of calculating payment.,Healthcare,0.841,0.81,0.9,0.5,True,Intra-Domain,General,the number is used in calling a particular telephone,General,an item of merchandise offered for sale,"The word ""number"" appears in a sentence whose detected domain is ""Healthcare"".
  Candidate sense 1: [General] the number is used in calling a particular telephone (context similarity=0.16)
  Candidate sense 2: [General] an item of merchandise offered for sale (context similarity=0.11)
Classified as INTRA-DOMAIN ambiguity: the top two candidate senses both belong to the ""General"" domain but represent distinct concepts."
bring,brings,This brings up the Edit Event window.,General,0.841,0.81,0.9,0.5,True,Intra-Domain,Software/IT,take something or somebody with oneself somewhere,Software/IT,bestow a quality on,"The word ""bring"" appears in a sentence whose detected domain is ""General"".
  Candidate sense 1: [Software/IT] take something or somebody with oneself somewhere (context similarity=0.16)
  Candidate sense 2: [Software/IT] bestow a quality on (context similarity=0.11)
Classified as INTRA-DOMAIN ambiguity: the top two candidate senses both belong to the ""Software/IT"" domain but represent distinct concepts."
number,number,The number with a '-' in the 'Prv' column indicates the number of insurance companies for which this invoice is awaiting payment.,Finance/Business,0.841,0.81,0.9,0.5,True,Intra-Domain,General,the number is used in calling a particular telephone,General,an item of merchandise offered for sale,"The word ""number"" appears in a sentence whose detected domain is ""Finance/Business"".
  Candidate sense 1: [General] the number is used in calling a particular telephone (context similarity=0.32)
  Candidate sense 2: [General] an item of merchandise offered for sale (context similarity=0.22)
Classified as INTRA-DOMAIN ambiguity: the top two candidate senses both belong to the ""General"" domain but represent distinct concepts."
show,shows,The Board may extend the initial 30 day period for a period of time not to exceed 30 days if a party files with the Board a request for an extension within the initial 30 day period and shows good cause.,Software/IT,0.84,0.754,1.0,0.0,True,Intra-Domain,Software/IT,be or become visible or noticeable,Software/IT,"give evidence of, as of records","The word ""show"" appears in a sentence whose detected domain is ""Software/IT"".
  Candidate sense 1: [Software/IT] be or become visible or noticeable (context similarity=0.09)
  Candidate sense 2: [Software/IT] give evidence of, as of records (context similarity=0.06)
Classified as INTRA-DOMAIN ambiguity: the top two candidate senses both belong to the ""Software/IT"" domain but represent distinct concepts."
enter,entered,The patient  UAP  or personal representative tries to enter more than one weight data point or more than one pedometer data point for the day and is told additional data cannot be entered.,Software/IT,0.84,0.916,0.7,0.5,True,Inter-Domain,Healthcare,become a participant; be involved in,Software/IT,to come or go into,"The word ""enter"" appears in a sentence whose detected domain is ""Software/IT"".
  Candidate sense 1: [Healthcare] become a participant; be involved in (context similarity=0.16)
  Candidate sense 2: [Software/IT] to come or go into (context similarity=0.14)
Classified as INTER-DOMAIN ambiguity: the top two candidate senses belong to different application domains (""Healthcare"" vs. ""Software/IT"")."
enter,enter,The patient  UAP  or personal representative tries to enter more than one weight data point or more than one pedometer data point for the day and is told additional data cannot be entered.,Software/IT,0.84,0.916,0.7,0.5,True,Inter-Domain,Healthcare,become a participant; be involved in,Software/IT,to come or go into,"The word ""enter"" appears in a sentence whose detected domain is ""Software/IT"".
  Candidate sense 1: [Healthcare] become a participant; be involved in (context similarity=0.16)
  Candidate sense 2: [Software/IT] to come or go into (context similarity=0.14)
Classified as INTER-DOMAIN ambiguity: the top two candidate senses belong to different application domains (""Healthcare"" vs. ""Software/IT"")."
program,program,(a) Operate its certification program in accordance with ISO or IEC Guide 65:1996 (incorporated by reference in Â§ 170.499) and testing program in accordance with ISO or IEC 17025:2005 (incorporated by reference in Â§ 170.499);,Legal/Regulatory,0.839,0.968,0.6,0.0,True,Intra-Domain,Software/IT,a system of projects or services intended to meet a public need,Software/IT,a radio or television show,"The word ""program"" appears in a sentence whose detected domain is ""Legal/Regulatory"".
  Candidate sense 1: [Software/IT] a system of projects or services intended to meet a public need (context similarity=0.14)
  Candidate sense 2: [Software/IT] a radio or television show (context similarity=0.14)
Classified as INTRA-DOMAIN ambiguity: the top two candidate senses both belong to the ""Software/IT"" domain but represent distinct concepts."
record,record,The solution should conform to Data Retention  Availability  and Destruction to provide the ability to inactivate  obsolete  or destroy structured health record information.,Software/IT,0.839,0.967,0.6,0.5,True,Intra-Domain,Healthcare,a compilation of the known facts regarding something or someone,Healthcare,the sum of recognized accomplishments,"The word ""record"" appears in a sentence whose detected domain is ""Software/IT"".
  Candidate sense 1: [Healthcare] a compilation of the known facts regarding something or someone (context similarity=0.15)
  Candidate sense 2: [Healthcare] the sum of recognized accomplishments (context similarity=0.14)
Classified as INTRA-DOMAIN ambiguity: the top two candidate senses both belong to the ""Healthcare"" domain but represent distinct concepts."
program,Program,These violations include  but are not limited to: false  fraudulent  or abusive activities that affect the ONC HIT Certification Program  a program administered by HHS  or any program administered by the Federal government.,Software/IT,0.839,0.968,0.6,0.0,True,Intra-Domain,Software/IT,a system of projects or services intended to meet a public need,Software/IT,a radio or television show,"The word ""program"" appears in a sentence whose detected domain is ""Software/IT"".
  Candidate sense 1: [Software/IT] a system of projects or services intended to meet a public need (context similarity=0.24)
  Candidate sense 2: [Software/IT] a radio or television show (context similarity=0.22)
Classified as INTRA-DOMAIN ambiguity: the top two candidate senses both belong to the ""Software/IT"" domain but represent distinct concepts."
program,program,These violations include  but are not limited to: false  fraudulent  or abusive activities that affect the ONC HIT Certification Program  a program administered by HHS  or any program administered by the Federal government.,Software/IT,0.839,0.968,0.6,0.0,True,Intra-Domain,Software/IT,a system of projects or services intended to meet a public need,Software/IT,a radio or television show,"The word ""program"" appears in a sentence whose detected domain is ""Software/IT"".
  Candidate sense 1: [Software/IT] a system of projects or services intended to meet a public need (context similarity=0.24)
  Candidate sense 2: [Software/IT] a radio or television show (context similarity=0.22)
Classified as INTRA-DOMAIN ambiguity: the top two candidate senses both belong to the ""Software/IT"" domain but represent distinct concepts."
program,program,These violations include  but are not limited to: False  fraudulent  or abusive activities that affect the temporary certification program  a program administered by HHS or any program administered by the Federal government.,Software/IT,0.839,0.968,0.6,0.0,True,Intra-Domain,Software/IT,a system of projects or services intended to meet a public need,Software/IT,a radio or television show,"The word ""program"" appears in a sentence whose detected domain is ""Software/IT"".
  Candidate sense 1: [Software/IT] a system of projects or services intended to meet a public need (context similarity=0.24)
  Candidate sense 2: [Software/IT] a radio or television show (context similarity=0.23)
Classified as INTRA-DOMAIN ambiguity: the top two candidate senses both belong to the ""Software/IT"" domain but represent distinct concepts."
program,program,(a) Operate its certification program in accordance with ISO or IEC Guide 65:1996 (incorporated by reference in Â§ 170.499) and testing program in accordance with ISO or IEC 17025:2005 (incorporated by reference in Â§ 170.499);,Legal/Regulatory,0.839,0.968,0.6,0.0,True,Intra-Domain,Software/IT,a system of projects or services intended to meet a public need,Software/IT,a radio or television show,"The word ""program"" appears in a sentence whose detected domain is ""Legal/Regulatory"".
  Candidate sense 1: [Software/IT] a system of projects or services intended to meet a public need (context similarity=0.14)
  Candidate sense 2: [Software/IT] a radio or television show (context similarity=0.14)
Classified as INTRA-DOMAIN ambiguity: the top two candidate senses both belong to the ""Software/IT"" domain but represent distinct concepts."
program,program,These violations include  but are not limited to: False  fraudulent  or abusive activities that affect the temporary certification program  a program administered by HHS or any program administered by the Federal government.,Software/IT,0.839,0.968,0.6,0.0,True,Intra-Domain,Software/IT,a system of projects or services intended to meet a public need,Software/IT,a radio or television show,"The word ""program"" appears in a sentence whose detected domain is ""Software/IT"".
  Candidate sense 1: [Software/IT] a system of projects or services intended to meet a public need (context similarity=0.24)
  Candidate sense 2: [Software/IT] a radio or television show (context similarity=0.23)
Classified as INTRA-DOMAIN ambiguity: the top two candidate senses both belong to the ""Software/IT"" domain but represent distinct concepts."
release,Release,(3) Health Level Seven Implementation Guide: Clinical Document Architecture (CDA) Release 2âContinuity of Care Document (CCD)  April 01  2007  IBR approved for Â§ 170.205.,General,0.839,0.752,1.0,0.5,True,Inter-Domain,General,a legal document evidencing the discharge of a debt or obligation,Software/IT,a device that when pressed will release part of a mechanism,"The word ""release"" appears in a sentence whose detected domain is ""General"".
  Candidate sense 1: [General] a legal document evidencing the discharge of a debt or obligation (context similarity=0.20)
  Candidate sense 2: [Software/IT] a device that when pressed will release part of a mechanism (context similarity=0.12)
Classified as INTER-DOMAIN ambiguity: the top two candidate senses belong to different application domains (""General"" vs. ""Software/IT"")."
program,program,These violations include  but are not limited to: False  fraudulent  or abusive activities that affect the temporary certification program  a program administered by HHS or any program administered by the Federal government.,Software/IT,0.839,0.968,0.6,0.0,True,Intra-Domain,Software/IT,a system of projects or services intended to meet a public need,Software/IT,a radio or television show,"The word ""program"" appears in a sentence whose detected domain is ""Software/IT"".
  Candidate sense 1: [Software/IT] a system of projects or services intended to meet a public need (context similarity=0.24)
  Candidate sense 2: [Software/IT] a radio or television show (context similarity=0.23)
Classified as INTRA-DOMAIN ambiguity: the top two candidate senses both belong to the ""Software/IT"" domain but represent distinct concepts."
record,record,The solution should provide the ability to append corrected unstructured health record information to the original unstructured health record information.,General,0.839,0.967,0.6,0.5,True,Intra-Domain,Healthcare,a compilation of the known facts regarding something or someone,Healthcare,the sum of recognized accomplishments,"The word ""record"" appears in a sentence whose detected domain is ""General"".
  Candidate sense 1: [Healthcare] a compilation of the known facts regarding something or someone (context similarity=0.25)
  Candidate sense 2: [Healthcare] the sum of recognized accomplishments (context similarity=0.23)
Classified as INTRA-DOMAIN ambiguity: the top two candidate senses both belong to the ""Healthcare"" domain but represent distinct concepts."
record,record,The solution should provide the ability to append corrected unstructured health record information to the original unstructured health record information.,General,0.839,0.967,0.6,0.5,True,Intra-Domain,Healthcare,a compilation of the known facts regarding something or someone,Healthcare,the sum of recognized accomplishments,"The word ""record"" appears in a sentence whose detected domain is ""General"".
  Candidate sense 1: [Healthcare] a compilation of the known facts regarding something or someone (context similarity=0.25)
  Candidate sense 2: [Healthcare] the sum of recognized accomplishments (context similarity=0.23)
Classified as INTRA-DOMAIN ambiguity: the top two candidate senses both belong to the ""Healthcare"" domain but represent distinct concepts."
program,program,These violations include  but are not limited to: false  fraudulent  or abusive activities that affect the ONC HIT Certification Program  a program administered by HHS  or any program administered by the Federal government.,Software/IT,0.839,0.968,0.6,0.0,True,Intra-Domain,Software/IT,a system of projects or services intended to meet a public need,Software/IT,a radio or television show,"The word ""program"" appears in a sentence whose detected domain is ""Software/IT"".
  Candidate sense 1: [Software/IT] a system of projects or services intended to meet a public need (context similarity=0.24)
  Candidate sense 2: [Software/IT] a radio or television show (context similarity=0.22)
Classified as INTRA-DOMAIN ambiguity: the top two candidate senses both belong to the ""Software/IT"" domain but represent distinct concepts."
right,right,(i) The protected health information is excepted from the right of access by paragraph (a)(1) of this section.,General,0.838,0.966,0.6,0.5,True,Inter-Domain,Software/IT,the piece of ground in the outfield on the catcher's right,General,location near or direction toward the right side; i.e. the side to the south when a person or object faces east,"The word ""right"" appears in a sentence whose detected domain is ""General"".
  Candidate sense 1: [Software/IT] the piece of ground in the outfield on the catcher's right (context similarity=0.18)
  Candidate sense 2: [General] location near or direction toward the right side; i.e. the side to the south when a person or object faces east (context similarity=0.17)
Classified as INTER-DOMAIN ambiguity: the top two candidate senses belong to different application domains (""Software/IT"" vs. ""General"")."
review,review,(2) A decision to remove the ONC-AA is final and not subject to further review unless the National Coordinator chooses to reconsider the removal.,Software/IT,0.837,0.857,0.8,0.5,True,Intra-Domain,Software/IT,an essay or article that gives a critical evaluation (as of a book or play),Software/IT,a formal or official examination,"The word ""review"" appears in a sentence whose detected domain is ""Software/IT"".
  Candidate sense 1: [Software/IT] an essay or article that gives a critical evaluation (as of a book or play) (context similarity=0.13)
  Candidate sense 2: [Software/IT] a formal or official examination (context similarity=0.10)
Classified as INTRA-DOMAIN ambiguity: the top two candidate senses both belong to the ""Software/IT"" domain but represent distinct concepts."
records,Records,The solution should provide the ability to attribute record and display the identity of all users contributing to or finalizing a document or note  including the date and time of entry (see appropriate criteria in IN.2.2 (Auditable Records)).,General,0.837,0.965,0.6,1.0,True,Inter-Domain,Finance/Business,a document that can serve as legal evidence of a transaction,General,anything (such as a document or a phonograph record or a photograph) providing permanent evidence of or information about past events,"The word ""records"" appears in a sentence whose detected domain is ""General"".
  Candidate sense 1: [Finance/Business] a document that can serve as legal evidence of a transaction (context similarity=0.14)
  Candidate sense 2: [General] anything (such as a document or a phonograph record or a photograph) providing permanent evidence of or information about past events (context similarity=0.13)
Classified as INTER-DOMAIN ambiguity: the top two candidate senses belong to different application domains (""Finance/Business"" vs. ""General"")."
record,record,The solution should provide the ability to attribute record and display the identity of all users contributing to or finalizing a document or note  including the date and time of entry (see appropriate criteria in IN.2.2 (Auditable Records)).,General,0.837,0.965,0.6,1.0,True,Inter-Domain,Finance/Business,a document that can serve as legal evidence of a transaction,General,anything (such as a document or a phonograph record or a photograph) providing permanent evidence of or information about past events,"The word ""record"" appears in a sentence whose detected domain is ""General"".
  Candidate sense 1: [Finance/Business] a document that can serve as legal evidence of a transaction (context similarity=0.14)
  Candidate sense 2: [General] anything (such as a document or a phonograph record or a photograph) providing permanent evidence of or information about past events (context similarity=0.13)
Classified as INTER-DOMAIN ambiguity: the top two candidate senses belong to different application domains (""Finance/Business"" vs. ""General"")."
record,record,Maintain an audit log of tracking numbers in a file that is treated as a business record of the organization.,Software/IT,0.833,0.959,0.6,0.0,True,Intra-Domain,Healthcare,the sum of recognized accomplishments,Healthcare,a compilation of the known facts regarding something or someone,"The word ""record"" appears in a sentence whose detected domain is ""Software/IT"".
  Candidate sense 1: [Healthcare] the sum of recognized accomplishments (context similarity=0.16)
  Candidate sense 2: [Healthcare] a compilation of the known facts regarding something or someone (context similarity=0.15)
Classified as INTRA-DOMAIN ambiguity: the top two candidate senses both belong to the ""Healthcare"" domain but represent distinct concepts."
record,record,The solution should provide the ability to obsolete  inactivate  nullify  destroy and archive a patient's record in accordance with local policies and procedures  as well as applicable laws and regulations.,Healthcare,0.833,0.959,0.6,0.0,True,Intra-Domain,Healthcare,the sum of recognized accomplishments,Healthcare,a compilation of the known facts regarding something or someone,"The word ""record"" appears in a sentence whose detected domain is ""Healthcare"".
  Candidate sense 1: [Healthcare] the sum of recognized accomplishments (context similarity=0.12)
  Candidate sense 2: [Healthcare] a compilation of the known facts regarding something or someone (context similarity=0.11)
Classified as INTRA-DOMAIN ambiguity: the top two candidate senses both belong to the ""Healthcare"" domain but represent distinct concepts."
record,record,The solution should provide the ability for a provider to verify the accuracy of patient-originated data for inclusion in the patient record.,Healthcare,0.833,0.959,0.6,0.0,True,Intra-Domain,Healthcare,the sum of recognized accomplishments,Healthcare,a compilation of the known facts regarding something or someone,"The word ""record"" appears in a sentence whose detected domain is ""Healthcare"".
  Candidate sense 1: [Healthcare] the sum of recognized accomplishments (context similarity=0.15)
  Candidate sense 2: [Healthcare] a compilation of the known facts regarding something or someone (context similarity=0.13)
Classified as INTRA-DOMAIN ambiguity: the top two candidate senses both belong to the ""Healthcare"" domain but represent distinct concepts."
screen,screen,This brings you to the main Billing screen.,Finance/Business,0.832,0.903,0.7,0.0,True,Intra-Domain,Software/IT,a white or silvered surface where pictures can be projected for viewing,Software/IT,the display that is electronically created on the surface of the large end of a cathode-ray tube,"The word ""screen"" appears in a sentence whose detected domain is ""Finance/Business"".
  Candidate sense 1: [Software/IT] a white or silvered surface where pictures can be projected for viewing (context similarity=0.25)
  Candidate sense 2: [Software/IT] the display that is electronically created on the surface of the large end of a cathode-ray tube (context similarity=0.21)
Classified as INTRA-DOMAIN ambiguity: the top two candidate senses both belong to the ""Software/IT"" domain but represent distinct concepts."
screen,screen,The login screen contains two input boxes: 'Username' and 'Password'.,Software/IT,0.832,0.903,0.7,0.0,True,Intra-Domain,Software/IT,a white or silvered surface where pictures can be projected for viewing,Software/IT,the display that is electronically created on the surface of the large end of a cathode-ray tube,"The word ""screen"" appears in a sentence whose detected domain is ""Software/IT"".
  Candidate sense 1: [Software/IT] a white or silvered surface where pictures can be projected for viewing (context similarity=0.17)
  Candidate sense 2: [Software/IT] the display that is electronically created on the surface of the large end of a cathode-ray tube (context similarity=0.14)
Classified as INTRA-DOMAIN ambiguity: the top two candidate senses both belong to the ""Software/IT"" domain but represent distinct concepts."
screen,screen,We suggest you print this screen for future reference.,Software/IT,0.832,0.903,0.7,0.0,True,Intra-Domain,Software/IT,a white or silvered surface where pictures can be projected for viewing,Software/IT,the display that is electronically created on the surface of the large end of a cathode-ray tube,"The word ""screen"" appears in a sentence whose detected domain is ""Software/IT"".
  Candidate sense 1: [Software/IT] a white or silvered surface where pictures can be projected for viewing (context similarity=0.24)
  Candidate sense 2: [Software/IT] the display that is electronically created on the surface of the large end of a cathode-ray tube (context similarity=0.19)
Classified as INTRA-DOMAIN ambiguity: the top two candidate senses both belong to the ""Software/IT"" domain but represent distinct concepts."
program,programs,(iii) Entities subject to government regulatory programs for which health information is necessary for determining compliance with program standards;,Legal/Regulatory,0.831,0.956,0.6,0.5,True,Inter-Domain,Software/IT,(computer science) a sequence of instructions that a computer can interpret and execute,General,an announcement of the events that will occur as part of a theatrical or sporting event,"The word ""program"" appears in a sentence whose detected domain is ""Legal/Regulatory"".
  Candidate sense 1: [Software/IT] (computer science) a sequence of instructions that a computer can interpret and execute (context similarity=0.13)
  Candidate sense 2: [General] an announcement of the events that will occur as part of a theatrical or sporting event (context similarity=0.12)
Classified as INTER-DOMAIN ambiguity: the top two candidate senses belong to different application domains (""Software/IT"" vs. ""General"")."
program,program,(iii) Entities subject to government regulatory programs for which health information is necessary for determining compliance with program standards;,Legal/Regulatory,0.831,0.956,0.6,0.5,True,Inter-Domain,Software/IT,(computer science) a sequence of instructions that a computer can interpret and execute,General,an announcement of the events that will occur as part of a theatrical or sporting event,"The word ""program"" appears in a sentence whose detected domain is ""Legal/Regulatory"".
  Candidate sense 1: [Software/IT] (computer science) a sequence of instructions that a computer can interpret and execute (context similarity=0.13)
  Candidate sense 2: [General] an announcement of the events that will occur as part of a theatrical or sporting event (context similarity=0.12)
Classified as INTER-DOMAIN ambiguity: the top two candidate senses belong to different application domains (""Software/IT"" vs. ""General"")."
change,change,An email informing the user of the password change is sent to the user including the MID but not the password.,Software/IT,0.828,0.842,0.8,1.0,True,Inter-Domain,Finance/Business,the action of changing something,General,an event that occurs when something passes from one state or phase to another,"The word ""change"" appears in a sentence whose detected domain is ""Software/IT"".
  Candidate sense 1: [Finance/Business] the action of changing something (context similarity=0.09)
  Candidate sense 2: [General] an event that occurs when something passes from one state or phase to another (context similarity=0.07)
Classified as INTER-DOMAIN ambiguity: the top two candidate senses belong to different application domains (""Finance/Business"" vs. ""General"")."
change,change,The User agrees  to notify CMS within fifteen (15) days of any change of custodianship.,Software/IT,0.828,0.842,0.8,1.0,True,Inter-Domain,Finance/Business,the action of changing something,General,an event that occurs when something passes from one state or phase to another,"The word ""change"" appears in a sentence whose detected domain is ""Software/IT"".
  Candidate sense 1: [Finance/Business] the action of changing something (context similarity=0.12)
  Candidate sense 2: [General] an event that occurs when something passes from one state or phase to another (context similarity=0.09)
Classified as INTER-DOMAIN ambiguity: the top two candidate senses belong to different application domains (""Finance/Business"" vs. ""General"")."
actions,Actions,Actions and statuses recorded in accordance with paragraph (d)(2)(i) of this section must not be capable of being changed  overwritten  or deleted by the EHR technology.,Software/IT,0.828,0.843,0.8,0.0,True,Intra-Domain,General,something done (usually as opposed to something said),General,the most important or interesting work or activity in a specific area or field,"The word ""actions"" appears in a sentence whose detected domain is ""Software/IT"".
  Candidate sense 1: [General] something done (usually as opposed to something said) (context similarity=0.08)
  Candidate sense 2: [General] the most important or interesting work or activity in a specific area or field (context similarity=0.06)
Classified as INTRA-DOMAIN ambiguity: the top two candidate senses both belong to the ""General"" domain but represent distinct concepts."
remove,remove,(2) A decision to remove the ONC-AA is final and not subject to further review unless the National Coordinator chooses to reconsider the removal.,Software/IT,0.828,0.95,0.6,0.0,True,Intra-Domain,Software/IT,remove from a position or an office,Software/IT,"remove something concrete, as by lifting, pushing, or taking off, or remove something abstract","The word ""remove"" appears in a sentence whose detected domain is ""Software/IT"".
  Candidate sense 1: [Software/IT] remove from a position or an office (context similarity=0.22)
  Candidate sense 2: [Software/IT] remove something concrete, as by lifting, pushing, or taking off, or remove something abstract (context similarity=0.20)
Classified as INTRA-DOMAIN ambiguity: the top two candidate senses both belong to the ""Software/IT"" domain but represent distinct concepts."
change,change,Enable a user to electronically record  change  access  and search electronic notes.,Software/IT,0.828,0.842,0.8,1.0,True,Inter-Domain,Finance/Business,the action of changing something,General,an event that occurs when something passes from one state or phase to another,"The word ""change"" appears in a sentence whose detected domain is ""Software/IT"".
  Candidate sense 1: [Finance/Business] the action of changing something (context similarity=0.13)
  Candidate sense 2: [General] an event that occurs when something passes from one state or phase to another (context similarity=0.09)
Classified as INTER-DOMAIN ambiguity: the top two candidate senses belong to different application domains (""Finance/Business"" vs. ""General"")."
action,actions,(ii) Establish the type of access to electronic health information a user is permitted based on the unique identifier(s) provided in paragraph (d)(1)(i) of this section  and the actions the user is permitted to perform with the EHR technology.,Software/IT,0.828,0.843,0.8,0.0,True,Intra-Domain,General,something done (usually as opposed to something said),General,the most important or interesting work or activity in a specific area or field,"The word ""action"" appears in a sentence whose detected domain is ""Software/IT"".
  Candidate sense 1: [General] something done (usually as opposed to something said) (context similarity=0.06)
  Candidate sense 2: [General] the most important or interesting work or activity in a specific area or field (context similarity=0.04)
Classified as INTRA-DOMAIN ambiguity: the top two candidate senses both belong to the ""General"" domain but represent distinct concepts."
rule,rules,The solution should provide the ability to configure rules defining abnormal trends.,Software/IT,0.827,0.734,1.0,0.0,True,Intra-Domain,Legal/Regulatory,any one of a systematic body of regulations defining the way of life of members of a religious order,Legal/Regulatory,directions that define the way a game or sport is to be conducted,"The word ""rule"" appears in a sentence whose detected domain is ""Software/IT"".
  Candidate sense 1: [Legal/Regulatory] any one of a systematic body of regulations defining the way of life of members of a religious order (context similarity=0.13)
  Candidate sense 2: [Legal/Regulatory] directions that define the way a game or sport is to be conducted (context similarity=0.07)
Classified as INTRA-DOMAIN ambiguity: the top two candidate senses both belong to the ""Legal/Regulatory"" domain but represent distinct concepts."
miss,miss,For each shot  the product shall notify the players whether the shot was a hit or miss.,Software/IT,0.827,0.896,0.7,0.0,True,Intra-Domain,Software/IT,leave undone or leave out,Software/IT,be absent,"The word ""miss"" appears in a sentence whose detected domain is ""Software/IT"".
  Candidate sense 1: [Software/IT] leave undone or leave out (context similarity=0.18)
  Candidate sense 2: [Software/IT] be absent (context similarity=0.15)
Classified as INTRA-DOMAIN ambiguity: the top two candidate senses both belong to the ""Software/IT"" domain but represent distinct concepts."
provide,provide,The solution should provide the ability to update diagnostic support rules.,Software/IT,0.824,0.998,0.5,1.0,True,Inter-Domain,General,take measures in preparation for,Software/IT,"give what is desired or needed, especially support, food or sustenance","The word ""provide"" appears in a sentence whose detected domain is ""Software/IT"".
  Candidate sense 1: [General] take measures in preparation for (context similarity=0.11)
  Candidate sense 2: [Software/IT] give what is desired or needed, especially support, food or sustenance (context similarity=0.11)
Classified as INTER-DOMAIN ambiguity: the top two candidate senses belong to different application domains (""General"" vs. ""Software/IT"")."
provide,provide,The solution should provide the ability to inactivate  obsolete  or destroy decision support rules.,Software/IT,0.824,0.998,0.5,1.0,True,Inter-Domain,General,take measures in preparation for,Software/IT,"give what is desired or needed, especially support, food or sustenance","The word ""provide"" appears in a sentence whose detected domain is ""Software/IT"".
  Candidate sense 1: [General] take measures in preparation for (context similarity=0.09)
  Candidate sense 2: [Software/IT] give what is desired or needed, especially support, food or sustenance (context similarity=0.09)
Classified as INTER-DOMAIN ambiguity: the top two candidate senses belong to different application domains (""General"" vs. ""Software/IT"")."
hit,HIT,These violations include  but are not limited to: false  fraudulent  or abusive activities that affect the ONC HIT Certification Program  a program administered by HHS  or any program administered by the Federal government.,Software/IT,0.823,0.997,0.5,0.0,True,Intra-Domain,Software/IT,a murder carried out by an underworld syndicate,Software/IT,(baseball) a successful stroke in an athletic contest (especially in baseball),"The word ""hit"" appears in a sentence whose detected domain is ""Software/IT"".
  Candidate sense 1: [Software/IT] a murder carried out by an underworld syndicate (context similarity=0.08)
  Candidate sense 2: [Software/IT] (baseball) a successful stroke in an athletic contest (especially in baseball) (context similarity=0.08)
Classified as INTRA-DOMAIN ambiguity: the top two candidate senses both belong to the ""Software/IT"" domain but represent distinct concepts."
work,work,It must be logged out of immediately after administrative work is complete.,Software/IT,0.823,0.997,0.5,0.5,True,Inter-Domain,Software/IT,a place where work is done,General,a product produced or accomplished through the effort or activity or agency of a person or thing,"The word ""work"" appears in a sentence whose detected domain is ""Software/IT"".
  Candidate sense 1: [Software/IT] a place where work is done (context similarity=0.16)
  Candidate sense 2: [General] a product produced or accomplished through the effort or activity or agency of a person or thing (context similarity=0.16)
Classified as INTER-DOMAIN ambiguity: the top two candidate senses belong to different application domains (""Software/IT"" vs. ""General"")."
follow,Following,Following a breach of unsecured protected health information covered entities should provide notification of the breach to affected individuals  the Secretary  and  in certain circumstances  to the media.,Legal/Regulatory,0.823,0.728,1.0,0.0,True,Intra-Domain,Software/IT,be next,Software/IT,keep under surveillance,"The word ""follow"" appears in a sentence whose detected domain is ""Legal/Regulatory"".
  Candidate sense 1: [Software/IT] be next (context similarity=0.10)
  Candidate sense 2: [Software/IT] keep under surveillance (context similarity=0.06)
Classified as INTRA-DOMAIN ambiguity: the top two candidate senses both belong to the ""Software/IT"" domain but represent distinct concepts."
hit,HIT,(c) Maintain a training program that includes documented procedures and training requirements to ensure its personnel are competent to certify HIT;,Software/IT,0.823,0.997,0.5,0.0,True,Intra-Domain,Software/IT,a murder carried out by an underworld syndicate,Software/IT,(baseball) a successful stroke in an athletic contest (especially in baseball),"The word ""hit"" appears in a sentence whose detected domain is ""Software/IT"".
  Candidate sense 1: [Software/IT] a murder carried out by an underworld syndicate (context similarity=0.11)
  Candidate sense 2: [Software/IT] (baseball) a successful stroke in an athletic contest (especially in baseball) (context similarity=0.11)
Classified as INTRA-DOMAIN ambiguity: the top two candidate senses both belong to the ""Software/IT"" domain but represent distinct concepts."
hit,hit,For each shot  the product shall notify the players whether the shot was a hit or miss.,Software/IT,0.823,0.997,0.5,0.0,True,Intra-Domain,Software/IT,a murder carried out by an underworld syndicate,Software/IT,(baseball) a successful stroke in an athletic contest (especially in baseball),"The word ""hit"" appears in a sentence whose detected domain is ""Software/IT"".
  Candidate sense 1: [Software/IT] a murder carried out by an underworld syndicate (context similarity=0.14)
  Candidate sense 2: [Software/IT] (baseball) a successful stroke in an athletic contest (especially in baseball) (context similarity=0.14)
Classified as INTRA-DOMAIN ambiguity: the top two candidate senses both belong to the ""Software/IT"" domain but represent distinct concepts."
order,ordered,The time that the medication was ordered to be administered compared to the current time.,Healthcare,0.822,0.887,0.7,0.0,True,Intra-Domain,Software/IT,give instructions to or direct somebody to do something with authority,Software/IT,"arrange thoughts, ideas, temporal events","The word ""order"" appears in a sentence whose detected domain is ""Healthcare"".
  Candidate sense 1: [Software/IT] give instructions to or direct somebody to do something with authority (context similarity=0.08)
  Candidate sense 2: [Software/IT] arrange thoughts, ideas, temporal events (context similarity=0.06)
Classified as INTRA-DOMAIN ambiguity: the top two candidate senses both belong to the ""Software/IT"" domain but represent distinct concepts."
day,day,The Board may extend the initial 30 day period for a period of time not to exceed 30 days if a party files with the Board a request for an extension within the initial 30 day period and shows good cause.,Software/IT,0.822,0.834,0.8,0.0,True,Intra-Domain,Software/IT,some point or period in time,Software/IT,a period of opportunity,"The word ""day"" appears in a sentence whose detected domain is ""Software/IT"".
  Candidate sense 1: [Software/IT] some point or period in time (context similarity=0.42)
  Candidate sense 2: [Software/IT] a period of opportunity (context similarity=0.30)
Classified as INTRA-DOMAIN ambiguity: the top two candidate senses both belong to the ""Software/IT"" domain but represent distinct concepts."
day,days,The Board may extend the initial 30 day period for a period of time not to exceed 30 days if a party files with the Board a request for an extension within the initial 30 day period and shows good cause.,Software/IT,0.822,0.834,0.8,0.0,True,Intra-Domain,Software/IT,some point or period in time,Software/IT,a period of opportunity,"The word ""day"" appears in a sentence whose detected domain is ""Software/IT"".
  Candidate sense 1: [Software/IT] some point or period in time (context similarity=0.42)
  Candidate sense 2: [Software/IT] a period of opportunity (context similarity=0.30)
Classified as INTRA-DOMAIN ambiguity: the top two candidate senses both belong to the ""Software/IT"" domain but represent distinct concepts."
order,ordered,The solution should provide the ability to automatically alert the provider if contraindications to the ordered dosage range are identified.,Healthcare,0.822,0.887,0.7,0.5,True,Intra-Domain,Software/IT,give instructions to or direct somebody to do something with authority,Software/IT,"arrange thoughts, ideas, temporal events","The word ""order"" appears in a sentence whose detected domain is ""Healthcare"".
  Candidate sense 1: [Software/IT] give instructions to or direct somebody to do something with authority (context similarity=0.07)
  Candidate sense 2: [Software/IT] arrange thoughts, ideas, temporal events (context similarity=0.05)
Classified as INTRA-DOMAIN ambiguity: the top two candidate senses both belong to the ""Software/IT"" domain but represent distinct concepts."
day,day,The Board may extend the initial 30 day period for a period of time not to exceed 30 days if a party files with the Board a request for an extension within the initial 30 day period and shows good cause.,Software/IT,0.822,0.834,0.8,0.0,True,Intra-Domain,Software/IT,some point or period in time,Software/IT,a period of opportunity,"The word ""day"" appears in a sentence whose detected domain is ""Software/IT"".
  Candidate sense 1: [Software/IT] some point or period in time (context similarity=0.42)
  Candidate sense 2: [Software/IT] a period of opportunity (context similarity=0.30)
Classified as INTRA-DOMAIN ambiguity: the top two candidate senses both belong to the ""Software/IT"" domain but represent distinct concepts."
correct,correct,The system prompts the enterer or editor to correct the format of a required data field because the input of that data field does not match that specified in data format 6.4 for patients.,Software/IT,0.821,0.939,0.6,1.0,True,Inter-Domain,Software/IT,make right or correct,Healthcare,treat a defect,"The word ""correct"" appears in a sentence whose detected domain is ""Software/IT"".
  Candidate sense 1: [Software/IT] make right or correct (context similarity=0.13)
  Candidate sense 2: [Healthcare] treat a defect (context similarity=0.11)
Classified as INTER-DOMAIN ambiguity: the top two candidate senses belong to different application domains (""Software/IT"" vs. ""Healthcare"")."
write,written,The covered entity may prepare a written rebuttal to the individual's statement of disagreement.,General,0.821,0.832,0.8,0.0,True,Intra-Domain,Software/IT,record data on a computer,Software/IT,have (one's written work) issued for publication,"The word ""write"" appears in a sentence whose detected domain is ""General"".
  Candidate sense 1: [Software/IT] record data on a computer (context similarity=0.06)
  Candidate sense 2: [Software/IT] have (one's written work) issued for publication (context similarity=0.04)
Classified as INTRA-DOMAIN ambiguity: the top two candidate senses both belong to the ""Software/IT"" domain but represent distinct concepts."
extension,extension,The Board may extend the initial 30 day period for a period of time not to exceed 30 days if a party files with the Board a request for an extension within the initial 30 day period and shows good cause.,Software/IT,0.82,0.723,1.0,0.5,True,Intra-Domain,Software/IT,a string of characters beginning with a period and followed by one or more letters; the optional second part of a PC computer filename,Software/IT,the ability to raise the working leg high in the air,"The word ""extension"" appears in a sentence whose detected domain is ""Software/IT"".
  Candidate sense 1: [Software/IT] a string of characters beginning with a period and followed by one or more letters; the optional second part of a PC computer filename (context similarity=0.20)
  Candidate sense 2: [Software/IT] the ability to raise the working leg high in the air (context similarity=0.11)
Classified as INTRA-DOMAIN ambiguity: the top two candidate senses both belong to the ""Software/IT"" domain but represent distinct concepts."
expand,Expand,Click 'Expand' next to the desired Encounter to view it's details.,Healthcare,0.82,0.993,0.5,0.5,True,Intra-Domain,Software/IT,extend in one or more directions,Software/IT,"make bigger or wider in size, volume, or quantity","The word ""expand"" appears in a sentence whose detected domain is ""Healthcare"".
  Candidate sense 1: [Software/IT] extend in one or more directions (context similarity=0.25)
  Candidate sense 2: [Software/IT] make bigger or wider in size, volume, or quantity (context similarity=0.24)
Classified as INTRA-DOMAIN ambiguity: the top two candidate senses both belong to the ""Software/IT"" domain but represent distinct concepts."
grant,grant,The solution should provide EMR security administrators with the ability to grant authorizations for roles according to scope of practice  organizational policy  or jurisdictional law.,Legal/Regulatory,0.82,0.993,0.5,0.0,True,Intra-Domain,Software/IT,"bestow, especially officially",Software/IT,allow to have,"The word ""grant"" appears in a sentence whose detected domain is ""Legal/Regulatory"".
  Candidate sense 1: [Software/IT] bestow, especially officially (context similarity=0.14)
  Candidate sense 2: [Software/IT] allow to have (context similarity=0.14)
Classified as INTRA-DOMAIN ambiguity: the top two candidate senses both belong to the ""Software/IT"" domain but represent distinct concepts."
ward,Ward,The solution should allow on-line entry of  and updates to  inmate medication profiles from non-pharmacy locations (for example; in the ED  Psychiatric Ward  etc).,Healthcare,0.819,0.991,0.5,0.5,True,Intra-Domain,Software/IT,United States businessman who in 1872 established a successful mail-order business (1843-1913),Software/IT,English writer of novels who was an active opponent of the women's suffrage movement (1851-1920),"The word ""ward"" appears in a sentence whose detected domain is ""Healthcare"".
  Candidate sense 1: [Software/IT] United States businessman who in 1872 established a successful mail-order business (1843-1913) (context similarity=0.16)
  Candidate sense 2: [Software/IT] English writer of novels who was an active opponent of the women's suffrage movement (1851-1920) (context similarity=0.16)
Classified as INTRA-DOMAIN ambiguity: the top two candidate senses both belong to the ""Software/IT"" domain but represent distinct concepts."
generation,Generation,The Support Consistent Healthcare Management of Patient Groups or Populations capability should conform to S 2.2.2 Standard Report Generation requirements.,General,0.819,0.991,0.5,0.0,True,Intra-Domain,Software/IT,a stage of technological development or innovation,Software/IT,the normal time between successive generations,"The word ""generation"" appears in a sentence whose detected domain is ""General"".
  Candidate sense 1: [Software/IT] a stage of technological development or innovation (context similarity=0.17)
  Candidate sense 2: [Software/IT] the normal time between successive generations (context similarity=0.17)
Classified as INTRA-DOMAIN ambiguity: the top two candidate senses both belong to the ""Software/IT"" domain but represent distinct concepts."
factor,factors,The data in the database is analyzed according to the risk factors for the disease to determine if the patient exhibits one or more risk factors.,Healthcare,0.817,0.987,0.5,0.5,True,Inter-Domain,Healthcare,anything that contributes causally to a result,Software/IT,one of two or more integers that can be exactly divided into another integer,"The word ""factor"" appears in a sentence whose detected domain is ""Healthcare"".
  Candidate sense 1: [Healthcare] anything that contributes causally to a result (context similarity=0.17)
  Candidate sense 2: [Software/IT] one of two or more integers that can be exactly divided into another integer (context similarity=0.17)
Classified as INTER-DOMAIN ambiguity: the top two candidate senses belong to different application domains (""Healthcare"" vs. ""Software/IT"")."
factor,factors,Currently  access to a patient's history regarding previous medical problems  previous surgery  medications  allergies and other factors is often difficult or obtainable only from a patient's recollection.,Healthcare,0.817,0.987,0.5,0.5,True,Inter-Domain,Healthcare,anything that contributes causally to a result,Software/IT,one of two or more integers that can be exactly divided into another integer,"The word ""factor"" appears in a sentence whose detected domain is ""Healthcare"".
  Candidate sense 1: [Healthcare] anything that contributes causally to a result (context similarity=0.07)
  Candidate sense 2: [Software/IT] one of two or more integers that can be exactly divided into another integer (context similarity=0.07)
Classified as INTER-DOMAIN ambiguity: the top two candidate senses belong to different application domains (""Healthcare"" vs. ""Software/IT"")."
day,days,(i) If the ONC-ACB submits a response  the National Coordinator is permitted up to 30 days from the time the response is received to evaluate the response and reach a decision.,Software/IT,0.817,0.826,0.8,0.5,True,Inter-Domain,Software/IT,some point or period in time,General,an era of existence or influence,"The word ""day"" appears in a sentence whose detected domain is ""Software/IT"".
  Candidate sense 1: [Software/IT] some point or period in time (context similarity=0.10)
  Candidate sense 2: [General] an era of existence or influence (context similarity=0.07)
Classified as INTER-DOMAIN ambiguity: the top two candidate senses belong to different application domains (""Software/IT"" vs. ""General"")."
factor,factors,The data in the database is analyzed according to the risk factors for the disease to determine if the patient exhibits one or more risk factors.,Healthcare,0.817,0.987,0.5,0.5,True,Inter-Domain,Healthcare,anything that contributes causally to a result,Software/IT,one of two or more integers that can be exactly divided into another integer,"The word ""factor"" appears in a sentence whose detected domain is ""Healthcare"".
  Candidate sense 1: [Healthcare] anything that contributes causally to a result (context similarity=0.17)
  Candidate sense 2: [Software/IT] one of two or more integers that can be exactly divided into another integer (context similarity=0.17)
Classified as INTER-DOMAIN ambiguity: the top two candidate senses belong to different application domains (""Healthcare"" vs. ""Software/IT"")."
establish,Establish,(ii) Establish the type of access to electronic health information a user is permitted based on the unique identifier(s) provided in paragraph (d)(1)(i) of this section  and the actions the user is permitted to perform with the EHR technology.,Software/IT,0.816,0.932,0.6,0.0,True,Intra-Domain,Software/IT,"institute, enact, or establish",Software/IT,set up or lay the groundwork for,"The word ""establish"" appears in a sentence whose detected domain is ""Software/IT"".
  Candidate sense 1: [Software/IT] institute, enact, or establish (context similarity=0.10)
  Candidate sense 2: [Software/IT] set up or lay the groundwork for (context similarity=0.09)
Classified as INTRA-DOMAIN ambiguity: the top two candidate senses both belong to the ""Software/IT"" domain but represent distinct concepts."
report,report,The information in the report or file created must be of sufficient detail such that it enables a user to match those patients or actions to meet the measure's denominator limitations when necessary to generate an accurate percentage.,General,0.816,0.986,0.5,0.0,True,Intra-Domain,General,a written evaluation of a student's scholarship and deportment,General,a written document describing the findings of some individual or group,"The word ""report"" appears in a sentence whose detected domain is ""General"".
  Candidate sense 1: [General] a written evaluation of a student's scholarship and deportment (context similarity=0.12)
  Candidate sense 2: [General] a written document describing the findings of some individual or group (context similarity=0.11)
Classified as INTRA-DOMAIN ambiguity: the top two candidate senses both belong to the ""General"" domain but represent distinct concepts."
establish,Establish,(i) Establish the permitted and required uses and disclosures of such information by the business associate.,General,0.816,0.932,0.6,0.0,True,Intra-Domain,Software/IT,"institute, enact, or establish",Software/IT,set up or lay the groundwork for,"The word ""establish"" appears in a sentence whose detected domain is ""General"".
  Candidate sense 1: [Software/IT] institute, enact, or establish (context similarity=0.19)
  Candidate sense 2: [Software/IT] set up or lay the groundwork for (context similarity=0.16)
Classified as INTRA-DOMAIN ambiguity: the top two candidate senses both belong to the ""Software/IT"" domain but represent distinct concepts."
function,function,The solution should provide an override function (that requires a reason and the pharmacist's user ID) to dispense a non-authorized or non-formulary medication in special circumstances.,Software/IT,0.815,0.984,0.5,0.0,True,Intra-Domain,Software/IT,(mathematics) a mathematical relation such that each element of a given set (the domain of the function) is associated with an element of another set (the range of the function),Software/IT,a relation such that one thing is dependent on another,"The word ""function"" appears in a sentence whose detected domain is ""Software/IT"".
  Candidate sense 1: [Software/IT] (mathematics) a mathematical relation such that each element of a given set (the domain of the function) is associated with an element of another set (the range of the function) (context similarity=0.10)
  Candidate sense 2: [Software/IT] a relation such that one thing is dependent on another (context similarity=0.09)
Classified as INTRA-DOMAIN ambiguity: the top two candidate senses both belong to the ""Software/IT"" domain but represent distinct concepts."
change,changes,The system will notify affected parties when changes occur affecting classes  including but not limited to class cancellations  class section detail changes  and changes to class offerings for a given quarter.,Software/IT,0.815,0.822,0.8,0.5,True,Inter-Domain,General,a thing that is different,Healthcare,the result of alteration or modification,"The word ""change"" appears in a sentence whose detected domain is ""Software/IT"".
  Candidate sense 1: [General] a thing that is different (context similarity=0.16)
  Candidate sense 2: [Healthcare] the result of alteration or modification (context similarity=0.11)
Classified as INTER-DOMAIN ambiguity: the top two candidate senses belong to different application domains (""General"" vs. ""Healthcare"")."
change,changes,The system will notify affected parties when changes occur affecting classes  including but not limited to class cancellations  class section detail changes  and changes to class offerings for a given quarter.,Software/IT,0.815,0.822,0.8,0.5,True,Inter-Domain,General,a thing that is different,Healthcare,the result of alteration or modification,"The word ""change"" appears in a sentence whose detected domain is ""Software/IT"".
  Candidate sense 1: [General] a thing that is different (context similarity=0.16)
  Candidate sense 2: [Healthcare] the result of alteration or modification (context similarity=0.11)
Classified as INTER-DOMAIN ambiguity: the top two candidate senses belong to different application domains (""General"" vs. ""Healthcare"")."
function,function,(1) Preventive  diagnostic  therapeutic  rehabilitative  maintenance  or palliative care  and counseling  service  assessment  or procedure with respect to the physical or mental condition  or functional status  of an individual or that affects the structure or function of the body; and,General,0.815,0.984,0.5,0.0,True,Intra-Domain,Software/IT,(mathematics) a mathematical relation such that each element of a given set (the domain of the function) is associated with an element of another set (the range of the function),Software/IT,a relation such that one thing is dependent on another,"The word ""function"" appears in a sentence whose detected domain is ""General"".
  Candidate sense 1: [Software/IT] (mathematics) a mathematical relation such that each element of a given set (the domain of the function) is associated with an element of another set (the range of the function) (context similarity=0.09)
  Candidate sense 2: [Software/IT] a relation such that one thing is dependent on another (context similarity=0.09)
Classified as INTRA-DOMAIN ambiguity: the top two candidate senses both belong to the ""Software/IT"" domain but represent distinct concepts."
change,changes,The system will notify affected parties when changes occur affecting classes  including but not limited to class cancellations  class section detail changes  and changes to class offerings for a given quarter.,Software/IT,0.815,0.822,0.8,0.5,True,Inter-Domain,General,a thing that is different,Healthcare,the result of alteration or modification,"The word ""change"" appears in a sentence whose detected domain is ""Software/IT"".
  Candidate sense 1: [General] a thing that is different (context similarity=0.16)
  Candidate sense 2: [Healthcare] the result of alteration or modification (context similarity=0.11)
Classified as INTER-DOMAIN ambiguity: the top two candidate senses belong to different application domains (""General"" vs. ""Healthcare"")."
function,function,You can also disable the top or bottom window by clicking on the appropriate checkbox at the top of the navigation menu (this function is available on all navigation schemes).,Software/IT,0.815,0.984,0.5,0.0,True,Intra-Domain,Software/IT,(mathematics) a mathematical relation such that each element of a given set (the domain of the function) is associated with an element of another set (the range of the function),Software/IT,a relation such that one thing is dependent on another,"The word ""function"" appears in a sentence whose detected domain is ""Software/IT"".
  Candidate sense 1: [Software/IT] (mathematics) a mathematical relation such that each element of a given set (the domain of the function) is associated with an element of another set (the range of the function) (context similarity=0.11)
  Candidate sense 2: [Software/IT] a relation such that one thing is dependent on another (context similarity=0.11)
Classified as INTRA-DOMAIN ambiguity: the top two candidate senses both belong to the ""Software/IT"" domain but represent distinct concepts."
assign,assigned,(i)(A) The total Needy Individual patients assigned to the EPâs panel in any representative  continuous 90-day period in the preceding calendar year when at least one Needy Individual encounter took place with the Medicaid patient in the year prior to the 90-day period; plus,Healthcare,0.814,0.93,0.6,0.0,True,Intra-Domain,Software/IT,give out,Software/IT,decide as to where something belongs in a scheme,"The word ""assign"" appears in a sentence whose detected domain is ""Healthcare"".
  Candidate sense 1: [Software/IT] give out (context similarity=0.05)
  Candidate sense 2: [Software/IT] decide as to where something belongs in a scheme (context similarity=0.04)
Classified as INTRA-DOMAIN ambiguity: the top two candidate senses both belong to the ""Software/IT"" domain but represent distinct concepts."
exchange,exchange,Â§ 170.205   Content exchange standards and implementation specifications for exchanging electronic health information.,General,0.813,0.766,0.9,0.5,True,Inter-Domain,General,a mutual expression of views (especially an unpleasant one),Software/IT,a workplace that serves as a telecommunications facility where lines from telephones can be connected together to permit communication,"The word ""exchange"" appears in a sentence whose detected domain is ""General"".
  Candidate sense 1: [General] a mutual expression of views (especially an unpleasant one) (context similarity=0.19)
  Candidate sense 2: [Software/IT] a workplace that serves as a telecommunications facility where lines from telephones can be connected together to permit communication (context similarity=0.12)
Classified as INTER-DOMAIN ambiguity: the top two candidate senses belong to different application domains (""General"" vs. ""Software/IT"")."
setting,setting,(i) Ambulatory setting.,Software/IT,0.812,0.979,0.5,0.0,True,Intra-Domain,Software/IT,the physical position of something,Software/IT,a table service for one person,"The word ""setting"" appears in a sentence whose detected domain is ""Software/IT"".
  Candidate sense 1: [Software/IT] the physical position of something (context similarity=0.33)
  Candidate sense 2: [Software/IT] a table service for one person (context similarity=0.32)
Classified as INTRA-DOMAIN ambiguity: the top two candidate senses both belong to the ""Software/IT"" domain but represent distinct concepts."
state,State,(i) State the name of the person (including the entity  if applicable) to whom the subpoena is addressed;,General,0.812,0.927,0.6,0.5,True,Inter-Domain,General,the way something is with respect to its main attributes,Software/IT,a state of depression or agitation,"The word ""state"" appears in a sentence whose detected domain is ""General"".
  Candidate sense 1: [General] the way something is with respect to its main attributes (context similarity=0.22)
  Candidate sense 2: [Software/IT] a state of depression or agitation (context similarity=0.19)
Classified as INTER-DOMAIN ambiguity: the top two candidate senses belong to different application domains (""General"" vs. ""Software/IT"")."
family,family,The system shall provide the ability to capture patient history as both a presence and absence of conditions  i.e.  the specification of the absence of a personal or family history of a specific diagnosis  procedure or health risk behavior.,Healthcare,0.812,0.926,0.6,0.0,True,Intra-Domain,Software/IT,primary social group; parents and children,Software/IT,people descended from a common ancestor,"The word ""family"" appears in a sentence whose detected domain is ""Healthcare"".
  Candidate sense 1: [Software/IT] primary social group; parents and children (context similarity=0.11)
  Candidate sense 2: [Software/IT] people descended from a common ancestor (context similarity=0.09)
Classified as INTRA-DOMAIN ambiguity: the top two candidate senses both belong to the ""Software/IT"" domain but represent distinct concepts."
business,business,Covered entities and business associates have the burden of proof to demonstrate that all required notifications have been provided or that a use or disclosure of unsecured protected health information did not constitute a breach.,Legal/Regulatory,0.812,0.873,0.7,0.0,True,Intra-Domain,Software/IT,a commercial or industrial enterprise and the people who constitute it,Software/IT,business concerns collectively,"The word ""business"" appears in a sentence whose detected domain is ""Legal/Regulatory"".
  Candidate sense 1: [Software/IT] a commercial or industrial enterprise and the people who constitute it (context similarity=0.17)
  Candidate sense 2: [Software/IT] business concerns collectively (context similarity=0.13)
Classified as INTRA-DOMAIN ambiguity: the top two candidate senses both belong to the ""Software/IT"" domain but represent distinct concepts."
date,date,The solution should provide the ability to attribute record and display the identity of all users contributing to or finalizing a document or note  including the date and time of entry (see appropriate criteria in IN.2.2 (Auditable Records)).,General,0.81,0.923,0.6,0.5,True,Intra-Domain,Software/IT,the present,Software/IT,a particular but unspecified point in time,"The word ""date"" appears in a sentence whose detected domain is ""General"".
  Candidate sense 1: [Software/IT] the present (context similarity=0.21)
  Candidate sense 2: [Software/IT] a particular but unspecified point in time (context similarity=0.18)
Classified as INTRA-DOMAIN ambiguity: the top two candidate senses both belong to the ""Software/IT"" domain but represent distinct concepts."
weight,weight,The patient  UAP  or personal representative tries to enter more than one weight data point or more than one pedometer data point for the day and is told additional data cannot be entered.,Software/IT,0.81,0.924,0.6,0.5,True,Inter-Domain,Legal/Regulatory,a unit used to measure weight,Software/IT,a system of units used to express the weight of something,"The word ""weight"" appears in a sentence whose detected domain is ""Software/IT"".
  Candidate sense 1: [Legal/Regulatory] a unit used to measure weight (context similarity=0.12)
  Candidate sense 2: [Software/IT] a system of units used to express the weight of something (context similarity=0.10)
Classified as INTER-DOMAIN ambiguity: the top two candidate senses belong to different application domains (""Legal/Regulatory"" vs. ""Software/IT"")."
law,laws,Such access should also be subject to appropriate release of information protocols  local audit policies  minimum necessary criteria  and other contractual arrangements and  laws  and:,Legal/Regulatory,0.809,0.975,0.5,0.5,True,Inter-Domain,General,legal document setting forth rules governing a particular kind of activity,Legal/Regulatory,a generalization that describes recurring facts or events in nature,"The word ""law"" appears in a sentence whose detected domain is ""Legal/Regulatory"".
  Candidate sense 1: [General] legal document setting forth rules governing a particular kind of activity (context similarity=0.06)
  Candidate sense 2: [Legal/Regulatory] a generalization that describes recurring facts or events in nature (context similarity=0.06)
Classified as INTER-DOMAIN ambiguity: the top two candidate senses belong to different application domains (""General"" vs. ""Legal/Regulatory"")."
settle,settling,Final payments are determined at the time of settling the first 12-month hospital cost report for the hospital fiscal year that begins on or after the first day of the payment year  and settled on the basis of data from that cost reporting period.,Finance/Business,0.809,0.706,1.0,0.5,True,Inter-Domain,Healthcare,"become resolved, fixed, established, or quiet",Software/IT,establish or develop as a residence,"The word ""settle"" appears in a sentence whose detected domain is ""Finance/Business"".
  Candidate sense 1: [Healthcare] become resolved, fixed, established, or quiet (context similarity=0.17)
  Candidate sense 2: [Software/IT] establish or develop as a residence (context similarity=0.09)
Classified as INTER-DOMAIN ambiguity: the top two candidate senses belong to different application domains (""Healthcare"" vs. ""Software/IT"")."
settle,settled,Final payments are determined at the time of settling the first 12-month hospital cost report for the hospital fiscal year that begins on or after the first day of the payment year  and settled on the basis of data from that cost reporting period.,Finance/Business,0.809,0.706,1.0,0.5,True,Inter-Domain,Healthcare,"become resolved, fixed, established, or quiet",Software/IT,establish or develop as a residence,"The word ""settle"" appears in a sentence whose detected domain is ""Finance/Business"".
  Candidate sense 1: [Healthcare] become resolved, fixed, established, or quiet (context similarity=0.17)
  Candidate sense 2: [Software/IT] establish or develop as a residence (context similarity=0.09)
Classified as INTER-DOMAIN ambiguity: the top two candidate senses belong to different application domains (""Healthcare"" vs. ""Software/IT"")."
tell,told,The patient  UAP  or personal representative tries to enter more than one weight data point or more than one pedometer data point for the day and is told additional data cannot be entered.,Software/IT,0.805,0.915,0.6,0.5,True,Inter-Domain,Software/IT,give instructions to or direct somebody to do something with authority,Finance/Business,narrate or give a detailed account of,"The word ""tell"" appears in a sentence whose detected domain is ""Software/IT"".
  Candidate sense 1: [Software/IT] give instructions to or direct somebody to do something with authority (context similarity=0.06)
  Candidate sense 2: [Finance/Business] narrate or give a detailed account of (context similarity=0.05)
Classified as INTER-DOMAIN ambiguity: the top two candidate senses belong to different application domains (""Software/IT"" vs. ""Finance/Business"")."
cover,covered,Following a breach of unsecured protected health information covered entities should provide notification of the breach to affected individuals  the Secretary  and  in certain circumstances  to the media.,Legal/Regulatory,0.805,0.701,1.0,0.0,True,Intra-Domain,Software/IT,maintain a check on; especially by patrolling,Software/IT,provide with a covering or cause to be covered,"The word ""cover"" appears in a sentence whose detected domain is ""Legal/Regulatory"".
  Candidate sense 1: [Software/IT] maintain a check on; especially by patrolling (context similarity=0.11)
  Candidate sense 2: [Software/IT] provide with a covering or cause to be covered (context similarity=0.06)
Classified as INTRA-DOMAIN ambiguity: the top two candidate senses both belong to the ""Software/IT"" domain but represent distinct concepts."
consider,considered,(7) A multi-site hospital with one CMS Certification Number is considered one hospital for purposes of calculating payment.,Healthcare,0.804,0.86,0.7,0.5,True,Inter-Domain,Software/IT,take into consideration for exemplifying purposes,Finance/Business,show consideration for; take into account,"The word ""consider"" appears in a sentence whose detected domain is ""Healthcare"".
  Candidate sense 1: [Software/IT] take into consideration for exemplifying purposes (context similarity=0.06)
  Candidate sense 2: [Finance/Business] show consideration for; take into account (context similarity=0.05)
Classified as INTER-DOMAIN ambiguity: the top two candidate senses belong to different application domains (""Software/IT"" vs. ""Finance/Business"")."
provide,provide,The solution should provide the ability to access external evidence-based documentation.,Software/IT,0.803,0.966,0.5,0.5,True,Intra-Domain,General,make a possibility or provide opportunity for; permit to be attainable or cause to remain,General,take measures in preparation for,"The word ""provide"" appears in a sentence whose detected domain is ""Software/IT"".
  Candidate sense 1: [General] make a possibility or provide opportunity for; permit to be attainable or cause to remain (context similarity=0.11)
  Candidate sense 2: [General] take measures in preparation for (context similarity=0.10)
Classified as INTRA-DOMAIN ambiguity: the top two candidate senses both belong to the ""General"" domain but represent distinct concepts."
presentation,presentation,(a) A party wishing to procure the appearance and testimony of any person at the hearing may make a motion requesting the ALJ to issue a subpoena if the appearance and testimony are reasonably necessary for the presentation of a party's case.,Software/IT,0.803,0.967,0.5,0.0,True,Intra-Domain,General,the activity of formally presenting something (as a prize or reward),General,the act of making something publicly available; presenting news or other information by broadcasting or printing it,"The word ""presentation"" appears in a sentence whose detected domain is ""Software/IT"".
  Candidate sense 1: [General] the activity of formally presenting something (as a prize or reward) (context similarity=0.08)
  Candidate sense 2: [General] the act of making something publicly available; presenting news or other information by broadcasting or printing it (context similarity=0.08)
Classified as INTRA-DOMAIN ambiguity: the top two candidate senses both belong to the ""General"" domain but represent distinct concepts."
law,law,(1) 26 U.S.C. 6011(b)  which is the portion of the Internal Revenue Code dealing with identifying the taxpayer in tax returns and statements  or corresponding provisions of prior law.,Finance/Business,0.802,0.965,0.5,0.5,True,Inter-Domain,Legal/Regulatory,the learned profession that is mastered by graduate study in a law school and that is responsible for the judicial system,General,legal document setting forth rules governing a particular kind of activity,"The word ""law"" appears in a sentence whose detected domain is ""Finance/Business"".
  Candidate sense 1: [Legal/Regulatory] the learned profession that is mastered by graduate study in a law school and that is responsible for the judicial system (context similarity=0.09)
  Candidate sense 2: [General] legal document setting forth rules governing a particular kind of activity (context similarity=0.09)
Classified as INTER-DOMAIN ambiguity: the top two candidate senses belong to different application domains (""Legal/Regulatory"" vs. ""General"")."
law,law,(b) The provision of State law relates to the privacy of individually identifiable health information and is more stringent than a standard  requirement  or implementation specification adopted under subpart E of part 164 of this subchapter.,Legal/Regulatory,0.802,0.965,0.5,0.5,True,Inter-Domain,Legal/Regulatory,the learned profession that is mastered by graduate study in a law school and that is responsible for the judicial system,General,legal document setting forth rules governing a particular kind of activity,"The word ""law"" appears in a sentence whose detected domain is ""Legal/Regulatory"".
  Candidate sense 1: [Legal/Regulatory] the learned profession that is mastered by graduate study in a law school and that is responsible for the judicial system (context similarity=0.09)
  Candidate sense 2: [General] legal document setting forth rules governing a particular kind of activity (context similarity=0.08)
Classified as INTER-DOMAIN ambiguity: the top two candidate senses belong to different application domains (""Legal/Regulatory"" vs. ""General"")."
law,law,(1) Permitted disclosures: Pursuant to process and as otherwise required by law.,General,0.802,0.965,0.5,0.5,True,Inter-Domain,Legal/Regulatory,the learned profession that is mastered by graduate study in a law school and that is responsible for the judicial system,General,legal document setting forth rules governing a particular kind of activity,"The word ""law"" appears in a sentence whose detected domain is ""General"".
  Candidate sense 1: [Legal/Regulatory] the learned profession that is mastered by graduate study in a law school and that is responsible for the judicial system (context similarity=0.15)
  Candidate sense 2: [General] legal document setting forth rules governing a particular kind of activity (context similarity=0.14)
Classified as INTER-DOMAIN ambiguity: the top two candidate senses belong to different application domains (""Legal/Regulatory"" vs. ""General"")."
law,law,Relates to the privacy of individually identifiable health information means  with respect to a State law  that the State law has the specific purpose of protecting the privacy of health information or affects the privacy of health information in a direct  clear  and substantial way.,Legal/Regulatory,0.802,0.965,0.5,0.5,True,Inter-Domain,Legal/Regulatory,the learned profession that is mastered by graduate study in a law school and that is responsible for the judicial system,General,legal document setting forth rules governing a particular kind of activity,"The word ""law"" appears in a sentence whose detected domain is ""Legal/Regulatory"".
  Candidate sense 1: [Legal/Regulatory] the learned profession that is mastered by graduate study in a law school and that is responsible for the judicial system (context similarity=0.12)
  Candidate sense 2: [General] legal document setting forth rules governing a particular kind of activity (context similarity=0.12)
Classified as INTER-DOMAIN ambiguity: the top two candidate senses belong to different application domains (""Legal/Regulatory"" vs. ""General"")."
treat,treated,Maintain an audit log of tracking numbers in a file that is treated as a business record of the organization.,Software/IT,0.802,0.911,0.6,0.5,True,Inter-Domain,Healthcare,provide treatment for,Software/IT,regard or consider in a specific way,"The word ""treat"" appears in a sentence whose detected domain is ""Software/IT"".
  Candidate sense 1: [Healthcare] provide treatment for (context similarity=0.15)
  Candidate sense 2: [Software/IT] regard or consider in a specific way (context similarity=0.13)
Classified as INTER-DOMAIN ambiguity: the top two candidate senses belong to different application domains (""Healthcare"" vs. ""Software/IT"")."
maintain,Maintain,(e) Maintain active medication allergy list.,Healthcare,0.802,0.803,0.8,0.5,True,Inter-Domain,Healthcare,maintain by writing regular records,Software/IT,maintain for use and service,"The word ""maintain"" appears in a sentence whose detected domain is ""Healthcare"".
  Candidate sense 1: [Healthcare] maintain by writing regular records (context similarity=0.27)
  Candidate sense 2: [Software/IT] maintain for use and service (context similarity=0.18)
Classified as INTER-DOMAIN ambiguity: the top two candidate senses belong to different application domains (""Healthcare"" vs. ""Software/IT"")."
operations,Operations,Data Recipient shall have the right to use all Individually Identifiable Health Information (IIHI) provided to it by the Data Custodian for the Research  Public Health or Health Care Operations purposes as listed below (be brief but use as much space as necessary):,Software/IT,0.802,0.696,1.0,0.5,True,Intra-Domain,General,(computer science) data processing in which the result is completely specified by a rule (especially the processing that results from a single instruction),General,a process or series of acts especially of a practical or mechanical nature involved in a particular form of work,"The word ""operations"" appears in a sentence whose detected domain is ""Software/IT"".
  Candidate sense 1: [General] (computer science) data processing in which the result is completely specified by a rule (especially the processing that results from a single instruction) (context similarity=0.16)
  Candidate sense 2: [General] a process or series of acts especially of a practical or mechanical nature involved in a particular form of work (context similarity=0.09)
Classified as INTRA-DOMAIN ambiguity: the top two candidate senses both belong to the ""General"" domain but represent distinct concepts."
law,law,The briefs may be accompanied by proposed findings of fact and conclusions of law.,Legal/Regulatory,0.802,0.965,0.5,0.5,True,Inter-Domain,Legal/Regulatory,the learned profession that is mastered by graduate study in a law school and that is responsible for the judicial system,General,legal document setting forth rules governing a particular kind of activity,"The word ""law"" appears in a sentence whose detected domain is ""Legal/Regulatory"".
  Candidate sense 1: [Legal/Regulatory] the learned profession that is mastered by graduate study in a law school and that is responsible for the judicial system (context similarity=0.14)
  Candidate sense 2: [General] legal document setting forth rules governing a particular kind of activity (context similarity=0.13)
Classified as INTER-DOMAIN ambiguity: the top two candidate senses belong to different application domains (""Legal/Regulatory"" vs. ""General"")."
maintain,maintain,The solution should maintain inmate specific interactions for the pharmacy and will automatically generate reports for follow up on day scheduled for intervention follow up.,Software/IT,0.802,0.803,0.8,0.5,True,Inter-Domain,Healthcare,maintain by writing regular records,Software/IT,maintain for use and service,"The word ""maintain"" appears in a sentence whose detected domain is ""Software/IT"".
  Candidate sense 1: [Healthcare] maintain by writing regular records (context similarity=0.15)
  Candidate sense 2: [Software/IT] maintain for use and service (context similarity=0.10)
Classified as INTER-DOMAIN ambiguity: the top two candidate senses belong to different application domains (""Healthcare"" vs. ""Software/IT"")."
maintain,Maintain,(c) Maintain a training program that includes documented procedures and training requirements to ensure its personnel are competent to certify HIT;,Software/IT,0.802,0.803,0.8,0.5,True,Inter-Domain,Healthcare,maintain by writing regular records,Software/IT,maintain for use and service,"The word ""maintain"" appears in a sentence whose detected domain is ""Software/IT"".
  Candidate sense 1: [Healthcare] maintain by writing regular records (context similarity=0.15)
  Candidate sense 2: [Software/IT] maintain for use and service (context similarity=0.10)
Classified as INTER-DOMAIN ambiguity: the top two candidate senses belong to different application domains (""Healthcare"" vs. ""Software/IT"")."
law,law,Relates to the privacy of individually identifiable health information means  with respect to a State law  that the State law has the specific purpose of protecting the privacy of health information or affects the privacy of health information in a direct  clear  and substantial way.,Legal/Regulatory,0.802,0.965,0.5,0.5,True,Inter-Domain,Legal/Regulatory,the learned profession that is mastered by graduate study in a law school and that is responsible for the judicial system,General,legal document setting forth rules governing a particular kind of activity,"The word ""law"" appears in a sentence whose detected domain is ""Legal/Regulatory"".
  Candidate sense 1: [Legal/Regulatory] the learned profession that is mastered by graduate study in a law school and that is responsible for the judicial system (context similarity=0.12)
  Candidate sense 2: [General] legal document setting forth rules governing a particular kind of activity (context similarity=0.12)
Classified as INTER-DOMAIN ambiguity: the top two candidate senses belong to different application domains (""Legal/Regulatory"" vs. ""General"")."
web,web,"At the bottom of the page  it should read ""Next step will configure Apache web server.""",General,0.802,0.965,0.5,0.5,True,Inter-Domain,General,an intricate network suggesting something that was formed by weaving or interweaving,Networking,computer network consisting of a collection of internet sites that offer text and graphics and sound and animation resources through the hypertext transfer protocol,"The word ""web"" appears in a sentence whose detected domain is ""General"".
  Candidate sense 1: [General] an intricate network suggesting something that was formed by weaving or interweaving (context similarity=0.15)
  Candidate sense 2: [Networking] computer network consisting of a collection of internet sites that offer text and graphics and sound and animation resources through the hypertext transfer protocol (context similarity=0.14)
Classified as INTER-DOMAIN ambiguity: the top two candidate senses belong to different application domains (""General"" vs. ""Networking"")."
maintain,maintain,The system shall provide the ability to capture and maintain at least one reason for overriding any drug-drug or drug-allergy or intolerance interaction warning triggered at the time of medication prescribing or ordering.,Healthcare,0.802,0.803,0.8,0.5,True,Inter-Domain,Healthcare,maintain by writing regular records,Software/IT,maintain for use and service,"The word ""maintain"" appears in a sentence whose detected domain is ""Healthcare"".
  Candidate sense 1: [Healthcare] maintain by writing regular records (context similarity=0.12)
  Candidate sense 2: [Software/IT] maintain for use and service (context similarity=0.08)
Classified as INTER-DOMAIN ambiguity: the top two candidate senses belong to different application domains (""Healthcare"" vs. ""Software/IT"")."
notice,notice,The request for a hearing must be mailed within 90 days after notice of the proposed determination is received by the respondent.,Software/IT,0.801,0.964,0.5,0.5,True,Inter-Domain,Legal/Regulatory,advance notification (usually written) of the intention to withdraw from an arrangement of contract,General,"an announcement containing information about an event; ; ; ""a notice of sale","The word ""notice"" appears in a sentence whose detected domain is ""Software/IT"".
  Candidate sense 1: [Legal/Regulatory] advance notification (usually written) of the intention to withdraw from an arrangement of contract (context similarity=0.23)
  Candidate sense 2: [General] an announcement containing information about an event; ; ; ""a notice of sale (context similarity=0.21)
Classified as INTER-DOMAIN ambiguity: the top two candidate senses belong to different application domains (""Legal/Regulatory"" vs. ""General"")."
provide,provide,The solution should provide the ability to attribute record and display the identity of all users contributing to or finalizing a document or note  including the date and time of entry (see appropriate criteria in IN.2.2 (Auditable Records)).,General,0.801,0.963,0.5,0.5,True,Inter-Domain,General,take measures in preparation for,Legal/Regulatory,"determine (what is to happen in certain contingencies), especially by including a proviso condition or stipulation","The word ""provide"" appears in a sentence whose detected domain is ""General"".
  Candidate sense 1: [General] take measures in preparation for (context similarity=0.06)
  Candidate sense 2: [Legal/Regulatory] determine (what is to happen in certain contingencies), especially by including a proviso condition or stipulation (context similarity=0.06)
Classified as INTER-DOMAIN ambiguity: the top two candidate senses belong to different application domains (""General"" vs. ""Legal/Regulatory"")."
organization,organization,Health maintenance organization (HMO) (as defined in section 2791(b)(3) of the PHS Act  42,Software/IT,0.801,0.963,0.5,0.5,True,Inter-Domain,Software/IT,the act of forming or establishing something,General,the activity or result of distributing or disposing persons or things properly or methodically,"The word ""organization"" appears in a sentence whose detected domain is ""Software/IT"".
  Candidate sense 1: [Software/IT] the act of forming or establishing something (context similarity=0.13)
  Candidate sense 2: [General] the activity or result of distributing or disposing persons or things properly or methodically (context similarity=0.12)
Classified as INTER-DOMAIN ambiguity: the top two candidate senses belong to different application domains (""Software/IT"" vs. ""General"")."
company,companies,Entering a partial value into one or more fields and clicking the 'Search' button presents you with a list of all insurance companies matching those parameters.,Finance/Business,0.801,0.856,0.7,0.5,True,Inter-Domain,Software/IT,an institution created to conduct business,General,a band of people associated temporarily in some activity,"The word ""company"" appears in a sentence whose detected domain is ""Finance/Business"".
  Candidate sense 1: [Software/IT] an institution created to conduct business (context similarity=0.07)
  Candidate sense 2: [General] a band of people associated temporarily in some activity (context similarity=0.05)
Classified as INTER-DOMAIN ambiguity: the top two candidate senses belong to different application domains (""Software/IT"" vs. ""General"")."
operate,Operate,(a) Operate its certification program in accordance with ISO or IEC Guide 65:1996 (incorporated by reference in Â§ 170.499) and testing program in accordance with ISO or IEC 17025:2005 (incorporated by reference in Â§ 170.499);,Legal/Regulatory,0.801,0.963,0.5,0.5,True,Inter-Domain,Healthcare,perform surgery on,Software/IT,handle and cause to function,"The word ""operate"" appears in a sentence whose detected domain is ""Legal/Regulatory"".
  Candidate sense 1: [Healthcare] perform surgery on (context similarity=0.09)
  Candidate sense 2: [Software/IT] handle and cause to function (context similarity=0.09)
Classified as INTER-DOMAIN ambiguity: the top two candidate senses belong to different application domains (""Healthcare"" vs. ""Software/IT"")."
operate,operate,The product shall be expected to operate for at least 5 years for each customer installation.,Software/IT,0.801,0.963,0.5,0.5,True,Inter-Domain,Healthcare,perform surgery on,Software/IT,handle and cause to function,"The word ""operate"" appears in a sentence whose detected domain is ""Software/IT"".
  Candidate sense 1: [Healthcare] perform surgery on (context similarity=0.21)
  Candidate sense 2: [Software/IT] handle and cause to function (context similarity=0.19)
Classified as INTER-DOMAIN ambiguity: the top two candidate senses belong to different application domains (""Healthcare"" vs. ""Software/IT"")."
combine,combined,An authorization for use or disclosure of protected health information may not be combined with any other document to create a compound authorization  except as follows:,Legal/Regulatory,0.801,0.963,0.5,0.5,True,Inter-Domain,Software/IT,combine so as to form a whole; mix,General,join for a common purpose or in a common action,"The word ""combine"" appears in a sentence whose detected domain is ""Legal/Regulatory"".
  Candidate sense 1: [Software/IT] combine so as to form a whole; mix (context similarity=0.14)
  Candidate sense 2: [General] join for a common purpose or in a common action (context similarity=0.13)
Classified as INTER-DOMAIN ambiguity: the top two candidate senses belong to different application domains (""Software/IT"" vs. ""General"")."
content,content,Data content means all the data elements and code sets inherent to a transaction  and not related to the format of the transaction.,Finance/Business,0.799,0.96,0.5,0.5,True,Inter-Domain,General,"the sum or range of what has been perceived, discovered, or learned",Software/IT,everything that is included in a collection and that is held or included in something,"The word ""content"" appears in a sentence whose detected domain is ""Finance/Business"".
  Candidate sense 1: [General] the sum or range of what has been perceived, discovered, or learned (context similarity=0.13)
  Candidate sense 2: [Software/IT] everything that is included in a collection and that is held or included in something (context similarity=0.12)
Classified as INTER-DOMAIN ambiguity: the top two candidate senses belong to different application domains (""General"" vs. ""Software/IT"")."
mass,mass,(D) Calculate and display body mass index (BMI).,Software/IT,0.799,0.852,0.7,0.5,True,Inter-Domain,General,a body of matter without definite shape,Software/IT,a musical setting for a Mass,"The word ""mass"" appears in a sentence whose detected domain is ""Software/IT"".
  Candidate sense 1: [General] a body of matter without definite shape (context similarity=0.29)
  Candidate sense 2: [Software/IT] a musical setting for a Mass (context similarity=0.22)
Classified as INTER-DOMAIN ambiguity: the top two candidate senses belong to different application domains (""General"" vs. ""Software/IT"")."
reach,reach,(i) If the ONC-ACB submits a response  the National Coordinator is permitted up to 30 days from the time the response is received to evaluate the response and reach a decision.,Software/IT,0.799,0.853,0.7,0.0,True,Intra-Domain,Software/IT,"reach a point in time, or a certain state or level",Software/IT,"reach a goal, e.g.,","The word ""reach"" appears in a sentence whose detected domain is ""Software/IT"".
  Candidate sense 1: [Software/IT] reach a point in time, or a certain state or level (context similarity=0.13)
  Candidate sense 2: [Software/IT] reach a goal, e.g., (context similarity=0.10)
Classified as INTRA-DOMAIN ambiguity: the top two candidate senses both belong to the ""Software/IT"" domain but represent distinct concepts."
pool,pool,(xvi) A high risk pool that is a mechanism established under State law to provide health insurance coverage or comparable coverage to eligible individuals.,Finance/Business,0.799,0.852,0.7,0.0,True,Intra-Domain,Software/IT,an organization of people or resources that can be shared,Software/IT,any communal combination of funds,"The word ""pool"" appears in a sentence whose detected domain is ""Finance/Business"".
  Candidate sense 1: [Software/IT] an organization of people or resources that can be shared (context similarity=0.19)
  Candidate sense 2: [Software/IT] any communal combination of funds (context similarity=0.14)
Classified as INTRA-DOMAIN ambiguity: the top two candidate senses both belong to the ""Software/IT"" domain but represent distinct concepts."
home,home,(vii) An issuer of a long-term care policy  excluding a nursing home fixed-indemnity policy.,Legal/Regulatory,0.799,0.853,0.7,1.0,True,Inter-Domain,Software/IT,an institution where people are cared for,Legal/Regulatory,an environment offering affection and security,"The word ""home"" appears in a sentence whose detected domain is ""Legal/Regulatory"".
  Candidate sense 1: [Software/IT] an institution where people are cared for (context similarity=0.21)
  Candidate sense 2: [Legal/Regulatory] an environment offering affection and security (context similarity=0.16)
Classified as INTER-DOMAIN ambiguity: the top two candidate senses belong to different application domains (""Software/IT"" vs. ""Legal/Regulatory"")."
content,Content,Â§ 170.205   Content exchange standards and implementation specifications for exchanging electronic health information.,General,0.799,0.96,0.5,0.5,True,Inter-Domain,General,"the sum or range of what has been perceived, discovered, or learned",Software/IT,everything that is included in a collection and that is held or included in something,"The word ""content"" appears in a sentence whose detected domain is ""General"".
  Candidate sense 1: [General] the sum or range of what has been perceived, discovered, or learned (context similarity=0.17)
  Candidate sense 2: [Software/IT] everything that is included in a collection and that is held or included in something (context similarity=0.15)
Classified as INTER-DOMAIN ambiguity: the top two candidate senses belong to different application domains (""General"" vs. ""Software/IT"")."
connection,connection,(3) A health care provider who transmits any health information in electronic form in connection with a transaction covered by this subchapter.,Healthcare,0.798,0.85,0.7,0.0,True,Intra-Domain,Networking,shifting from one form of transportation to another,Networking,the state of being connected,"The word ""connection"" appears in a sentence whose detected domain is ""Healthcare"".
  Candidate sense 1: [Networking] shifting from one form of transportation to another (context similarity=0.17)
  Candidate sense 2: [Networking] the state of being connected (context similarity=0.13)
Classified as INTRA-DOMAIN ambiguity: the top two candidate senses both belong to the ""Networking"" domain but represent distinct concepts."
give,given,The Appointments Report ('Reports > Visits > Appointments') gives you a list of appointments for a given provider  or for all providers  in a specified date range.,Healthcare,0.795,0.685,1.0,0.0,True,Intra-Domain,Software/IT,occur,Software/IT,manifest or show,"The word ""give"" appears in a sentence whose detected domain is ""Healthcare"".
  Candidate sense 1: [Software/IT] occur (context similarity=0.13)
  Candidate sense 2: [Software/IT] manifest or show (context similarity=0.07)
Classified as INTRA-DOMAIN ambiguity: the top two candidate senses both belong to the ""Software/IT"" domain but represent distinct concepts."
give,gives,The Appointments Report ('Reports > Visits > Appointments') gives you a list of appointments for a given provider  or for all providers  in a specified date range.,Healthcare,0.795,0.685,1.0,0.0,True,Intra-Domain,Software/IT,occur,Software/IT,manifest or show,"The word ""give"" appears in a sentence whose detected domain is ""Healthcare"".
  Candidate sense 1: [Software/IT] occur (context similarity=0.13)
  Candidate sense 2: [Software/IT] manifest or show (context similarity=0.07)
Classified as INTRA-DOMAIN ambiguity: the top two candidate senses both belong to the ""Software/IT"" domain but represent distinct concepts."
produce,produce,The product shall produce search results in an acceptable time,Software/IT,0.794,0.953,0.5,0.0,True,Intra-Domain,Software/IT,create or manufacture a man-made product,Software/IT,bring onto the market or release,"The word ""produce"" appears in a sentence whose detected domain is ""Software/IT"".
  Candidate sense 1: [Software/IT] create or manufacture a man-made product (context similarity=0.25)
  Candidate sense 2: [Software/IT] bring onto the market or release (context similarity=0.23)
Classified as INTRA-DOMAIN ambiguity: the top two candidate senses both belong to the ""Software/IT"" domain but represent distinct concepts."
provide,provides,(D) The covered health care provider provides written notice to the individual that protected health information relating to the medical surveillance of the workplace and work-related illnesses and injuries is disclosed to the employer:,Healthcare,0.794,0.953,0.5,1.0,True,Inter-Domain,Legal/Regulatory,"determine (what is to happen in certain contingencies), especially by including a proviso condition or stipulation",Healthcare,supply means of subsistence; earn a living,"The word ""provide"" appears in a sentence whose detected domain is ""Healthcare"".
  Candidate sense 1: [Legal/Regulatory] determine (what is to happen in certain contingencies), especially by including a proviso condition or stipulation (context similarity=0.06)
  Candidate sense 2: [Healthcare] supply means of subsistence; earn a living (context similarity=0.05)
Classified as INTER-DOMAIN ambiguity: the top two candidate senses belong to different application domains (""Legal/Regulatory"" vs. ""Healthcare"")."
enter,enter,Most users will just need to enter a 'Initial User Password' for the OpenEMR User and a 'Password' for the sql user(these fields are circled in red in below screenshot).,Software/IT,0.793,0.844,0.7,0.5,True,Inter-Domain,Healthcare,become a participant; be involved in,Software/IT,come on stage,"The word ""enter"" appears in a sentence whose detected domain is ""Software/IT"".
  Candidate sense 1: [Healthcare] become a participant; be involved in (context similarity=0.15)
  Candidate sense 2: [Software/IT] come on stage (context similarity=0.11)
Classified as INTER-DOMAIN ambiguity: the top two candidate senses belong to different application domains (""Healthcare"" vs. ""Software/IT"")."
enter,Enter,Enter the appropriate information and click 'Save Form' to return to the Encounter summary page.,Healthcare,0.793,0.844,0.7,0.5,True,Inter-Domain,Healthcare,become a participant; be involved in,Software/IT,come on stage,"The word ""enter"" appears in a sentence whose detected domain is ""Healthcare"".
  Candidate sense 1: [Healthcare] become a participant; be involved in (context similarity=0.26)
  Candidate sense 2: [Software/IT] come on stage (context similarity=0.19)
Classified as INTER-DOMAIN ambiguity: the top two candidate senses belong to different application domains (""Healthcare"" vs. ""Software/IT"")."
application,applications,A system normally includes hardware  software  information  data  applications  communications  and people.,Software/IT,0.793,0.951,0.5,0.0,True,Intra-Domain,Software/IT,a program that gives a computer instructions that provide the user with tools to accomplish a task,Software/IT,the action of putting something into operation,"The word ""application"" appears in a sentence whose detected domain is ""Software/IT"".
  Candidate sense 1: [Software/IT] a program that gives a computer instructions that provide the user with tools to accomplish a task (context similarity=0.13)
  Candidate sense 2: [Software/IT] the action of putting something into operation (context similarity=0.12)
Classified as INTRA-DOMAIN ambiguity: the top two candidate senses both belong to the ""Software/IT"" domain but represent distinct concepts."
time,time,Final payments are determined at the time of settling the first 12-month hospital cost report for the hospital fiscal year that begins on or after the first day of the payment year  and settled on the basis of data from that cost reporting period.,Finance/Business,0.792,0.788,0.8,0.0,True,Intra-Domain,Software/IT,an indefinite period (usually marked by specific attributes or activities),Software/IT,a period of time considered as a resource under your control and sufficient to accomplish something,"The word ""time"" appears in a sentence whose detected domain is ""Finance/Business"".
  Candidate sense 1: [Software/IT] an indefinite period (usually marked by specific attributes or activities) (context similarity=0.18)
  Candidate sense 2: [Software/IT] a period of time considered as a resource under your control and sufficient to accomplish something (context similarity=0.11)
Classified as INTRA-DOMAIN ambiguity: the top two candidate senses both belong to the ""Software/IT"" domain but represent distinct concepts."
enter,entering,If the patient is not already in the system  you can select 'New or Search' from the menu to begin entering their information.,General,0.792,0.842,0.7,1.0,True,Inter-Domain,General,set out on (an enterprise or subject of study),Healthcare,register formally as a participant or member,"The word ""enter"" appears in a sentence whose detected domain is ""General"".
  Candidate sense 1: [General] set out on (an enterprise or subject of study) (context similarity=0.05)
  Candidate sense 2: [Healthcare] register formally as a participant or member (context similarity=0.04)
Classified as INTER-DOMAIN ambiguity: the top two candidate senses belong to different application domains (""General"" vs. ""Healthcare"")."
business,business,Maintain an audit log of tracking numbers in a file that is treated as a business record of the organization.,Software/IT,0.792,0.841,0.7,0.0,True,Intra-Domain,Software/IT,a commercial or industrial enterprise and the people who constitute it,Software/IT,business concerns collectively,"The word ""business"" appears in a sentence whose detected domain is ""Software/IT"".
  Candidate sense 1: [Software/IT] a commercial or industrial enterprise and the people who constitute it (context similarity=0.25)
  Candidate sense 2: [Software/IT] business concerns collectively (context similarity=0.18)
Classified as INTRA-DOMAIN ambiguity: the top two candidate senses both belong to the ""Software/IT"" domain but represent distinct concepts."
respect,respect,(1) Preventive  diagnostic  therapeutic  rehabilitative  maintenance  or palliative care  and counseling  service  assessment  or procedure with respect to the physical or mental condition  or functional status  of an individual or that affects the structure or function of the body; and,General,0.791,0.948,0.5,0.5,True,Intra-Domain,Software/IT,an attitude of admiration or esteem,Software/IT,(usually preceded by `in') a detail or point,"The word ""respect"" appears in a sentence whose detected domain is ""General"".
  Candidate sense 1: [Software/IT] an attitude of admiration or esteem (context similarity=0.10)
  Candidate sense 2: [Software/IT] (usually preceded by `in') a detail or point (context similarity=0.09)
Classified as INTRA-DOMAIN ambiguity: the top two candidate senses both belong to the ""Software/IT"" domain but represent distinct concepts."
identify,identified,(1) Uses and disclosures to create de-identified information.,General,0.79,1.0,0.4,0.0,True,Intra-Domain,Software/IT,consider (oneself) as similar to somebody else,Software/IT,consider to be equal or the same,"The word ""identify"" appears in a sentence whose detected domain is ""General"".
  Candidate sense 1: [Software/IT] consider (oneself) as similar to somebody else (context similarity=0.20)
  Candidate sense 2: [Software/IT] consider to be equal or the same (context similarity=0.20)
Classified as INTRA-DOMAIN ambiguity: the top two candidate senses both belong to the ""Software/IT"" domain but represent distinct concepts."
combination,combination,The system has the capability to record progress notes utilizing a combination of system default  provider customizable  and provider-defined templates.,Healthcare,0.79,0.946,0.5,0.0,True,Intra-Domain,Software/IT,a sequence of numbers or letters that opens a combination lock,Software/IT,a group of people (often temporary) having a common purpose,"The word ""combination"" appears in a sentence whose detected domain is ""Healthcare"".
  Candidate sense 1: [Software/IT] a sequence of numbers or letters that opens a combination lock (context similarity=0.14)
  Candidate sense 2: [Software/IT] a group of people (often temporary) having a common purpose (context similarity=0.12)
Classified as INTRA-DOMAIN ambiguity: the top two candidate senses both belong to the ""Software/IT"" domain but represent distinct concepts."
identify,identified,The solution should provide the ability to automatically alert the provider if contraindications to the ordered dosage range are identified.,Healthcare,0.79,1.0,0.4,0.0,True,Intra-Domain,Software/IT,consider (oneself) as similar to somebody else,Software/IT,consider to be equal or the same,"The word ""identify"" appears in a sentence whose detected domain is ""Healthcare"".
  Candidate sense 1: [Software/IT] consider (oneself) as similar to somebody else (context similarity=0.13)
  Candidate sense 2: [Software/IT] consider to be equal or the same (context similarity=0.13)
Classified as INTRA-DOMAIN ambiguity: the top two candidate senses both belong to the ""Software/IT"" domain but represent distinct concepts."
identify,identified,(i) If a single QMS was used for applicable capabilities  it would only need to be identified once.,Software/IT,0.79,1.0,0.4,0.0,True,Intra-Domain,Software/IT,consider (oneself) as similar to somebody else,Software/IT,consider to be equal or the same,"The word ""identify"" appears in a sentence whose detected domain is ""Software/IT"".
  Candidate sense 1: [Software/IT] consider (oneself) as similar to somebody else (context similarity=0.16)
  Candidate sense 2: [Software/IT] consider to be equal or the same (context similarity=0.16)
Classified as INTRA-DOMAIN ambiguity: the top two candidate senses both belong to the ""Software/IT"" domain but represent distinct concepts."
combination,combination,The solution should perform drug dosage functions using any component of a combination drug (e.g.  acetaminophen-hydrocodone).,Healthcare,0.79,0.946,0.5,0.0,True,Intra-Domain,Software/IT,a sequence of numbers or letters that opens a combination lock,Software/IT,a group of people (often temporary) having a common purpose,"The word ""combination"" appears in a sentence whose detected domain is ""Healthcare"".
  Candidate sense 1: [Software/IT] a sequence of numbers or letters that opens a combination lock (context similarity=0.15)
  Candidate sense 2: [Software/IT] a group of people (often temporary) having a common purpose (context similarity=0.13)
Classified as INTRA-DOMAIN ambiguity: the top two candidate senses both belong to the ""Software/IT"" domain but represent distinct concepts."
provide,provide,The solution should provide audit capabilities indicating the time stamp for an object or data extraction in accordance with user's scope or practice  organizational policy  or jurisdictional law.,Legal/Regulatory,0.789,0.945,0.5,0.5,True,Intra-Domain,General,take measures in preparation for,General,make a possibility or provide opportunity for; permit to be attainable or cause to remain,"The word ""provide"" appears in a sentence whose detected domain is ""Legal/Regulatory"".
  Candidate sense 1: [General] take measures in preparation for (context similarity=0.06)
  Candidate sense 2: [General] make a possibility or provide opportunity for; permit to be attainable or cause to remain (context similarity=0.06)
Classified as INTRA-DOMAIN ambiguity: the top two candidate senses both belong to the ""General"" domain but represent distinct concepts."
provide,provide,The system shall provide the ability to capture and maintain at least one reason for overriding any drug-drug or drug-allergy or intolerance interaction warning triggered at the time of medication prescribing or ordering.,Healthcare,0.789,0.945,0.5,0.5,True,Intra-Domain,General,take measures in preparation for,General,make a possibility or provide opportunity for; permit to be attainable or cause to remain,"The word ""provide"" appears in a sentence whose detected domain is ""Healthcare"".
  Candidate sense 1: [General] take measures in preparation for (context similarity=0.05)
  Candidate sense 2: [General] make a possibility or provide opportunity for; permit to be attainable or cause to remain (context similarity=0.05)
Classified as INTRA-DOMAIN ambiguity: the top two candidate senses both belong to the ""General"" domain but represent distinct concepts."
support,support,The solution should support W3C Secure Hypertext Transfer Protocol (HTTPS).,Networking,0.788,0.728,0.9,0.0,True,Intra-Domain,Software/IT,support materially or financially,Software/IT,"give moral or psychological support, aid, or courage to","The word ""support"" appears in a sentence whose detected domain is ""Networking"".
  Candidate sense 1: [Software/IT] support materially or financially (context similarity=0.22)
  Candidate sense 2: [Software/IT] give moral or psychological support, aid, or courage to (context similarity=0.13)
Classified as INTRA-DOMAIN ambiguity: the top two candidate senses both belong to the ""Software/IT"" domain but represent distinct concepts."
formula,formula,Product formula ingredients shall allow defining substitutionary ingredients.,Software/IT,0.788,0.942,0.5,0.5,True,Intra-Domain,Software/IT,a representation of a substance using symbols for its constituent elements,Software/IT,directions for making something,"The word ""formula"" appears in a sentence whose detected domain is ""Software/IT"".
  Candidate sense 1: [Software/IT] a representation of a substance using symbols for its constituent elements (context similarity=0.15)
  Candidate sense 2: [Software/IT] directions for making something (context similarity=0.13)
Classified as INTRA-DOMAIN ambiguity: the top two candidate senses both belong to the ""Software/IT"" domain but represent distinct concepts."
resolve,resolved,The solution should provide the ability to manually modify and update task status (e.g. created  performed  held  canceled  pended  denied  and resolved).,General,0.787,0.942,0.5,0.0,True,Intra-Domain,Software/IT,make clearly visible,Software/IT,reach a decision,"The word ""resolve"" appears in a sentence whose detected domain is ""General"".
  Candidate sense 1: [Software/IT] make clearly visible (context similarity=0.11)
  Candidate sense 2: [Software/IT] reach a decision (context similarity=0.10)
Classified as INTRA-DOMAIN ambiguity: the top two candidate senses both belong to the ""Software/IT"" domain but represent distinct concepts."
right,right,Data Recipient shall have the right to use all Individually Identifiable Health Information (IIHI) provided to it by the Data Custodian for the Research  Public Health or Health Care Operations purposes as listed below (be brief but use as much space as necessary):,Software/IT,0.787,0.887,0.6,0.5,True,Inter-Domain,General,location near or direction toward the right side; i.e. the side to the south when a person or object faces east,Software/IT,the piece of ground in the outfield on the catcher's right,"The word ""right"" appears in a sentence whose detected domain is ""Software/IT"".
  Candidate sense 1: [General] location near or direction toward the right side; i.e. the side to the south when a person or object faces east (context similarity=0.11)
  Candidate sense 2: [Software/IT] the piece of ground in the outfield on the catcher's right (context similarity=0.09)
Classified as INTER-DOMAIN ambiguity: the top two candidate senses belong to different application domains (""General"" vs. ""Software/IT"")."
transportation,Transportation,(vii) Transportation services including ambulance.,Software/IT,0.786,0.993,0.4,0.5,True,Intra-Domain,Software/IT,the United States federal department that institutes and coordinates national transportation programs; created in 1966,Software/IT,a facility consisting of the means and equipment necessary for the movement of passengers or goods,"The word ""transportation"" appears in a sentence whose detected domain is ""Software/IT"".
  Candidate sense 1: [Software/IT] the United States federal department that institutes and coordinates national transportation programs; created in 1966 (context similarity=0.20)
  Candidate sense 2: [Software/IT] a facility consisting of the means and equipment necessary for the movement of passengers or goods (context similarity=0.20)
Classified as INTRA-DOMAIN ambiguity: the top two candidate senses both belong to the ""Software/IT"" domain but represent distinct concepts."
report,report,In order to receive a payment under this part  a provider must report the required data under subpart A and this subpart within the EHR reporting period described in Â§ 495.4.,General,0.786,0.994,0.4,0.0,True,Intra-Domain,General,to give an account or representation of in words,General,announce one's presence,"The word ""report"" appears in a sentence whose detected domain is ""General"".
  Candidate sense 1: [General] to give an account or representation of in words (context similarity=0.13)
  Candidate sense 2: [General] announce one's presence (context similarity=0.12)
Classified as INTRA-DOMAIN ambiguity: the top two candidate senses both belong to the ""General"" domain but represent distinct concepts."
reason,reason,The solution should provide the ability to capture the reason for deactivation of an item on the list.,General,0.785,0.993,0.4,0.0,True,Intra-Domain,General,a justification for something existing or happening,General,a fact that logically justifies some premise or conclusion,"The word ""reason"" appears in a sentence whose detected domain is ""General"".
  Candidate sense 1: [General] a justification for something existing or happening (context similarity=0.18)
  Candidate sense 2: [General] a fact that logically justifies some premise or conclusion (context similarity=0.18)
Classified as INTRA-DOMAIN ambiguity: the top two candidate senses both belong to the ""General"" domain but represent distinct concepts."
claim,claim,A health care claim status transaction is the transmission of either of the following:,Finance/Business,0.785,0.992,0.4,0.0,True,Intra-Domain,Finance/Business,an established or recognized right,Finance/Business,demand for something as rightful or due,"The word ""claim"" appears in a sentence whose detected domain is ""Finance/Business"".
  Candidate sense 1: [Finance/Business] an established or recognized right (context similarity=0.21)
  Candidate sense 2: [Finance/Business] demand for something as rightful or due (context similarity=0.21)
Classified as INTRA-DOMAIN ambiguity: the top two candidate senses both belong to the ""Finance/Business"" domain but represent distinct concepts."
reason,reason,The system shall provide the ability to capture and maintain at least one reason for overriding any drug-drug or drug-allergy or intolerance interaction warning triggered at the time of medication prescribing or ordering.,Healthcare,0.785,0.993,0.4,0.0,True,Intra-Domain,General,a justification for something existing or happening,General,a fact that logically justifies some premise or conclusion,"The word ""reason"" appears in a sentence whose detected domain is ""Healthcare"".
  Candidate sense 1: [General] a justification for something existing or happening (context similarity=0.09)
  Candidate sense 2: [General] a fact that logically justifies some premise or conclusion (context similarity=0.09)
Classified as INTRA-DOMAIN ambiguity: the top two candidate senses both belong to the ""General"" domain but represent distinct concepts."
reason,reason,The leads washing functionality will return the lead data supplied to the vendor along with the reason of rejection.,Finance/Business,0.785,0.993,0.4,0.0,True,Intra-Domain,General,a justification for something existing or happening,General,a fact that logically justifies some premise or conclusion,"The word ""reason"" appears in a sentence whose detected domain is ""Finance/Business"".
  Candidate sense 1: [General] a justification for something existing or happening (context similarity=0.14)
  Candidate sense 2: [General] a fact that logically justifies some premise or conclusion (context similarity=0.14)
Classified as INTRA-DOMAIN ambiguity: the top two candidate senses both belong to the ""General"" domain but represent distinct concepts."
number,number,The user clicks this number to view his or her message inbox.,Software/IT,0.784,0.722,0.9,0.5,True,Intra-Domain,General,the number is used in calling a particular telephone,General,an item of merchandise offered for sale,"The word ""number"" appears in a sentence whose detected domain is ""Software/IT"".
  Candidate sense 1: [General] the number is used in calling a particular telephone (context similarity=0.28)
  Candidate sense 2: [General] an item of merchandise offered for sale (context similarity=0.16)
Classified as INTRA-DOMAIN ambiguity: the top two candidate senses both belong to the ""General"" domain but represent distinct concepts."
analysis,Analysis,5.8 Static Analysis.,Software/IT,0.784,0.99,0.4,0.0,True,Intra-Domain,Software/IT,an investigation of the component parts of a whole and their relations in making up the whole,Software/IT,a form of literary criticism in which the structure of a piece of writing is analyzed,"The word ""analysis"" appears in a sentence whose detected domain is ""Software/IT"".
  Candidate sense 1: [Software/IT] an investigation of the component parts of a whole and their relations in making up the whole (context similarity=0.19)
  Candidate sense 2: [Software/IT] a form of literary criticism in which the structure of a piece of writing is analyzed (context similarity=0.19)
Classified as INTRA-DOMAIN ambiguity: the top two candidate senses both belong to the ""Software/IT"" domain but represent distinct concepts."
statement,statement,(iii) For the purposes of paragraph (e)(1)(ii)(A) of this section  a covered entity receives satisfactory assurances from a party seeking protecting health information if the covered entity receives from such party a written statement and accompanying documentation demonstrating that:,General,0.783,0.936,0.5,0.0,True,Intra-Domain,Finance/Business,a nonverbal message,Finance/Business,a message that is stated or declared; a communication (oral or written) setting forth particulars or facts etc,"The word ""statement"" appears in a sentence whose detected domain is ""General"".
  Candidate sense 1: [Finance/Business] a nonverbal message (context similarity=0.09)
  Candidate sense 2: [Finance/Business] a message that is stated or declared; a communication (oral or written) setting forth particulars or facts etc (context similarity=0.08)
Classified as INTRA-DOMAIN ambiguity: the top two candidate senses both belong to the ""Finance/Business"" domain but represent distinct concepts."
term,term,(vii) An issuer of a long-term care policy  excluding a nursing home fixed-indemnity policy.,Legal/Regulatory,0.783,0.935,0.5,0.0,True,Intra-Domain,Software/IT,a limited period of time,Software/IT,the end of gestation or point at which birth is imminent,"The word ""term"" appears in a sentence whose detected domain is ""Legal/Regulatory"".
  Candidate sense 1: [Software/IT] a limited period of time (context similarity=0.19)
  Candidate sense 2: [Software/IT] the end of gestation or point at which birth is imminent (context similarity=0.16)
Classified as INTRA-DOMAIN ambiguity: the top two candidate senses both belong to the ""Software/IT"" domain but represent distinct concepts."
match,match,The information in the report or file created must be of sufficient detail such that it enables a user to match those patients or actions to meet the measure's denominator limitations when necessary to generate an accurate percentage.,General,0.783,0.773,0.8,0.0,True,Intra-Domain,Software/IT,satisfy or fulfill,Software/IT,be equal or harmonize,"The word ""match"" appears in a sentence whose detected domain is ""General"".
  Candidate sense 1: [Software/IT] satisfy or fulfill (context similarity=0.20)
  Candidate sense 2: [Software/IT] be equal or harmonize (context similarity=0.12)
Classified as INTRA-DOMAIN ambiguity: the top two candidate senses both belong to the ""Software/IT"" domain but represent distinct concepts."
statement,statement,The covered entity may prepare a written rebuttal to the individual's statement of disagreement.,General,0.783,0.936,0.5,0.0,True,Intra-Domain,Finance/Business,a nonverbal message,Finance/Business,a message that is stated or declared; a communication (oral or written) setting forth particulars or facts etc,"The word ""statement"" appears in a sentence whose detected domain is ""General"".
  Candidate sense 1: [Finance/Business] a nonverbal message (context similarity=0.20)
  Candidate sense 2: [Finance/Business] a message that is stated or declared; a communication (oral or written) setting forth particulars or facts etc (context similarity=0.17)
Classified as INTRA-DOMAIN ambiguity: the top two candidate senses both belong to the ""Finance/Business"" domain but represent distinct concepts."
handle,handle,The system has the capability to handle order communication within the integrated modules (Rad or Lab or Rx) along with communication to any potential interfaced modules.,Healthcare,0.782,0.987,0.4,0.0,True,Intra-Domain,Software/IT,"touch, lift, or hold with the hands",Software/IT,interact in a certain way,"The word ""handle"" appears in a sentence whose detected domain is ""Healthcare"".
  Candidate sense 1: [Software/IT] touch, lift, or hold with the hands (context similarity=0.11)
  Candidate sense 2: [Software/IT] interact in a certain way (context similarity=0.11)
Classified as INTRA-DOMAIN ambiguity: the top two candidate senses both belong to the ""Software/IT"" domain but represent distinct concepts."
window,window,This brings up the Edit Event window.,General,0.782,0.88,0.6,0.0,True,Intra-Domain,Software/IT,an opening that resembles a window in appearance or function,Software/IT,the time period that is considered best for starting or finishing something,"The word ""window"" appears in a sentence whose detected domain is ""General"".
  Candidate sense 1: [Software/IT] an opening that resembles a window in appearance or function (context similarity=0.37)
  Candidate sense 2: [Software/IT] the time period that is considered best for starting or finishing something (context similarity=0.29)
Classified as INTRA-DOMAIN ambiguity: the top two candidate senses both belong to the ""Software/IT"" domain but represent distinct concepts."
appear,appear,The appearance of the product shall appear professional,Software/IT,0.782,0.934,0.5,0.5,True,Inter-Domain,General,"appear as a character on stage or appear in a play, etc.",Software/IT,"present oneself formally, as before a (judicial) authority","The word ""appear"" appears in a sentence whose detected domain is ""Software/IT"".
  Candidate sense 1: [General] appear as a character on stage or appear in a play, etc. (context similarity=0.29)
  Candidate sense 2: [Software/IT] present oneself formally, as before a (judicial) authority (context similarity=0.26)
Classified as INTER-DOMAIN ambiguity: the top two candidate senses belong to different application domains (""General"" vs. ""Software/IT"")."
record,record,(ii) If an action  activity or assessment is required by this subpart to be documented  maintain a written (which may be electronic) record of the action  activity  or assessment.,General,0.781,0.878,0.6,0.5,True,Inter-Domain,Healthcare,the sum of recognized accomplishments,Finance/Business,a document that can serve as legal evidence of a transaction,"The word ""record"" appears in a sentence whose detected domain is ""General"".
  Candidate sense 1: [Healthcare] the sum of recognized accomplishments (context similarity=0.17)
  Candidate sense 2: [Finance/Business] a document that can serve as legal evidence of a transaction (context similarity=0.13)
Classified as INTER-DOMAIN ambiguity: the top two candidate senses belong to different application domains (""Healthcare"" vs. ""Finance/Business"")."
body,body,(1) Preventive  diagnostic  therapeutic  rehabilitative  maintenance  or palliative care  and counseling  service  assessment  or procedure with respect to the physical or mental condition  or functional status  of an individual or that affects the structure or function of the body; and,General,0.781,0.717,0.9,0.5,True,Intra-Domain,General,"the entire structure of an organism (an animal, plant, or human being)",General,an individual 3-dimensional object that has mass and that is distinguishable from other objects,"The word ""body"" appears in a sentence whose detected domain is ""General"".
  Candidate sense 1: [General] the entire structure of an organism (an animal, plant, or human being) (context similarity=0.18)
  Candidate sense 2: [General] an individual 3-dimensional object that has mass and that is distinguishable from other objects (context similarity=0.10)
Classified as INTRA-DOMAIN ambiguity: the top two candidate senses both belong to the ""General"" domain but represent distinct concepts."
sheet,Sheet,Using the Fee Sheet.,Finance/Business,0.781,0.879,0.6,0.0,True,Intra-Domain,Software/IT,any broad thin expanse or surface,Software/IT,paper used for writing or printing,"The word ""sheet"" appears in a sentence whose detected domain is ""Finance/Business"".
  Candidate sense 1: [Software/IT] any broad thin expanse or surface (context similarity=0.27)
  Candidate sense 2: [Software/IT] paper used for writing or printing (context similarity=0.21)
Classified as INTRA-DOMAIN ambiguity: the top two candidate senses both belong to the ""Software/IT"" domain but represent distinct concepts."
display,display,The table side of the display shall be split into 2 regions: sequential and temporal.,Software/IT,0.78,0.984,0.4,0.0,True,Intra-Domain,Software/IT,behavior that makes your feelings public,Software/IT,exhibiting openly in public view,"The word ""display"" appears in a sentence whose detected domain is ""Software/IT"".
  Candidate sense 1: [Software/IT] behavior that makes your feelings public (context similarity=0.18)
  Candidate sense 2: [Software/IT] exhibiting openly in public view (context similarity=0.17)
Classified as INTRA-DOMAIN ambiguity: the top two candidate senses both belong to the ""Software/IT"" domain but represent distinct concepts."
display,display,(1) Transitions of careâreceive  display  and incorporate transition of care or referral summaries.,Software/IT,0.78,0.984,0.4,0.0,True,Intra-Domain,Software/IT,behavior that makes your feelings public,Software/IT,exhibiting openly in public view,"The word ""display"" appears in a sentence whose detected domain is ""Software/IT"".
  Candidate sense 1: [Software/IT] behavior that makes your feelings public (context similarity=0.15)
  Candidate sense 2: [Software/IT] exhibiting openly in public view (context similarity=0.15)
Classified as INTRA-DOMAIN ambiguity: the top two candidate senses both belong to the ""Software/IT"" domain but represent distinct concepts."
display,display,The solution should capture  display and report a history of all problems associated with a patient.,Healthcare,0.78,0.984,0.4,0.0,True,Intra-Domain,Software/IT,behavior that makes your feelings public,Software/IT,exhibiting openly in public view,"The word ""display"" appears in a sentence whose detected domain is ""Healthcare"".
  Candidate sense 1: [Software/IT] behavior that makes your feelings public (context similarity=0.19)
  Candidate sense 2: [Software/IT] exhibiting openly in public view (context similarity=0.18)
Classified as INTRA-DOMAIN ambiguity: the top two candidate senses both belong to the ""Software/IT"" domain but represent distinct concepts."
display,display,The solution should capture  display and report all immunizations associated with a patient.,General,0.78,0.984,0.4,0.0,True,Intra-Domain,Software/IT,behavior that makes your feelings public,Software/IT,exhibiting openly in public view,"The word ""display"" appears in a sentence whose detected domain is ""General"".
  Candidate sense 1: [Software/IT] behavior that makes your feelings public (context similarity=0.19)
  Candidate sense 2: [Software/IT] exhibiting openly in public view (context similarity=0.18)
Classified as INTRA-DOMAIN ambiguity: the top two candidate senses both belong to the ""Software/IT"" domain but represent distinct concepts."
standard,Standard,The Healthcare Information Technology Standards Panel (HITSP) Summary Documents Using HL7 CCD Component HITSP or C32 ASTM E2369 Standard.,Legal/Regulatory,0.779,0.984,0.4,0.0,True,Intra-Domain,Legal/Regulatory,the ideal in terms of which something can be judged,Legal/Regulatory,an upright pole or beam (especially one used as a support),"The word ""standard"" appears in a sentence whose detected domain is ""Legal/Regulatory"".
  Candidate sense 1: [Legal/Regulatory] the ideal in terms of which something can be judged (context similarity=0.11)
  Candidate sense 2: [Legal/Regulatory] an upright pole or beam (especially one used as a support) (context similarity=0.10)
Classified as INTRA-DOMAIN ambiguity: the top two candidate senses both belong to the ""Legal/Regulatory"" domain but represent distinct concepts."
use,Use,Use the applicable medical data code sets described in Â§162.1002 as specified in the implementation specification adopted under this part that are valid at the time the health care is furnished.,Healthcare,0.779,0.983,0.4,1.0,True,Inter-Domain,Software/IT,"use up, consume fully",Healthcare,avail oneself to,"The word ""use"" appears in a sentence whose detected domain is ""Healthcare"".
  Candidate sense 1: [Software/IT] use up, consume fully (context similarity=0.10)
  Candidate sense 2: [Healthcare] avail oneself to (context similarity=0.10)
Classified as INTER-DOMAIN ambiguity: the top two candidate senses belong to different application domains (""Software/IT"" vs. ""Healthcare"")."
standards,Standards,The Healthcare Information Technology Standards Panel (HITSP) Summary Documents Using HL7 CCD Component HITSP or C32 ASTM E2369 Standard.,Legal/Regulatory,0.779,0.984,0.4,0.0,True,Intra-Domain,Legal/Regulatory,the ideal in terms of which something can be judged,Legal/Regulatory,an upright pole or beam (especially one used as a support),"The word ""standards"" appears in a sentence whose detected domain is ""Legal/Regulatory"".
  Candidate sense 1: [Legal/Regulatory] the ideal in terms of which something can be judged (context similarity=0.11)
  Candidate sense 2: [Legal/Regulatory] an upright pole or beam (especially one used as a support) (context similarity=0.10)
Classified as INTRA-DOMAIN ambiguity: the top two candidate senses both belong to the ""Legal/Regulatory"" domain but represent distinct concepts."
example,example,The solution should allow on-line entry of  and updates to  inmate medication profiles from non-pharmacy locations (for example; in the ED  Psychiatric Ward  etc).,Healthcare,0.778,0.982,0.4,0.5,True,Inter-Domain,General,an item of information that is typical of a class or group,Software/IT,a representative form or pattern,"The word ""example"" appears in a sentence whose detected domain is ""Healthcare"".
  Candidate sense 1: [General] an item of information that is typical of a class or group (context similarity=0.13)
  Candidate sense 2: [Software/IT] a representative form or pattern (context similarity=0.12)
Classified as INTER-DOMAIN ambiguity: the top two candidate senses belong to different application domains (""General"" vs. ""Software/IT"")."
stop,stop,The system has the capability for an automatic pre-notification to Ordering Clinicians that order will stop.,Legal/Regulatory,0.778,0.712,0.9,0.0,True,Intra-Domain,Software/IT,cause to stop,Software/IT,"stop and wait, as if awaiting further instructions or developments","The word ""stop"" appears in a sentence whose detected domain is ""Legal/Regulatory"".
  Candidate sense 1: [Software/IT] cause to stop (context similarity=0.27)
  Candidate sense 2: [Software/IT] stop and wait, as if awaiting further instructions or developments (context similarity=0.15)
Classified as INTRA-DOMAIN ambiguity: the top two candidate senses both belong to the ""Software/IT"" domain but represent distinct concepts."
provide,provide,The system shall provide the ability to capture patient history as both a presence and absence of conditions  i.e.  the specification of the absence of a personal or family history of a specific diagnosis  procedure or health risk behavior.,Healthcare,0.777,0.926,0.5,0.5,True,Intra-Domain,General,make a possibility or provide opportunity for; permit to be attainable or cause to remain,General,take measures in preparation for,"The word ""provide"" appears in a sentence whose detected domain is ""Healthcare"".
  Candidate sense 1: [General] make a possibility or provide opportunity for; permit to be attainable or cause to remain (context similarity=0.06)
  Candidate sense 2: [General] take measures in preparation for (context similarity=0.06)
Classified as INTRA-DOMAIN ambiguity: the top two candidate senses both belong to the ""General"" domain but represent distinct concepts."
manage,manage,The solution should have a standard bi-directional interface to a variety of  storage and retrieval systems that automate and manage inventory throughout the receiving  storage  retrieval  and distribution process.,Software/IT,0.776,0.925,0.5,0.0,True,Intra-Domain,Software/IT,carry on or function,Software/IT,handle effectively,"The word ""manage"" appears in a sentence whose detected domain is ""Software/IT"".
  Candidate sense 1: [Software/IT] carry on or function (context similarity=0.11)
  Candidate sense 2: [Software/IT] handle effectively (context similarity=0.09)
Classified as INTRA-DOMAIN ambiguity: the top two candidate senses both belong to the ""Software/IT"" domain but represent distinct concepts."
manage,Manage,Manage Patient Demographics,Healthcare,0.776,0.925,0.5,0.0,True,Intra-Domain,Software/IT,carry on or function,Software/IT,handle effectively,"The word ""manage"" appears in a sentence whose detected domain is ""Healthcare"".
  Candidate sense 1: [Software/IT] carry on or function (context similarity=0.28)
  Candidate sense 2: [Software/IT] handle effectively (context similarity=0.24)
Classified as INTRA-DOMAIN ambiguity: the top two candidate senses both belong to the ""Software/IT"" domain but represent distinct concepts."
manage,manage,The solution should provide the ability to manage the lifecycle of the states of the notifications and reminders.,Software/IT,0.776,0.925,0.5,0.0,True,Intra-Domain,Software/IT,carry on or function,Software/IT,handle effectively,"The word ""manage"" appears in a sentence whose detected domain is ""Software/IT"".
  Candidate sense 1: [Software/IT] carry on or function (context similarity=0.18)
  Candidate sense 2: [Software/IT] handle effectively (context similarity=0.15)
Classified as INTRA-DOMAIN ambiguity: the top two candidate senses both belong to the ""Software/IT"" domain but represent distinct concepts."
organization,organization,Designated standard maintenance organization (DSMO) means an organization designated by the Secretary under Â§162.910(a).,Legal/Regulatory,0.775,0.924,0.5,0.5,True,Intra-Domain,General,the activity or result of distributing or disposing persons or things properly or methodically,General,an ordered manner; orderliness by virtue of being methodical and well organized,"The word ""organization"" appears in a sentence whose detected domain is ""Legal/Regulatory"".
  Candidate sense 1: [General] the activity or result of distributing or disposing persons or things properly or methodically (context similarity=0.19)
  Candidate sense 2: [General] an ordered manner; orderliness by virtue of being methodical and well organized (context similarity=0.16)
Classified as INTRA-DOMAIN ambiguity: the top two candidate senses both belong to the ""General"" domain but represent distinct concepts."
organization,organization,Designated standard maintenance organization (DSMO) means an organization designated by the Secretary under Â§162.910(a).,Legal/Regulatory,0.775,0.924,0.5,0.5,True,Intra-Domain,General,the activity or result of distributing or disposing persons or things properly or methodically,General,an ordered manner; orderliness by virtue of being methodical and well organized,"The word ""organization"" appears in a sentence whose detected domain is ""Legal/Regulatory"".
  Candidate sense 1: [General] the activity or result of distributing or disposing persons or things properly or methodically (context similarity=0.19)
  Candidate sense 2: [General] an ordered manner; orderliness by virtue of being methodical and well organized (context similarity=0.16)
Classified as INTRA-DOMAIN ambiguity: the top two candidate senses both belong to the ""General"" domain but represent distinct concepts."
upgrade,upgrade,(1) The incentive is intended to offset the costs associated with the initial adoption  implementation or upgrade of certified electronic health records technology.,Software/IT,0.775,0.977,0.4,0.0,True,Intra-Domain,Software/IT,a reservation that is improved,Software/IT,the act of improving something (especially machinery) by raising it to a higher grade (as by adding or replacing components),"The word ""upgrade"" appears in a sentence whose detected domain is ""Software/IT"".
  Candidate sense 1: [Software/IT] a reservation that is improved (context similarity=0.13)
  Candidate sense 2: [Software/IT] the act of improving something (especially machinery) by raising it to a higher grade (as by adding or replacing components) (context similarity=0.13)
Classified as INTRA-DOMAIN ambiguity: the top two candidate senses both belong to the ""Software/IT"" domain but represent distinct concepts."
organization,organization,(2) A qualifying MA organization must provide CMS with the following for each MA EP or eligible hospital when reporting under either paragraph (b)(1) or (b)(3) of this section:,Healthcare,0.775,0.924,0.5,0.5,True,Intra-Domain,General,the activity or result of distributing or disposing persons or things properly or methodically,General,an ordered manner; orderliness by virtue of being methodical and well organized,"The word ""organization"" appears in a sentence whose detected domain is ""Healthcare"".
  Candidate sense 1: [General] the activity or result of distributing or disposing persons or things properly or methodically (context similarity=0.08)
  Candidate sense 2: [General] an ordered manner; orderliness by virtue of being methodical and well organized (context similarity=0.07)
Classified as INTRA-DOMAIN ambiguity: the top two candidate senses both belong to the ""General"" domain but represent distinct concepts."
alert,alert,The Proposer shall monitor the computing systems (24 by 7) and communications circuits to report and alert on compromised system health  security  availability and capacity.,General,0.774,0.921,0.5,0.0,True,Intra-Domain,Software/IT,engaged in or accustomed to close observation,Software/IT,a warning serves to make you more alert to danger,"The word ""alert"" appears in a sentence whose detected domain is ""General"".
  Candidate sense 1: [Software/IT] engaged in or accustomed to close observation (context similarity=0.17)
  Candidate sense 2: [Software/IT] a warning serves to make you more alert to danger (context similarity=0.15)
Classified as INTRA-DOMAIN ambiguity: the top two candidate senses both belong to the ""Software/IT"" domain but represent distinct concepts."
use,Use,US Department of Health and Human Services Remote Monitoring Use Case.,Software/IT,0.774,0.922,0.5,0.0,True,Intra-Domain,Software/IT,a particular service,Software/IT,(economics) the utilization of economic goods to satisfy needs or in manufacturing,"The word ""use"" appears in a sentence whose detected domain is ""Software/IT"".
  Candidate sense 1: [Software/IT] a particular service (context similarity=0.16)
  Candidate sense 2: [Software/IT] (economics) the utilization of economic goods to satisfy needs or in manufacturing (context similarity=0.14)
Classified as INTRA-DOMAIN ambiguity: the top two candidate senses both belong to the ""Software/IT"" domain but represent distinct concepts."
alert,alert,The solution should provide the ability to automatically alert the provider if contraindications to the ordered dosage range are identified.,Healthcare,0.774,0.921,0.5,0.0,True,Intra-Domain,Software/IT,engaged in or accustomed to close observation,Software/IT,a warning serves to make you more alert to danger,"The word ""alert"" appears in a sentence whose detected domain is ""Healthcare"".
  Candidate sense 1: [Software/IT] engaged in or accustomed to close observation (context similarity=0.21)
  Candidate sense 2: [Software/IT] a warning serves to make you more alert to danger (context similarity=0.18)
Classified as INTRA-DOMAIN ambiguity: the top two candidate senses both belong to the ""Software/IT"" domain but represent distinct concepts."
guide,Guide,(3) Health Level Seven Implementation Guide: Clinical Document Architecture (CDA) Release 2âContinuity of Care Document (CCD)  April 01  2007  IBR approved for Â§ 170.205.,General,0.772,0.972,0.4,0.5,True,Intra-Domain,Software/IT,someone who shows the way by leading or advising,Software/IT,someone employed to conduct others,"The word ""guide"" appears in a sentence whose detected domain is ""General"".
  Candidate sense 1: [Software/IT] someone who shows the way by leading or advising (context similarity=0.06)
  Candidate sense 2: [Software/IT] someone employed to conduct others (context similarity=0.06)
Classified as INTRA-DOMAIN ambiguity: the top two candidate senses both belong to the ""Software/IT"" domain but represent distinct concepts."
law,laws,The solution should provide the ability to obsolete  inactivate  nullify  destroy and archive a patient's record in accordance with local policies and procedures  as well as applicable laws and regulations.,Healthcare,0.772,0.918,0.5,0.0,True,Intra-Domain,Legal/Regulatory,a generalization that describes recurring facts or events in nature,Legal/Regulatory,the force of policemen and officers,"The word ""law"" appears in a sentence whose detected domain is ""Healthcare"".
  Candidate sense 1: [Legal/Regulatory] a generalization that describes recurring facts or events in nature (context similarity=0.05)
  Candidate sense 2: [Legal/Regulatory] the force of policemen and officers (context similarity=0.05)
Classified as INTRA-DOMAIN ambiguity: the top two candidate senses both belong to the ""Legal/Regulatory"" domain but represent distinct concepts."
guide,Guide,The product shall comply with City of Chicago Application Development Guide Framework.,Software/IT,0.772,0.972,0.4,0.5,True,Intra-Domain,Software/IT,someone who shows the way by leading or advising,Software/IT,someone employed to conduct others,"The word ""guide"" appears in a sentence whose detected domain is ""Software/IT"".
  Candidate sense 1: [Software/IT] someone who shows the way by leading or advising (context similarity=0.10)
  Candidate sense 2: [Software/IT] someone employed to conduct others (context similarity=0.09)
Classified as INTRA-DOMAIN ambiguity: the top two candidate senses both belong to the ""Software/IT"" domain but represent distinct concepts."
provide,provided,Covered entities and business associates have the burden of proof to demonstrate that all required notifications have been provided or that a use or disclosure of unsecured protected health information did not constitute a breach.,Legal/Regulatory,0.771,0.917,0.5,0.5,True,Intra-Domain,Software/IT,give something useful or necessary to,Software/IT,"give what is desired or needed, especially support, food or sustenance","The word ""provide"" appears in a sentence whose detected domain is ""Legal/Regulatory"".
  Candidate sense 1: [Software/IT] give something useful or necessary to (context similarity=0.05)
  Candidate sense 2: [Software/IT] give what is desired or needed, especially support, food or sustenance (context similarity=0.05)
Classified as INTRA-DOMAIN ambiguity: the top two candidate senses both belong to the ""Software/IT"" domain but represent distinct concepts."
provide,provided,An applicant may request an extension for good cause from the National Coordinator of the 15-day period provided in paragraph (c)(2) of this section to submit a revised application.,Software/IT,0.771,0.917,0.5,0.0,True,Intra-Domain,Software/IT,give something useful or necessary to,Software/IT,"give what is desired or needed, especially support, food or sustenance","The word ""provide"" appears in a sentence whose detected domain is ""Software/IT"".
  Candidate sense 1: [Software/IT] give something useful or necessary to (context similarity=0.06)
  Candidate sense 2: [Software/IT] give what is desired or needed, especially support, food or sustenance (context similarity=0.05)
Classified as INTRA-DOMAIN ambiguity: the top two candidate senses both belong to the ""Software/IT"" domain but represent distinct concepts."
value,value,Entering a partial value into one or more fields and clicking the 'Search' button presents you with a list of all insurance companies matching those parameters.,Finance/Business,0.771,0.971,0.4,0.0,True,Intra-Domain,Software/IT,(music) the relative duration of a musical note,Software/IT,the amount (of money or goods or services) that is considered to be a fair equivalent for something else,"The word ""value"" appears in a sentence whose detected domain is ""Finance/Business"".
  Candidate sense 1: [Software/IT] (music) the relative duration of a musical note (context similarity=0.15)
  Candidate sense 2: [Software/IT] the amount (of money or goods or services) that is considered to be a fair equivalent for something else (context similarity=0.14)
Classified as INTRA-DOMAIN ambiguity: the top two candidate senses both belong to the ""Software/IT"" domain but represent distinct concepts."
provide,provided,(B) The documentation required by Â§164.512(i)(2) may be satisfied by one or more written statements  provided that each is appropriately dated and signed in accordance with Â§164.512(i)(2)(i) and (v).,Software/IT,0.771,0.917,0.5,0.5,True,Intra-Domain,Software/IT,give something useful or necessary to,Software/IT,"give what is desired or needed, especially support, food or sustenance","The word ""provide"" appears in a sentence whose detected domain is ""Software/IT"".
  Candidate sense 1: [Software/IT] give something useful or necessary to (context similarity=0.07)
  Candidate sense 2: [Software/IT] give what is desired or needed, especially support, food or sustenance (context similarity=0.06)
Classified as INTRA-DOMAIN ambiguity: the top two candidate senses both belong to the ""Software/IT"" domain but represent distinct concepts."
provide,provided,(b) Except as provided in this subpart  the ALJ is not bound by the Federal Rules of Evidence.,Software/IT,0.771,0.917,0.5,0.5,True,Intra-Domain,Software/IT,give something useful or necessary to,Software/IT,"give what is desired or needed, especially support, food or sustenance","The word ""provide"" appears in a sentence whose detected domain is ""Software/IT"".
  Candidate sense 1: [Software/IT] give something useful or necessary to (context similarity=0.09)
  Candidate sense 2: [Software/IT] give what is desired or needed, especially support, food or sustenance (context similarity=0.07)
Classified as INTRA-DOMAIN ambiguity: the top two candidate senses both belong to the ""Software/IT"" domain but represent distinct concepts."
create,create,EHR technology must be able to electronically create reportable laboratory tests and values or results for electronic transmission in accordance with:,Healthcare,0.771,0.97,0.4,0.5,True,Intra-Domain,Software/IT,make or cause to be or to become,Software/IT,create by artistic means,"The word ""create"" appears in a sentence whose detected domain is ""Healthcare"".
  Candidate sense 1: [Software/IT] make or cause to be or to become (context similarity=0.13)
  Candidate sense 2: [Software/IT] create by artistic means (context similarity=0.12)
Classified as INTRA-DOMAIN ambiguity: the top two candidate senses both belong to the ""Software/IT"" domain but represent distinct concepts."
create,create,The system has the capability to create  fill-in & e-fax customized order forms.,Software/IT,0.771,0.97,0.4,0.5,True,Intra-Domain,Software/IT,make or cause to be or to become,Software/IT,create by artistic means,"The word ""create"" appears in a sentence whose detected domain is ""Software/IT"".
  Candidate sense 1: [Software/IT] make or cause to be or to become (context similarity=0.19)
  Candidate sense 2: [Software/IT] create by artistic means (context similarity=0.18)
Classified as INTRA-DOMAIN ambiguity: the top two candidate senses both belong to the ""Software/IT"" domain but represent distinct concepts."
create,create,An authorization for use or disclosure of protected health information may not be combined with any other document to create a compound authorization  except as follows:,Legal/Regulatory,0.771,0.97,0.4,0.5,True,Intra-Domain,Software/IT,make or cause to be or to become,Software/IT,create by artistic means,"The word ""create"" appears in a sentence whose detected domain is ""Legal/Regulatory"".
  Candidate sense 1: [Software/IT] make or cause to be or to become (context similarity=0.13)
  Candidate sense 2: [Software/IT] create by artistic means (context similarity=0.12)
Classified as INTRA-DOMAIN ambiguity: the top two candidate senses both belong to the ""Software/IT"" domain but represent distinct concepts."
provide,provided,(iii) A covered entity that violates the satisfactory assurances it provided as a business associate of another covered entity will be in noncompliance with the standards  implementation specifications  and requirements of this paragraph and Â§164.504(e).,General,0.771,0.917,0.5,0.5,True,Intra-Domain,Software/IT,give something useful or necessary to,Software/IT,"give what is desired or needed, especially support, food or sustenance","The word ""provide"" appears in a sentence whose detected domain is ""General"".
  Candidate sense 1: [Software/IT] give something useful or necessary to (context similarity=0.05)
  Candidate sense 2: [Software/IT] give what is desired or needed, especially support, food or sustenance (context similarity=0.04)
Classified as INTRA-DOMAIN ambiguity: the top two candidate senses both belong to the ""Software/IT"" domain but represent distinct concepts."
create,create,(1) Uses and disclosures to create de-identified information.,General,0.771,0.97,0.4,0.5,True,Intra-Domain,Software/IT,make or cause to be or to become,Software/IT,create by artistic means,"The word ""create"" appears in a sentence whose detected domain is ""General"".
  Candidate sense 1: [Software/IT] make or cause to be or to become (context similarity=0.22)
  Candidate sense 2: [Software/IT] create by artistic means (context similarity=0.21)
Classified as INTRA-DOMAIN ambiguity: the top two candidate senses both belong to the ""Software/IT"" domain but represent distinct concepts."
provide,provided,An administrator enters a LHCP  ER  or public health agent as a user of iTrust Medical Records system  initially only the name and email are provided.,Healthcare,0.771,0.917,0.5,0.5,True,Intra-Domain,Software/IT,give something useful or necessary to,Software/IT,"give what is desired or needed, especially support, food or sustenance","The word ""provide"" appears in a sentence whose detected domain is ""Healthcare"".
  Candidate sense 1: [Software/IT] give something useful or necessary to (context similarity=0.06)
  Candidate sense 2: [Software/IT] give what is desired or needed, especially support, food or sustenance (context similarity=0.05)
Classified as INTRA-DOMAIN ambiguity: the top two candidate senses both belong to the ""Software/IT"" domain but represent distinct concepts."
create,create,(1) Enable a user to create an electronic copy of a patient's clinical information  including  at a minimum  diagnostic test results  problem list  medication list  medication allergy list  and procedures:,Healthcare,0.771,0.97,0.4,0.5,True,Intra-Domain,Software/IT,make or cause to be or to become,Software/IT,create by artistic means,"The word ""create"" appears in a sentence whose detected domain is ""Healthcare"".
  Candidate sense 1: [Software/IT] make or cause to be or to become (context similarity=0.09)
  Candidate sense 2: [Software/IT] create by artistic means (context similarity=0.09)
Classified as INTRA-DOMAIN ambiguity: the top two candidate senses both belong to the ""Software/IT"" domain but represent distinct concepts."
provide,provided,Except as otherwise provided  the following definitions apply to this subchapter:,Software/IT,0.771,0.917,0.5,0.5,True,Intra-Domain,Software/IT,give something useful or necessary to,Software/IT,"give what is desired or needed, especially support, food or sustenance","The word ""provide"" appears in a sentence whose detected domain is ""Software/IT"".
  Candidate sense 1: [Software/IT] give something useful or necessary to (context similarity=0.09)
  Candidate sense 2: [Software/IT] give what is desired or needed, especially support, food or sustenance (context similarity=0.08)
Classified as INTRA-DOMAIN ambiguity: the top two candidate senses both belong to the ""Software/IT"" domain but represent distinct concepts."
create,create,The solution should provide the ability for the ordering clinician to create prescription details as needed.,Healthcare,0.771,0.97,0.4,0.5,True,Intra-Domain,Software/IT,make or cause to be or to become,Software/IT,create by artistic means,"The word ""create"" appears in a sentence whose detected domain is ""Healthcare"".
  Candidate sense 1: [Software/IT] make or cause to be or to become (context similarity=0.16)
  Candidate sense 2: [Software/IT] create by artistic means (context similarity=0.15)
Classified as INTRA-DOMAIN ambiguity: the top two candidate senses both belong to the ""Software/IT"" domain but represent distinct concepts."
period,period,An applicant may request an extension for good cause from the National Coordinator of the 15-day period provided in paragraph (c)(2) of this section to submit a revised application.,Software/IT,0.769,0.914,0.5,0.5,True,Intra-Domain,Software/IT,an amount of time,Software/IT,the end or completion of something,"The word ""period"" appears in a sentence whose detected domain is ""Software/IT"".
  Candidate sense 1: [Software/IT] an amount of time (context similarity=0.16)
  Candidate sense 2: [Software/IT] the end or completion of something (context similarity=0.13)
Classified as INTRA-DOMAIN ambiguity: the top two candidate senses both belong to the ""Software/IT"" domain but represent distinct concepts."
period,period,The date entry including conflicting appointments is highlighted in bold (a conflicting appointment is one that has overlap in its appointment duration period with that of at least another appointment of the same user).,Software/IT,0.769,0.914,0.5,0.5,True,Intra-Domain,Software/IT,an amount of time,Software/IT,the end or completion of something,"The word ""period"" appears in a sentence whose detected domain is ""Software/IT"".
  Candidate sense 1: [Software/IT] an amount of time (context similarity=0.11)
  Candidate sense 2: [Software/IT] the end or completion of something (context similarity=0.09)
Classified as INTRA-DOMAIN ambiguity: the top two candidate senses both belong to the ""Software/IT"" domain but represent distinct concepts."
period,period,(b) For the period on and after October 16  2003: (1) The code sets specified in paragraphs (a)(1)  (a)(2) (a)(4)  and (a)(5) of this section.,Software/IT,0.769,0.914,0.5,0.5,True,Intra-Domain,Software/IT,an amount of time,Software/IT,the end or completion of something,"The word ""period"" appears in a sentence whose detected domain is ""Software/IT"".
  Candidate sense 1: [Software/IT] an amount of time (context similarity=0.22)
  Candidate sense 2: [Software/IT] the end or completion of something (context similarity=0.19)
Classified as INTRA-DOMAIN ambiguity: the top two candidate senses both belong to the ""Software/IT"" domain but represent distinct concepts."
period,period,(i)(A) The total Needy Individual patients assigned to the EPâs panel in any representative  continuous 90-day period in the preceding calendar year when at least one Needy Individual encounter took place with the Medicaid patient in the year prior to the 90-day period; plus,Healthcare,0.769,0.914,0.5,0.5,True,Intra-Domain,Software/IT,an amount of time,Software/IT,the end or completion of something,"The word ""period"" appears in a sentence whose detected domain is ""Healthcare"".
  Candidate sense 1: [Software/IT] an amount of time (context similarity=0.20)
  Candidate sense 2: [Software/IT] the end or completion of something (context similarity=0.17)
Classified as INTRA-DOMAIN ambiguity: the top two candidate senses both belong to the ""Software/IT"" domain but represent distinct concepts."
appearance,appearance,The appearance of the product shall appear professional,Software/IT,0.769,0.968,0.4,0.0,True,Intra-Domain,Software/IT,the act of appearing in public view,Software/IT,a mental representation,"The word ""appearance"" appears in a sentence whose detected domain is ""Software/IT"".
  Candidate sense 1: [Software/IT] the act of appearing in public view (context similarity=0.28)
  Candidate sense 2: [Software/IT] a mental representation (context similarity=0.26)
Classified as INTRA-DOMAIN ambiguity: the top two candidate senses both belong to the ""Software/IT"" domain but represent distinct concepts."
period,period,(i) The reasonable costs incurred for the purchase of certified EHR technology during the cost reporting period that begins in a payment year; and,Finance/Business,0.769,0.914,0.5,0.5,True,Intra-Domain,Software/IT,an amount of time,Software/IT,the end or completion of something,"The word ""period"" appears in a sentence whose detected domain is ""Finance/Business"".
  Candidate sense 1: [Software/IT] an amount of time (context similarity=0.16)
  Candidate sense 2: [Software/IT] the end or completion of something (context similarity=0.13)
Classified as INTRA-DOMAIN ambiguity: the top two candidate senses both belong to the ""Software/IT"" domain but represent distinct concepts."
period,period,In order to receive a payment under this part  a provider must report the required data under subpart A and this subpart within the EHR reporting period described in Â§ 495.4.,General,0.769,0.914,0.5,0.5,True,Intra-Domain,Software/IT,an amount of time,Software/IT,the end or completion of something,"The word ""period"" appears in a sentence whose detected domain is ""General"".
  Candidate sense 1: [Software/IT] an amount of time (context similarity=0.16)
  Candidate sense 2: [Software/IT] the end or completion of something (context similarity=0.13)
Classified as INTRA-DOMAIN ambiguity: the top two candidate senses both belong to the ""Software/IT"" domain but represent distinct concepts."
period,period,(i)(A) The total Needy Individual patients assigned to the EPâs panel in any representative  continuous 90-day period in the preceding calendar year when at least one Needy Individual encounter took place with the Medicaid patient in the year prior to the 90-day period; plus,Healthcare,0.769,0.914,0.5,0.5,True,Intra-Domain,Software/IT,an amount of time,Software/IT,the end or completion of something,"The word ""period"" appears in a sentence whose detected domain is ""Healthcare"".
  Candidate sense 1: [Software/IT] an amount of time (context similarity=0.20)
  Candidate sense 2: [Software/IT] the end or completion of something (context similarity=0.17)
Classified as INTRA-DOMAIN ambiguity: the top two candidate senses both belong to the ""Software/IT"" domain but represent distinct concepts."
access,access,(4)(i) Standard: Information access management.,Legal/Regulatory,0.768,0.967,0.4,0.5,True,Inter-Domain,Software/IT,the act of approaching or entering,General,(computer science) the operation of reading or writing stored information,"The word ""access"" appears in a sentence whose detected domain is ""Legal/Regulatory"".
  Candidate sense 1: [Software/IT] the act of approaching or entering (context similarity=0.23)
  Candidate sense 2: [General] (computer science) the operation of reading or writing stored information (context similarity=0.22)
Classified as INTER-DOMAIN ambiguity: the top two candidate senses belong to different application domains (""Software/IT"" vs. ""General"")."
staff,Staff,Program Administrators and Nursing Staff Members shall be able to add a new clinical site into the system.,Software/IT,0.768,0.966,0.4,0.5,True,Intra-Domain,General,personnel who assist their superior in carrying out an assigned task,General,the body of teachers and administrators at a school,"The word ""staff"" appears in a sentence whose detected domain is ""Software/IT"".
  Candidate sense 1: [General] personnel who assist their superior in carrying out an assigned task (context similarity=0.25)
  Candidate sense 2: [General] the body of teachers and administrators at a school (context similarity=0.23)
Classified as INTRA-DOMAIN ambiguity: the top two candidate senses both belong to the ""General"" domain but represent distinct concepts."
reason,reason,The solution should provide an override function (that requires a reason and the pharmacist's user ID) to dispense a non-authorized or non-formulary medication in special circumstances.,Software/IT,0.768,0.966,0.4,0.0,True,Intra-Domain,General,a fact that logically justifies some premise or conclusion,General,an explanation of the cause of some phenomenon,"The word ""reason"" appears in a sentence whose detected domain is ""Software/IT"".
  Candidate sense 1: [General] a fact that logically justifies some premise or conclusion (context similarity=0.15)
  Candidate sense 2: [General] an explanation of the cause of some phenomenon (context similarity=0.14)
Classified as INTRA-DOMAIN ambiguity: the top two candidate senses both belong to the ""General"" domain but represent distinct concepts."
access,access,(i) The protected health information is excepted from the right of access by paragraph (a)(1) of this section.,General,0.768,0.967,0.4,1.0,True,Inter-Domain,Software/IT,the act of approaching or entering,General,(computer science) the operation of reading or writing stored information,"The word ""access"" appears in a sentence whose detected domain is ""General"".
  Candidate sense 1: [Software/IT] the act of approaching or entering (context similarity=0.15)
  Candidate sense 2: [General] (computer science) the operation of reading or writing stored information (context similarity=0.14)
Classified as INTER-DOMAIN ambiguity: the top two candidate senses belong to different application domains (""Software/IT"" vs. ""General"")."
notice,notice,(d) Opportunity to respond to a proposed removal notice.,Software/IT,0.768,0.913,0.5,0.5,True,Inter-Domain,General,"an announcement containing information about an event; ; ; ""a notice of sale",Legal/Regulatory,advance notification (usually written) of the intention to withdraw from an arrangement of contract,"The word ""notice"" appears in a sentence whose detected domain is ""Software/IT"".
  Candidate sense 1: [General] an announcement containing information about an event; ; ; ""a notice of sale (context similarity=0.29)
  Candidate sense 2: [Legal/Regulatory] advance notification (usually written) of the intention to withdraw from an arrangement of contract (context similarity=0.24)
Classified as INTER-DOMAIN ambiguity: the top two candidate senses belong to different application domains (""General"" vs. ""Legal/Regulatory"")."
notice,notice,The notice must contain:,Software/IT,0.768,0.913,0.5,0.5,True,Inter-Domain,General,"an announcement containing information about an event; ; ; ""a notice of sale",Legal/Regulatory,advance notification (usually written) of the intention to withdraw from an arrangement of contract,"The word ""notice"" appears in a sentence whose detected domain is ""Software/IT"".
  Candidate sense 1: [General] an announcement containing information about an event; ; ; ""a notice of sale (context similarity=0.47)
  Candidate sense 2: [Legal/Regulatory] advance notification (usually written) of the intention to withdraw from an arrangement of contract (context similarity=0.40)
Classified as INTER-DOMAIN ambiguity: the top two candidate senses belong to different application domains (""General"" vs. ""Legal/Regulatory"")."
notice,notice,The request must be accompanied by a copy of the notice of appeal filed with the Federal court.,Software/IT,0.768,0.913,0.5,0.5,True,Inter-Domain,General,"an announcement containing information about an event; ; ; ""a notice of sale",Legal/Regulatory,advance notification (usually written) of the intention to withdraw from an arrangement of contract,"The word ""notice"" appears in a sentence whose detected domain is ""Software/IT"".
  Candidate sense 1: [General] an announcement containing information about an event; ; ; ""a notice of sale (context similarity=0.24)
  Candidate sense 2: [Legal/Regulatory] advance notification (usually written) of the intention to withdraw from an arrangement of contract (context similarity=0.20)
Classified as INTER-DOMAIN ambiguity: the top two candidate senses belong to different application domains (""General"" vs. ""Legal/Regulatory"")."
access,access,The product shall provide players no access to information that might reveal the identity of another player.,General,0.768,0.967,0.4,0.5,True,Inter-Domain,Software/IT,the act of approaching or entering,General,(computer science) the operation of reading or writing stored information,"The word ""access"" appears in a sentence whose detected domain is ""General"".
  Candidate sense 1: [Software/IT] the act of approaching or entering (context similarity=0.14)
  Candidate sense 2: [General] (computer science) the operation of reading or writing stored information (context similarity=0.14)
Classified as INTER-DOMAIN ambiguity: the top two candidate senses belong to different application domains (""Software/IT"" vs. ""General"")."
access,access,The solution should protect audit information and audit tools from unauthorized access  modification  and deletion.,Legal/Regulatory,0.768,0.967,0.4,0.5,True,Inter-Domain,Software/IT,the act of approaching or entering,General,(computer science) the operation of reading or writing stored information,"The word ""access"" appears in a sentence whose detected domain is ""Legal/Regulatory"".
  Candidate sense 1: [Software/IT] the act of approaching or entering (context similarity=0.11)
  Candidate sense 2: [General] (computer science) the operation of reading or writing stored information (context similarity=0.10)
Classified as INTER-DOMAIN ambiguity: the top two candidate senses belong to different application domains (""Software/IT"" vs. ""General"")."
contain,contain,The notice must contain:,Software/IT,0.768,0.967,0.4,0.5,True,Inter-Domain,Healthcare,include or contain; have as a component,Software/IT,contain or hold; have within,"The word ""contain"" appears in a sentence whose detected domain is ""Software/IT"".
  Candidate sense 1: [Healthcare] include or contain; have as a component (context similarity=0.36)
  Candidate sense 2: [Software/IT] contain or hold; have within (context similarity=0.33)
Classified as INTER-DOMAIN ambiguity: the top two candidate senses belong to different application domains (""Healthcare"" vs. ""Software/IT"")."
access,access,(ii) Establish the type of access to electronic health information a user is permitted based on the unique identifier(s) provided in paragraph (d)(1)(i) of this section  and the actions the user is permitted to perform with the EHR technology.,Software/IT,0.768,0.967,0.4,0.5,True,Inter-Domain,Software/IT,the act of approaching or entering,General,(computer science) the operation of reading or writing stored information,"The word ""access"" appears in a sentence whose detected domain is ""Software/IT"".
  Candidate sense 1: [Software/IT] the act of approaching or entering (context similarity=0.08)
  Candidate sense 2: [General] (computer science) the operation of reading or writing stored information (context similarity=0.08)
Classified as INTER-DOMAIN ambiguity: the top two candidate senses belong to different application domains (""Software/IT"" vs. ""General"")."
use,use,Data Recipient shall have the right to use all Individually Identifiable Health Information (IIHI) provided to it by the Data Custodian for the Research  Public Health or Health Care Operations purposes as listed below (be brief but use as much space as necessary):,Software/IT,0.767,0.964,0.4,1.0,True,Inter-Domain,Legal/Regulatory,put into service; make work or employ for a particular purpose or for its inherent or natural purpose,Healthcare,avail oneself to,"The word ""use"" appears in a sentence whose detected domain is ""Software/IT"".
  Candidate sense 1: [Legal/Regulatory] put into service; make work or employ for a particular purpose or for its inherent or natural purpose (context similarity=0.13)
  Candidate sense 2: [Healthcare] avail oneself to (context similarity=0.12)
Classified as INTER-DOMAIN ambiguity: the top two candidate senses belong to different application domains (""Legal/Regulatory"" vs. ""Healthcare"")."
use,use,Data Recipient shall have the right to use all Individually Identifiable Health Information (IIHI) provided to it by the Data Custodian for the Research  Public Health or Health Care Operations purposes as listed below (be brief but use as much space as necessary):,Software/IT,0.767,0.964,0.4,1.0,True,Inter-Domain,Legal/Regulatory,put into service; make work or employ for a particular purpose or for its inherent or natural purpose,Healthcare,avail oneself to,"The word ""use"" appears in a sentence whose detected domain is ""Software/IT"".
  Candidate sense 1: [Legal/Regulatory] put into service; make work or employ for a particular purpose or for its inherent or natural purpose (context similarity=0.13)
  Candidate sense 2: [Healthcare] avail oneself to (context similarity=0.12)
Classified as INTER-DOMAIN ambiguity: the top two candidate senses belong to different application domains (""Legal/Regulatory"" vs. ""Healthcare"")."
correction,correction,The deficiency notice will identify the areas of the application that require additional information or correction.,Software/IT,0.766,0.91,0.5,1.0,True,Inter-Domain,Healthcare,treatment of a specific defect,General,a drop in stock market activity or stock prices following a period of increases,"The word ""correction"" appears in a sentence whose detected domain is ""Software/IT"".
  Candidate sense 1: [Healthcare] treatment of a specific defect (context similarity=0.18)
  Candidate sense 2: [General] a drop in stock market activity or stock prices following a period of increases (context similarity=0.15)
Classified as INTER-DOMAIN ambiguity: the top two candidate senses belong to different application domains (""Healthcare"" vs. ""General"")."
care,care,Covered functions means those functions of a covered entity the performance of which makes the entity a health plan  health care provider  or health care clearinghouse.,Healthcare,0.766,0.964,0.4,0.0,True,Intra-Domain,Healthcare,a cause for feeling concern,Healthcare,attention and management implying responsibility for safety,"The word ""care"" appears in a sentence whose detected domain is ""Healthcare"".
  Candidate sense 1: [Healthcare] a cause for feeling concern (context similarity=0.14)
  Candidate sense 2: [Healthcare] attention and management implying responsibility for safety (context similarity=0.13)
Classified as INTRA-DOMAIN ambiguity: the top two candidate senses both belong to the ""Healthcare"" domain but represent distinct concepts."
application,application,The deficiency notice will identify the areas of the application that require additional information or correction.,Software/IT,0.766,0.91,0.5,0.0,True,Intra-Domain,Software/IT,the act of bringing something to bear; using it for a particular purpose,Software/IT,the action of putting something into operation,"The word ""application"" appears in a sentence whose detected domain is ""Software/IT"".
  Candidate sense 1: [Software/IT] the act of bringing something to bear; using it for a particular purpose (context similarity=0.20)
  Candidate sense 2: [Software/IT] the action of putting something into operation (context similarity=0.17)
Classified as INTRA-DOMAIN ambiguity: the top two candidate senses both belong to the ""Software/IT"" domain but represent distinct concepts."
care,care,The solution should provide the ability to identify individual care providers or care managers within a cared for population.,Healthcare,0.766,0.964,0.4,0.0,True,Intra-Domain,Healthcare,a cause for feeling concern,Healthcare,attention and management implying responsibility for safety,"The word ""care"" appears in a sentence whose detected domain is ""Healthcare"".
  Candidate sense 1: [Healthcare] a cause for feeling concern (context similarity=0.19)
  Candidate sense 2: [Healthcare] attention and management implying responsibility for safety (context similarity=0.18)
Classified as INTRA-DOMAIN ambiguity: the top two candidate senses both belong to the ""Healthcare"" domain but represent distinct concepts."
care,care,The solution should provide the ability to identify individual care providers or care managers within a cared for population.,Healthcare,0.766,0.964,0.4,0.0,True,Intra-Domain,Healthcare,a cause for feeling concern,Healthcare,attention and management implying responsibility for safety,"The word ""care"" appears in a sentence whose detected domain is ""Healthcare"".
  Candidate sense 1: [Healthcare] a cause for feeling concern (context similarity=0.19)
  Candidate sense 2: [Healthcare] attention and management implying responsibility for safety (context similarity=0.18)
Classified as INTRA-DOMAIN ambiguity: the top two candidate senses both belong to the ""Healthcare"" domain but represent distinct concepts."
care,care,A health care claim status transaction is the transmission of either of the following:,Finance/Business,0.766,0.964,0.4,0.0,True,Intra-Domain,Healthcare,a cause for feeling concern,Healthcare,attention and management implying responsibility for safety,"The word ""care"" appears in a sentence whose detected domain is ""Finance/Business"".
  Candidate sense 1: [Healthcare] a cause for feeling concern (context similarity=0.13)
  Candidate sense 2: [Healthcare] attention and management implying responsibility for safety (context similarity=0.13)
Classified as INTRA-DOMAIN ambiguity: the top two candidate senses both belong to the ""Healthcare"" domain but represent distinct concepts."
application,application,The application for ONC-ATCB status consists of two parts.,Software/IT,0.766,0.91,0.5,0.0,True,Intra-Domain,Software/IT,the act of bringing something to bear; using it for a particular purpose,Software/IT,the action of putting something into operation,"The word ""application"" appears in a sentence whose detected domain is ""Software/IT"".
  Candidate sense 1: [Software/IT] the act of bringing something to bear; using it for a particular purpose (context similarity=0.26)
  Candidate sense 2: [Software/IT] the action of putting something into operation (context similarity=0.22)
Classified as INTRA-DOMAIN ambiguity: the top two candidate senses both belong to the ""Software/IT"" domain but represent distinct concepts."
care,care,The health care personnel enters a MID  of a patient and confirms their selection .,Healthcare,0.766,0.964,0.4,0.0,True,Intra-Domain,Healthcare,a cause for feeling concern,Healthcare,attention and management implying responsibility for safety,"The word ""care"" appears in a sentence whose detected domain is ""Healthcare"".
  Candidate sense 1: [Healthcare] a cause for feeling concern (context similarity=0.11)
  Candidate sense 2: [Healthcare] attention and management implying responsibility for safety (context similarity=0.10)
Classified as INTRA-DOMAIN ambiguity: the top two candidate senses both belong to the ""Healthcare"" domain but represent distinct concepts."
care,care,(2) Coverage of health care under the health plan.,Healthcare,0.766,0.964,0.4,0.0,True,Intra-Domain,Healthcare,a cause for feeling concern,Healthcare,attention and management implying responsibility for safety,"The word ""care"" appears in a sentence whose detected domain is ""Healthcare"".
  Candidate sense 1: [Healthcare] a cause for feeling concern (context similarity=0.15)
  Candidate sense 2: [Healthcare] attention and management implying responsibility for safety (context similarity=0.14)
Classified as INTRA-DOMAIN ambiguity: the top two candidate senses both belong to the ""Healthcare"" domain but represent distinct concepts."
application,Application,The product shall comply with City of Chicago Application Development Guide Framework.,Software/IT,0.766,0.91,0.5,0.0,True,Intra-Domain,Software/IT,the act of bringing something to bear; using it for a particular purpose,Software/IT,the action of putting something into operation,"The word ""application"" appears in a sentence whose detected domain is ""Software/IT"".
  Candidate sense 1: [Software/IT] the act of bringing something to bear; using it for a particular purpose (context similarity=0.21)
  Candidate sense 2: [Software/IT] the action of putting something into operation (context similarity=0.18)
Classified as INTRA-DOMAIN ambiguity: the top two candidate senses both belong to the ""Software/IT"" domain but represent distinct concepts."
care,care,(3) That designates health care components in accordance with paragraph Â§164.105(a)(2)(iii)(C).,Healthcare,0.766,0.964,0.4,0.0,True,Intra-Domain,Healthcare,a cause for feeling concern,Healthcare,attention and management implying responsibility for safety,"The word ""care"" appears in a sentence whose detected domain is ""Healthcare"".
  Candidate sense 1: [Healthcare] a cause for feeling concern (context similarity=0.12)
  Candidate sense 2: [Healthcare] attention and management implying responsibility for safety (context similarity=0.11)
Classified as INTRA-DOMAIN ambiguity: the top two candidate senses both belong to the ""Healthcare"" domain but represent distinct concepts."
care,care,Covered functions means those functions of a covered entity the performance of which makes the entity a health plan  health care provider  or health care clearinghouse.,Healthcare,0.766,0.964,0.4,0.0,True,Intra-Domain,Healthcare,a cause for feeling concern,Healthcare,attention and management implying responsibility for safety,"The word ""care"" appears in a sentence whose detected domain is ""Healthcare"".
  Candidate sense 1: [Healthcare] a cause for feeling concern (context similarity=0.14)
  Candidate sense 2: [Healthcare] attention and management implying responsibility for safety (context similarity=0.13)
Classified as INTRA-DOMAIN ambiguity: the top two candidate senses both belong to the ""Healthcare"" domain but represent distinct concepts."
care,care,Organized health care arrangement means:,Healthcare,0.766,0.964,0.4,0.0,True,Intra-Domain,Healthcare,a cause for feeling concern,Healthcare,attention and management implying responsibility for safety,"The word ""care"" appears in a sentence whose detected domain is ""Healthcare"".
  Candidate sense 1: [Healthcare] a cause for feeling concern (context similarity=0.17)
  Candidate sense 2: [Healthcare] attention and management implying responsibility for safety (context similarity=0.16)
Classified as INTRA-DOMAIN ambiguity: the top two candidate senses both belong to the ""Healthcare"" domain but represent distinct concepts."
provide,provided,Data Recipient shall have the right to use all Individually Identifiable Health Information (IIHI) provided to it by the Data Custodian for the Research  Public Health or Health Care Operations purposes as listed below (be brief but use as much space as necessary):,Software/IT,0.766,0.909,0.5,0.5,True,Inter-Domain,Software/IT,give something useful or necessary to,General,take measures in preparation for,"The word ""provide"" appears in a sentence whose detected domain is ""Software/IT"".
  Candidate sense 1: [Software/IT] give something useful or necessary to (context similarity=0.09)
  Candidate sense 2: [General] take measures in preparation for (context similarity=0.07)
Classified as INTER-DOMAIN ambiguity: the top two candidate senses belong to different application domains (""Software/IT"" vs. ""General"")."
care,care,The system shall provide the ability to access demographic information such as name  date of birth and gender needed for patient care functions.,Healthcare,0.766,0.964,0.4,0.0,True,Intra-Domain,Healthcare,a cause for feeling concern,Healthcare,attention and management implying responsibility for safety,"The word ""care"" appears in a sentence whose detected domain is ""Healthcare"".
  Candidate sense 1: [Healthcare] a cause for feeling concern (context similarity=0.10)
  Candidate sense 2: [Healthcare] attention and management implying responsibility for safety (context similarity=0.09)
Classified as INTRA-DOMAIN ambiguity: the top two candidate senses both belong to the ""Healthcare"" domain but represent distinct concepts."
care,care,(a) A request to obtain payment  and the necessary accompanying information from a health care provider to a health plan  for health care.,Healthcare,0.766,0.964,0.4,0.0,True,Intra-Domain,Healthcare,a cause for feeling concern,Healthcare,attention and management implying responsibility for safety,"The word ""care"" appears in a sentence whose detected domain is ""Healthcare"".
  Candidate sense 1: [Healthcare] a cause for feeling concern (context similarity=0.17)
  Candidate sense 2: [Healthcare] attention and management implying responsibility for safety (context similarity=0.16)
Classified as INTRA-DOMAIN ambiguity: the top two candidate senses both belong to the ""Healthcare"" domain but represent distinct concepts."
care,care,Â§ 162.1602 Standards for health care payment and remittance advice transaction.,Finance/Business,0.766,0.964,0.4,0.0,True,Intra-Domain,Healthcare,a cause for feeling concern,Healthcare,attention and management implying responsibility for safety,"The word ""care"" appears in a sentence whose detected domain is ""Finance/Business"".
  Candidate sense 1: [Healthcare] a cause for feeling concern (context similarity=0.12)
  Candidate sense 2: [Healthcare] attention and management implying responsibility for safety (context similarity=0.11)
Classified as INTRA-DOMAIN ambiguity: the top two candidate senses both belong to the ""Healthcare"" domain but represent distinct concepts."
care,Care,Support for Context- Sensitive Care Plans  Guidelines  Protocols,Healthcare,0.766,0.964,0.4,0.0,True,Intra-Domain,Healthcare,a cause for feeling concern,Healthcare,attention and management implying responsibility for safety,"The word ""care"" appears in a sentence whose detected domain is ""Healthcare"".
  Candidate sense 1: [Healthcare] a cause for feeling concern (context similarity=0.12)
  Candidate sense 2: [Healthcare] attention and management implying responsibility for safety (context similarity=0.11)
Classified as INTRA-DOMAIN ambiguity: the top two candidate senses both belong to the ""Healthcare"" domain but represent distinct concepts."
application,application,An applicant may request an extension for good cause from the National Coordinator of the 15-day period provided in paragraph (c)(2) of this section to submit a revised application.,Software/IT,0.766,0.91,0.5,0.0,True,Intra-Domain,Software/IT,the act of bringing something to bear; using it for a particular purpose,Software/IT,the action of putting something into operation,"The word ""application"" appears in a sentence whose detected domain is ""Software/IT"".
  Candidate sense 1: [Software/IT] the act of bringing something to bear; using it for a particular purpose (context similarity=0.17)
  Candidate sense 2: [Software/IT] the action of putting something into operation (context similarity=0.14)
Classified as INTRA-DOMAIN ambiguity: the top two candidate senses both belong to the ""Software/IT"" domain but represent distinct concepts."
care,care,(2) A health care clearinghouse.,Healthcare,0.766,0.964,0.4,0.0,True,Intra-Domain,Healthcare,a cause for feeling concern,Healthcare,attention and management implying responsibility for safety,"The word ""care"" appears in a sentence whose detected domain is ""Healthcare"".
  Candidate sense 1: [Healthcare] a cause for feeling concern (context similarity=0.19)
  Candidate sense 2: [Healthcare] attention and management implying responsibility for safety (context similarity=0.18)
Classified as INTRA-DOMAIN ambiguity: the top two candidate senses both belong to the ""Healthcare"" domain but represent distinct concepts."
application,application,The Disputes application shall interface with the Cardmember Posting and Billing System.,Software/IT,0.766,0.91,0.5,0.0,True,Intra-Domain,Software/IT,the act of bringing something to bear; using it for a particular purpose,Software/IT,the action of putting something into operation,"The word ""application"" appears in a sentence whose detected domain is ""Software/IT"".
  Candidate sense 1: [Software/IT] the act of bringing something to bear; using it for a particular purpose (context similarity=0.22)
  Candidate sense 2: [Software/IT] the action of putting something into operation (context similarity=0.18)
Classified as INTRA-DOMAIN ambiguity: the top two candidate senses both belong to the ""Software/IT"" domain but represent distinct concepts."
care,care,(1) Transitions of careâreceive  display  and incorporate transition of care or referral summaries.,Software/IT,0.766,0.964,0.4,0.0,True,Intra-Domain,Healthcare,a cause for feeling concern,Healthcare,attention and management implying responsibility for safety,"The word ""care"" appears in a sentence whose detected domain is ""Software/IT"".
  Candidate sense 1: [Healthcare] a cause for feeling concern (context similarity=0.11)
  Candidate sense 2: [Healthcare] attention and management implying responsibility for safety (context similarity=0.10)
Classified as INTRA-DOMAIN ambiguity: the top two candidate senses both belong to the ""Healthcare"" domain but represent distinct concepts."
application,application,Applicants must request in writing an application for ONC-ATCB status from the National Coordinator.,Software/IT,0.766,0.91,0.5,0.0,True,Intra-Domain,Software/IT,the act of bringing something to bear; using it for a particular purpose,Software/IT,the action of putting something into operation,"The word ""application"" appears in a sentence whose detected domain is ""Software/IT"".
  Candidate sense 1: [Software/IT] the act of bringing something to bear; using it for a particular purpose (context similarity=0.21)
  Candidate sense 2: [Software/IT] the action of putting something into operation (context similarity=0.17)
Classified as INTRA-DOMAIN ambiguity: the top two candidate senses both belong to the ""Software/IT"" domain but represent distinct concepts."
care,Care,(3) Health Level Seven Implementation Guide: Clinical Document Architecture (CDA) Release 2âContinuity of Care Document (CCD)  April 01  2007  IBR approved for Â§ 170.205.,General,0.766,0.964,0.4,0.0,True,Intra-Domain,Healthcare,a cause for feeling concern,Healthcare,attention and management implying responsibility for safety,"The word ""care"" appears in a sentence whose detected domain is ""General"".
  Candidate sense 1: [Healthcare] a cause for feeling concern (context similarity=0.07)
  Candidate sense 2: [Healthcare] attention and management implying responsibility for safety (context similarity=0.07)
Classified as INTRA-DOMAIN ambiguity: the top two candidate senses both belong to the ""Healthcare"" domain but represent distinct concepts."
care,care,* who or when proactively determined needed patient care for the patient (other then DLHCP).,Healthcare,0.766,0.964,0.4,0.0,True,Intra-Domain,Healthcare,a cause for feeling concern,Healthcare,attention and management implying responsibility for safety,"The word ""care"" appears in a sentence whose detected domain is ""Healthcare"".
  Candidate sense 1: [Healthcare] a cause for feeling concern (context similarity=0.11)
  Candidate sense 2: [Healthcare] attention and management implying responsibility for safety (context similarity=0.10)
Classified as INTRA-DOMAIN ambiguity: the top two candidate senses both belong to the ""Healthcare"" domain but represent distinct concepts."
care,care,(vii) An issuer of a long-term care policy  excluding a nursing home fixed-indemnity policy.,Legal/Regulatory,0.766,0.964,0.4,0.0,True,Intra-Domain,Healthcare,a cause for feeling concern,Healthcare,attention and management implying responsibility for safety,"The word ""care"" appears in a sentence whose detected domain is ""Legal/Regulatory"".
  Candidate sense 1: [Healthcare] a cause for feeling concern (context similarity=0.08)
  Candidate sense 2: [Healthcare] attention and management implying responsibility for safety (context similarity=0.08)
Classified as INTRA-DOMAIN ambiguity: the top two candidate senses both belong to the ""Healthcare"" domain but represent distinct concepts."
application,Application,(5) HL7 Version 3 Standard: Context-Aware Retrieval Application (Infobutton); Release 1  July 2010  IBR approved for Â§ 170.204.,Software/IT,0.766,0.91,0.5,0.0,True,Intra-Domain,Software/IT,the act of bringing something to bear; using it for a particular purpose,Software/IT,the action of putting something into operation,"The word ""application"" appears in a sentence whose detected domain is ""Software/IT"".
  Candidate sense 1: [Software/IT] the act of bringing something to bear; using it for a particular purpose (context similarity=0.18)
  Candidate sense 2: [Software/IT] the action of putting something into operation (context similarity=0.15)
Classified as INTRA-DOMAIN ambiguity: the top two candidate senses both belong to the ""Software/IT"" domain but represent distinct concepts."
care,care,(3) A health care provider who transmits any health information in electronic form in connection with a transaction covered by this subchapter.,Healthcare,0.766,0.964,0.4,0.0,True,Intra-Domain,Healthcare,a cause for feeling concern,Healthcare,attention and management implying responsibility for safety,"The word ""care"" appears in a sentence whose detected domain is ""Healthcare"".
  Candidate sense 1: [Healthcare] a cause for feeling concern (context similarity=0.10)
  Candidate sense 2: [Healthcare] attention and management implying responsibility for safety (context similarity=0.09)
Classified as INTRA-DOMAIN ambiguity: the top two candidate senses both belong to the ""Healthcare"" domain but represent distinct concepts."
care,care,Your clinic may have additional facilities in which care is given  such as a hospital.,Healthcare,0.766,0.964,0.4,0.0,True,Intra-Domain,Healthcare,a cause for feeling concern,Healthcare,attention and management implying responsibility for safety,"The word ""care"" appears in a sentence whose detected domain is ""Healthcare"".
  Candidate sense 1: [Healthcare] a cause for feeling concern (context similarity=0.13)
  Candidate sense 2: [Healthcare] attention and management implying responsibility for safety (context similarity=0.12)
Classified as INTRA-DOMAIN ambiguity: the top two candidate senses both belong to the ""Healthcare"" domain but represent distinct concepts."
care,care,(2) Dental  health care claims.,Healthcare,0.766,0.964,0.4,0.0,True,Intra-Domain,Healthcare,a cause for feeling concern,Healthcare,attention and management implying responsibility for safety,"The word ""care"" appears in a sentence whose detected domain is ""Healthcare"".
  Candidate sense 1: [Healthcare] a cause for feeling concern (context similarity=0.16)
  Candidate sense 2: [Healthcare] attention and management implying responsibility for safety (context similarity=0.15)
Classified as INTRA-DOMAIN ambiguity: the top two candidate senses both belong to the ""Healthcare"" domain but represent distinct concepts."
care,care,(a) A request to obtain payment  and the necessary accompanying information from a health care provider to a health plan  for health care.,Healthcare,0.766,0.964,0.4,0.0,True,Intra-Domain,Healthcare,a cause for feeling concern,Healthcare,attention and management implying responsibility for safety,"The word ""care"" appears in a sentence whose detected domain is ""Healthcare"".
  Candidate sense 1: [Healthcare] a cause for feeling concern (context similarity=0.17)
  Candidate sense 2: [Healthcare] attention and management implying responsibility for safety (context similarity=0.16)
Classified as INTRA-DOMAIN ambiguity: the top two candidate senses both belong to the ""Healthcare"" domain but represent distinct concepts."
bed,bed,(A) CMS determines the Medicare share fraction for an eligible hospital by using the number of Medicare Part A  Medicare Part C  and total acute care inpatient-bed-days using data from the Medicare cost report as specified by CMS.,General,0.765,0.854,0.6,0.5,True,Intra-Domain,Software/IT,a piece of furniture that provides a place to sleep,Software/IT,a depression forming the ground under a body of water,"The word ""bed"" appears in a sentence whose detected domain is ""General"".
  Candidate sense 1: [Software/IT] a piece of furniture that provides a place to sleep (context similarity=0.08)
  Candidate sense 2: [Software/IT] a depression forming the ground under a body of water (context similarity=0.06)
Classified as INTRA-DOMAIN ambiguity: the top two candidate senses both belong to the ""Software/IT"" domain but represent distinct concepts."
services,Services,The Support Consistent Healthcare Management of Patient Groups or Populations capability should conform to IN 3 Registry & Directory Services requirements.,Healthcare,0.765,0.638,1.0,1.0,True,Inter-Domain,Healthcare,performance of duties or provision of space and equipment helpful to others,Finance/Business,work done by one person or group that benefits another,"The word ""services"" appears in a sentence whose detected domain is ""Healthcare"".
  Candidate sense 1: [Healthcare] performance of duties or provision of space and equipment helpful to others (context similarity=0.13)
  Candidate sense 2: [Finance/Business] work done by one person or group that benefits another (context similarity=0.06)
Classified as INTER-DOMAIN ambiguity: the top two candidate senses belong to different application domains (""Healthcare"" vs. ""Finance/Business"")."
standards,Standards,The Healthcare Information Technology Standards Panel (HITSP) Summary Documents Using HL7 CCD Component HITSP or C32 (incorporated by reference in Â§ 170.299).,General,0.765,0.962,0.4,0.0,True,Intra-Domain,Legal/Regulatory,a basis for comparison; a reference point against which other things can be evaluated,Legal/Regulatory,an upright pole or beam (especially one used as a support),"The word ""standards"" appears in a sentence whose detected domain is ""General"".
  Candidate sense 1: [Legal/Regulatory] a basis for comparison; a reference point against which other things can be evaluated (context similarity=0.08)
  Candidate sense 2: [Legal/Regulatory] an upright pole or beam (especially one used as a support) (context similarity=0.08)
Classified as INTRA-DOMAIN ambiguity: the top two candidate senses both belong to the ""Legal/Regulatory"" domain but represent distinct concepts."
services,Services,US Department of Health and Human Services Remote Monitoring Use Case.,Software/IT,0.765,0.638,1.0,1.0,True,Inter-Domain,Healthcare,performance of duties or provision of space and equipment helpful to others,Finance/Business,work done by one person or group that benefits another,"The word ""services"" appears in a sentence whose detected domain is ""Software/IT"".
  Candidate sense 1: [Healthcare] performance of duties or provision of space and equipment helpful to others (context similarity=0.19)
  Candidate sense 2: [Finance/Business] work done by one person or group that benefits another (context similarity=0.09)
Classified as INTER-DOMAIN ambiguity: the top two candidate senses belong to different application domains (""Healthcare"" vs. ""Finance/Business"")."
office,office,the office visit date should link to the patient's view of the office visit (UC9).,Healthcare,0.764,0.906,0.5,0.5,True,Inter-Domain,General,professional or clerical workers in an office,Software/IT,(of a government or government official) holding an office means being in power,"The word ""office"" appears in a sentence whose detected domain is ""Healthcare"".
  Candidate sense 1: [General] professional or clerical workers in an office (context similarity=0.36)
  Candidate sense 2: [Software/IT] (of a government or government official) holding an office means being in power (context similarity=0.30)
Classified as INTER-DOMAIN ambiguity: the top two candidate senses belong to different application domains (""General"" vs. ""Software/IT"")."
office,office,the office visit date should link to the patient's view of the office visit (UC9).,Healthcare,0.764,0.906,0.5,0.5,True,Inter-Domain,General,professional or clerical workers in an office,Software/IT,(of a government or government official) holding an office means being in power,"The word ""office"" appears in a sentence whose detected domain is ""Healthcare"".
  Candidate sense 1: [General] professional or clerical workers in an office (context similarity=0.36)
  Candidate sense 2: [Software/IT] (of a government or government official) holding an office means being in power (context similarity=0.30)
Classified as INTER-DOMAIN ambiguity: the top two candidate senses belong to different application domains (""General"" vs. ""Software/IT"")."
office,office,An HCP can create a lab procedure for a given office visit.,Healthcare,0.764,0.906,0.5,0.5,True,Inter-Domain,General,professional or clerical workers in an office,Software/IT,(of a government or government official) holding an office means being in power,"The word ""office"" appears in a sentence whose detected domain is ""Healthcare"".
  Candidate sense 1: [General] professional or clerical workers in an office (context similarity=0.23)
  Candidate sense 2: [Software/IT] (of a government or government official) holding an office means being in power (context similarity=0.19)
Classified as INTER-DOMAIN ambiguity: the top two candidate senses belong to different application domains (""General"" vs. ""Software/IT"")."
care,care,Personal Representative: A person legally authorized to make health care decisions on an individual's behalf or to act for a deceased individual.,Healthcare,0.764,0.961,0.4,0.0,True,Intra-Domain,Healthcare,activity involved in maintaining something in good working order,Healthcare,a cause for feeling concern,"The word ""care"" appears in a sentence whose detected domain is ""Healthcare"".
  Candidate sense 1: [Healthcare] activity involved in maintaining something in good working order (context similarity=0.10)
  Candidate sense 2: [Healthcare] a cause for feeling concern (context similarity=0.09)
Classified as INTRA-DOMAIN ambiguity: the top two candidate senses both belong to the ""Healthcare"" domain but represent distinct concepts."
determine,determine,The data in the database is analyzed according to the risk factors for the disease to determine if the patient exhibits one or more risk factors.,Healthcare,0.763,0.85,0.6,0.0,True,Intra-Domain,Software/IT,fix in scope; fix the boundaries of,Software/IT,fix conclusively or authoritatively,"The word ""determine"" appears in a sentence whose detected domain is ""Healthcare"".
  Candidate sense 1: [Software/IT] fix in scope; fix the boundaries of (context similarity=0.10)
  Candidate sense 2: [Software/IT] fix conclusively or authoritatively (context similarity=0.07)
Classified as INTRA-DOMAIN ambiguity: the top two candidate senses both belong to the ""Software/IT"" domain but represent distinct concepts."
determine,determine,A covered entity may determine that health information is not individually identifiable health information only if:,General,0.763,0.85,0.6,0.0,True,Intra-Domain,Software/IT,fix in scope; fix the boundaries of,Software/IT,fix conclusively or authoritatively,"The word ""determine"" appears in a sentence whose detected domain is ""General"".
  Candidate sense 1: [Software/IT] fix in scope; fix the boundaries of (context similarity=0.14)
  Candidate sense 2: [Software/IT] fix conclusively or authoritatively (context similarity=0.11)
Classified as INTRA-DOMAIN ambiguity: the top two candidate senses both belong to the ""Software/IT"" domain but represent distinct concepts."
determine,determine,(i) A health plan to obtain premiums or to determine or fulfill its responsibility for coverage and provision of benefits under the health plan; or,Healthcare,0.763,0.85,0.6,0.0,True,Intra-Domain,Software/IT,fix in scope; fix the boundaries of,Software/IT,fix conclusively or authoritatively,"The word ""determine"" appears in a sentence whose detected domain is ""Healthcare"".
  Candidate sense 1: [Software/IT] fix in scope; fix the boundaries of (context similarity=0.11)
  Candidate sense 2: [Software/IT] fix conclusively or authoritatively (context similarity=0.08)
Classified as INTRA-DOMAIN ambiguity: the top two candidate senses both belong to the ""Software/IT"" domain but represent distinct concepts."
storage,storage,The solution should have a standard bi-directional interface to a variety of  storage and retrieval systems that automate and manage inventory throughout the receiving  storage  retrieval  and distribution process.,Software/IT,0.762,0.957,0.4,0.0,True,Intra-Domain,Software/IT,the act of storing something,Software/IT,a depository for goods,"The word ""storage"" appears in a sentence whose detected domain is ""Software/IT"".
  Candidate sense 1: [Software/IT] the act of storing something (context similarity=0.19)
  Candidate sense 2: [Software/IT] a depository for goods (context similarity=0.17)
Classified as INTRA-DOMAIN ambiguity: the top two candidate senses both belong to the ""Software/IT"" domain but represent distinct concepts."
measure,measure,The information in the report or file created must be of sufficient detail such that it enables a user to match those patients or actions to meet the measure's denominator limitations when necessary to generate an accurate percentage.,General,0.762,0.795,0.7,0.5,True,Intra-Domain,Legal/Regulatory,the act or process of assigning numbers to phenomena according to a rule,Legal/Regulatory,a basis for comparison; a reference point against which other things can be evaluated,"The word ""measure"" appears in a sentence whose detected domain is ""General"".
  Candidate sense 1: [Legal/Regulatory] the act or process of assigning numbers to phenomena according to a rule (context similarity=0.11)
  Candidate sense 2: [Legal/Regulatory] a basis for comparison; a reference point against which other things can be evaluated (context similarity=0.07)
Classified as INTRA-DOMAIN ambiguity: the top two candidate senses both belong to the ""Legal/Regulatory"" domain but represent distinct concepts."
storage,storage,The solution should have a standard bi-directional interface to a variety of  storage and retrieval systems that automate and manage inventory throughout the receiving  storage  retrieval  and distribution process.,Software/IT,0.762,0.957,0.4,0.0,True,Intra-Domain,Software/IT,the act of storing something,Software/IT,a depository for goods,"The word ""storage"" appears in a sentence whose detected domain is ""Software/IT"".
  Candidate sense 1: [Software/IT] the act of storing something (context similarity=0.19)
  Candidate sense 2: [Software/IT] a depository for goods (context similarity=0.17)
Classified as INTRA-DOMAIN ambiguity: the top two candidate senses both belong to the ""Software/IT"" domain but represent distinct concepts."
hearing,hearing,(a) A party wishing to procure the appearance and testimony of any person at the hearing may make a motion requesting the ALJ to issue a subpoena if the appearance and testimony are reasonably necessary for the presentation of a party's case.,Software/IT,0.761,0.956,0.4,0.0,True,Intra-Domain,Software/IT,a session (of a committee or grand jury) in which witnesses are called and testimony is taken,Software/IT,the act of hearing attentively,"The word ""hearing"" appears in a sentence whose detected domain is ""Software/IT"".
  Candidate sense 1: [Software/IT] a session (of a committee or grand jury) in which witnesses are called and testimony is taken (context similarity=0.15)
  Candidate sense 2: [Software/IT] the act of hearing attentively (context similarity=0.14)
Classified as INTRA-DOMAIN ambiguity: the top two candidate senses both belong to the ""Software/IT"" domain but represent distinct concepts."
storage,storage,Nothing contained in this section may be interpreted to require the creation of a document  except that requested data stored in an electronic data storage system must be produced in a form accessible to the requesting party.,Software/IT,0.759,0.952,0.4,0.0,True,Intra-Domain,Software/IT,an electronic memory device,Software/IT,the act of storing something,"The word ""storage"" appears in a sentence whose detected domain is ""Software/IT"".
  Candidate sense 1: [Software/IT] an electronic memory device (context similarity=0.12)
  Candidate sense 2: [Software/IT] the act of storing something (context similarity=0.11)
Classified as INTRA-DOMAIN ambiguity: the top two candidate senses both belong to the ""Software/IT"" domain but represent distinct concepts."
care,Care,The Support for Health Maintenance: Preventative Care & Wellness capabilities should conform to the IN 1.4 Patient Access Management requirements.,Healthcare,0.759,0.953,0.4,0.0,True,Intra-Domain,Healthcare,attention and management implying responsibility for safety,Healthcare,activity involved in maintaining something in good working order,"The word ""care"" appears in a sentence whose detected domain is ""Healthcare"".
  Candidate sense 1: [Healthcare] attention and management implying responsibility for safety (context similarity=0.17)
  Candidate sense 2: [Healthcare] activity involved in maintaining something in good working order (context similarity=0.15)
Classified as INTRA-DOMAIN ambiguity: the top two candidate senses both belong to the ""Healthcare"" domain but represent distinct concepts."
involve,involved,The solution should support the recording of an intervention by the pharmacist  what drugs were involved  steps of action taken by the pharmacist  and possible effects.,General,0.759,0.899,0.5,0.5,True,Intra-Domain,Software/IT,occupy or engage the interest of,Software/IT,make complex or intricate or complicated,"The word ""involve"" appears in a sentence whose detected domain is ""General"".
  Candidate sense 1: [Software/IT] occupy or engage the interest of (context similarity=0.07)
  Candidate sense 2: [Software/IT] make complex or intricate or complicated (context similarity=0.06)
Classified as INTRA-DOMAIN ambiguity: the top two candidate senses both belong to the ""Software/IT"" domain but represent distinct concepts."
judgment,judgment,(A) The covered entity  in the exercise of professional judgment  believes the disclosure is necessary to prevent serious harm to the individual or other potential victims; or,Legal/Regulatory,0.758,0.896,0.5,0.5,True,Inter-Domain,Software/IT,an opinion formed by judging something,General,the act of judging or assessing a person or situation or event,"The word ""judgment"" appears in a sentence whose detected domain is ""Legal/Regulatory"".
  Candidate sense 1: [Software/IT] an opinion formed by judging something (context similarity=0.15)
  Candidate sense 2: [General] the act of judging or assessing a person or situation or event (context similarity=0.12)
Classified as INTER-DOMAIN ambiguity: the top two candidate senses belong to different application domains (""Software/IT"" vs. ""General"")."
care,Care,Data Recipient shall have the right to use all Individually Identifiable Health Information (IIHI) provided to it by the Data Custodian for the Research  Public Health or Health Care Operations purposes as listed below (be brief but use as much space as necessary):,Software/IT,0.758,0.951,0.4,0.0,True,Intra-Domain,Healthcare,an anxious feeling,Healthcare,a cause for feeling concern,"The word ""care"" appears in a sentence whose detected domain is ""Software/IT"".
  Candidate sense 1: [Healthcare] an anxious feeling (context similarity=0.07)
  Candidate sense 2: [Healthcare] a cause for feeling concern (context similarity=0.06)
Classified as INTRA-DOMAIN ambiguity: the top two candidate senses both belong to the ""Healthcare"" domain but represent distinct concepts."
maintain,maintain,(ii) If an action  activity or assessment is required by this subpart to be documented  maintain a written (which may be electronic) record of the action  activity  or assessment.,General,0.758,0.736,0.8,1.0,True,Inter-Domain,Healthcare,maintain by writing regular records,General,"keep in a certain state, position, or activity; e.g.,","The word ""maintain"" appears in a sentence whose detected domain is ""General"".
  Candidate sense 1: [Healthcare] maintain by writing regular records (context similarity=0.23)
  Candidate sense 2: [General] keep in a certain state, position, or activity; e.g., (context similarity=0.13)
Classified as INTER-DOMAIN ambiguity: the top two candidate senses belong to different application domains (""Healthcare"" vs. ""General"")."
provide,provide,The system shall provide the ability to access demographic information such as name  date of birth and gender needed for patient care functions.,Healthcare,0.758,0.897,0.5,1.0,True,Inter-Domain,General,take measures in preparation for,Software/IT,"give what is desired or needed, especially support, food or sustenance","The word ""provide"" appears in a sentence whose detected domain is ""Healthcare"".
  Candidate sense 1: [General] take measures in preparation for (context similarity=0.12)
  Candidate sense 2: [Software/IT] give what is desired or needed, especially support, food or sustenance (context similarity=0.10)
Classified as INTER-DOMAIN ambiguity: the top two candidate senses belong to different application domains (""General"" vs. ""Software/IT"")."
date,date,The date entry including conflicting appointments is highlighted in bold (a conflicting appointment is one that has overlap in its appointment duration period with that of at least another appointment of the same user).,Software/IT,0.758,0.844,0.6,0.0,True,Intra-Domain,Software/IT,a meeting arranged in advance,Software/IT,the present,"The word ""date"" appears in a sentence whose detected domain is ""Software/IT"".
  Candidate sense 1: [Software/IT] a meeting arranged in advance (context similarity=0.23)
  Candidate sense 2: [Software/IT] the present (context similarity=0.17)
Classified as INTRA-DOMAIN ambiguity: the top two candidate senses both belong to the ""Software/IT"" domain but represent distinct concepts."
product,Product,Product formula ingredients shall allow defining substitutionary ingredients.,Software/IT,0.756,0.948,0.4,0.5,True,Intra-Domain,Software/IT,a quantity obtained by multiplication,Software/IT,a consequence of someone's efforts or of a particular set of circumstances,"The word ""product"" appears in a sentence whose detected domain is ""Software/IT"".
  Candidate sense 1: [Software/IT] a quantity obtained by multiplication (context similarity=0.14)
  Candidate sense 2: [Software/IT] a consequence of someone's efforts or of a particular set of circumstances (context similarity=0.13)
Classified as INTRA-DOMAIN ambiguity: the top two candidate senses both belong to the ""Software/IT"" domain but represent distinct concepts."
product,product,The product shall have audit capabilities.,Legal/Regulatory,0.756,0.948,0.4,0.5,True,Intra-Domain,Software/IT,a quantity obtained by multiplication,Software/IT,a consequence of someone's efforts or of a particular set of circumstances,"The word ""product"" appears in a sentence whose detected domain is ""Legal/Regulatory"".
  Candidate sense 1: [Software/IT] a quantity obtained by multiplication (context similarity=0.26)
  Candidate sense 2: [Software/IT] a consequence of someone's efforts or of a particular set of circumstances (context similarity=0.23)
Classified as INTRA-DOMAIN ambiguity: the top two candidate senses both belong to the ""Software/IT"" domain but represent distinct concepts."
class,class,The system will notify affected parties when changes occur affecting classes  including but not limited to class cancellations  class section detail changes  and changes to class offerings for a given quarter.,Software/IT,0.756,0.84,0.6,0.0,True,Intra-Domain,Software/IT,"people having the same social, economic, or educational status",Software/IT,a body of students who graduate together,"The word ""class"" appears in a sentence whose detected domain is ""Software/IT"".
  Candidate sense 1: [Software/IT] people having the same social, economic, or educational status (context similarity=0.32)
  Candidate sense 2: [Software/IT] a body of students who graduate together (context similarity=0.23)
Classified as INTRA-DOMAIN ambiguity: the top two candidate senses both belong to the ""Software/IT"" domain but represent distinct concepts."
class,class,The system will notify affected parties when changes occur affecting classes  including but not limited to class cancellations  class section detail changes  and changes to class offerings for a given quarter.,Software/IT,0.756,0.84,0.6,0.0,True,Intra-Domain,Software/IT,"people having the same social, economic, or educational status",Software/IT,a body of students who graduate together,"The word ""class"" appears in a sentence whose detected domain is ""Software/IT"".
  Candidate sense 1: [Software/IT] people having the same social, economic, or educational status (context similarity=0.32)
  Candidate sense 2: [Software/IT] a body of students who graduate together (context similarity=0.23)
Classified as INTRA-DOMAIN ambiguity: the top two candidate senses both belong to the ""Software/IT"" domain but represent distinct concepts."
effect,effect,(B) A statement that the covered entity is required to abide by the terms of the notice currently in effect; and,General,0.756,0.948,0.4,1.0,True,Inter-Domain,Software/IT,an impression (especially one that is artificial or contrived),Legal/Regulatory,(of a law) having legal validity,"The word ""effect"" appears in a sentence whose detected domain is ""General"".
  Candidate sense 1: [Software/IT] an impression (especially one that is artificial or contrived) (context similarity=0.13)
  Candidate sense 2: [Legal/Regulatory] (of a law) having legal validity (context similarity=0.12)
Classified as INTER-DOMAIN ambiguity: the top two candidate senses belong to different application domains (""Software/IT"" vs. ""Legal/Regulatory"")."
product,product,90% of users will be able to successfully reserve a conference room within 5 minutes of product use.,Software/IT,0.756,0.948,0.4,0.5,True,Intra-Domain,Software/IT,a quantity obtained by multiplication,Software/IT,a consequence of someone's efforts or of a particular set of circumstances,"The word ""product"" appears in a sentence whose detected domain is ""Software/IT"".
  Candidate sense 1: [Software/IT] a quantity obtained by multiplication (context similarity=0.17)
  Candidate sense 2: [Software/IT] a consequence of someone's efforts or of a particular set of circumstances (context similarity=0.15)
Classified as INTRA-DOMAIN ambiguity: the top two candidate senses both belong to the ""Software/IT"" domain but represent distinct concepts."
product,product,The product shall provide players no access to information that might reveal the identity of another player.,General,0.756,0.948,0.4,0.5,True,Intra-Domain,Software/IT,a quantity obtained by multiplication,Software/IT,a consequence of someone's efforts or of a particular set of circumstances,"The word ""product"" appears in a sentence whose detected domain is ""General"".
  Candidate sense 1: [Software/IT] a quantity obtained by multiplication (context similarity=0.18)
  Candidate sense 2: [Software/IT] a consequence of someone's efforts or of a particular set of circumstances (context similarity=0.16)
Classified as INTRA-DOMAIN ambiguity: the top two candidate senses both belong to the ""Software/IT"" domain but represent distinct concepts."
notice,notice,(D) The covered health care provider provides written notice to the individual that protected health information relating to the medical surveillance of the workplace and work-related illnesses and injuries is disclosed to the employer:,Healthcare,0.756,0.895,0.5,0.5,True,Inter-Domain,General,"an announcement containing information about an event; ; ; ""a notice of sale",Legal/Regulatory,advance notification (usually written) of the intention to withdraw from an arrangement of contract,"The word ""notice"" appears in a sentence whose detected domain is ""Healthcare"".
  Candidate sense 1: [General] an announcement containing information about an event; ; ; ""a notice of sale (context similarity=0.18)
  Candidate sense 2: [Legal/Regulatory] advance notification (usually written) of the intention to withdraw from an arrangement of contract (context similarity=0.14)
Classified as INTER-DOMAIN ambiguity: the top two candidate senses belong to different application domains (""General"" vs. ""Legal/Regulatory"")."
product,product,The product shall produce search results in an acceptable time,Software/IT,0.756,0.948,0.4,0.5,True,Intra-Domain,Software/IT,a quantity obtained by multiplication,Software/IT,a consequence of someone's efforts or of a particular set of circumstances,"The word ""product"" appears in a sentence whose detected domain is ""Software/IT"".
  Candidate sense 1: [Software/IT] a quantity obtained by multiplication (context similarity=0.21)
  Candidate sense 2: [Software/IT] a consequence of someone's efforts or of a particular set of circumstances (context similarity=0.19)
Classified as INTRA-DOMAIN ambiguity: the top two candidate senses both belong to the ""Software/IT"" domain but represent distinct concepts."
product,product,The appearance of the product shall appear professional,Software/IT,0.756,0.948,0.4,0.5,True,Intra-Domain,Software/IT,a quantity obtained by multiplication,Software/IT,a consequence of someone's efforts or of a particular set of circumstances,"The word ""product"" appears in a sentence whose detected domain is ""Software/IT"".
  Candidate sense 1: [Software/IT] a quantity obtained by multiplication (context similarity=0.24)
  Candidate sense 2: [Software/IT] a consequence of someone's efforts or of a particular set of circumstances (context similarity=0.21)
Classified as INTRA-DOMAIN ambiguity: the top two candidate senses both belong to the ""Software/IT"" domain but represent distinct concepts."
product,product,The product shall comply with City of Chicago Application Development Guide Framework.,Software/IT,0.756,0.948,0.4,0.5,True,Intra-Domain,Software/IT,a quantity obtained by multiplication,Software/IT,a consequence of someone's efforts or of a particular set of circumstances,"The word ""product"" appears in a sentence whose detected domain is ""Software/IT"".
  Candidate sense 1: [Software/IT] a quantity obtained by multiplication (context similarity=0.17)
  Candidate sense 2: [Software/IT] a consequence of someone's efforts or of a particular set of circumstances (context similarity=0.15)
Classified as INTRA-DOMAIN ambiguity: the top two candidate senses both belong to the ""Software/IT"" domain but represent distinct concepts."
product,product,95% of Adjusters and Collision Estimators shall find the product easy to use.,Software/IT,0.756,0.948,0.4,0.5,True,Intra-Domain,Software/IT,a quantity obtained by multiplication,Software/IT,a consequence of someone's efforts or of a particular set of circumstances,"The word ""product"" appears in a sentence whose detected domain is ""Software/IT"".
  Candidate sense 1: [Software/IT] a quantity obtained by multiplication (context similarity=0.17)
  Candidate sense 2: [Software/IT] a consequence of someone's efforts or of a particular set of circumstances (context similarity=0.16)
Classified as INTRA-DOMAIN ambiguity: the top two candidate senses both belong to the ""Software/IT"" domain but represent distinct concepts."
product,product,The product shall record all the equipment that has been reserved.,Healthcare,0.756,0.948,0.4,0.5,True,Intra-Domain,Software/IT,a quantity obtained by multiplication,Software/IT,a consequence of someone's efforts or of a particular set of circumstances,"The word ""product"" appears in a sentence whose detected domain is ""Healthcare"".
  Candidate sense 1: [Software/IT] a quantity obtained by multiplication (context similarity=0.24)
  Candidate sense 2: [Software/IT] a consequence of someone's efforts or of a particular set of circumstances (context similarity=0.22)
Classified as INTRA-DOMAIN ambiguity: the top two candidate senses both belong to the ""Software/IT"" domain but represent distinct concepts."
product,product,For each shot  the product shall notify the players whether the shot was a hit or miss.,Software/IT,0.756,0.948,0.4,0.5,True,Intra-Domain,Software/IT,a quantity obtained by multiplication,Software/IT,a consequence of someone's efforts or of a particular set of circumstances,"The word ""product"" appears in a sentence whose detected domain is ""Software/IT"".
  Candidate sense 1: [Software/IT] a quantity obtained by multiplication (context similarity=0.16)
  Candidate sense 2: [Software/IT] a consequence of someone's efforts or of a particular set of circumstances (context similarity=0.14)
Classified as INTRA-DOMAIN ambiguity: the top two candidate senses both belong to the ""Software/IT"" domain but represent distinct concepts."
product,product,The product shall be expected to operate for at least 5 years for each customer installation.,Software/IT,0.756,0.948,0.4,0.5,True,Intra-Domain,Software/IT,a quantity obtained by multiplication,Software/IT,a consequence of someone's efforts or of a particular set of circumstances,"The word ""product"" appears in a sentence whose detected domain is ""Software/IT"".
  Candidate sense 1: [Software/IT] a quantity obtained by multiplication (context similarity=0.19)
  Candidate sense 2: [Software/IT] a consequence of someone's efforts or of a particular set of circumstances (context similarity=0.18)
Classified as INTRA-DOMAIN ambiguity: the top two candidate senses both belong to the ""Software/IT"" domain but represent distinct concepts."
class,class,The system will notify affected parties when changes occur affecting classes  including but not limited to class cancellations  class section detail changes  and changes to class offerings for a given quarter.,Software/IT,0.756,0.84,0.6,0.0,True,Intra-Domain,Software/IT,"people having the same social, economic, or educational status",Software/IT,a body of students who graduate together,"The word ""class"" appears in a sentence whose detected domain is ""Software/IT"".
  Candidate sense 1: [Software/IT] people having the same social, economic, or educational status (context similarity=0.32)
  Candidate sense 2: [Software/IT] a body of students who graduate together (context similarity=0.23)
Classified as INTRA-DOMAIN ambiguity: the top two candidate senses both belong to the ""Software/IT"" domain but represent distinct concepts."
class,classes,The system will notify affected parties when changes occur affecting classes  including but not limited to class cancellations  class section detail changes  and changes to class offerings for a given quarter.,Software/IT,0.756,0.84,0.6,0.0,True,Intra-Domain,Software/IT,"people having the same social, economic, or educational status",Software/IT,a body of students who graduate together,"The word ""class"" appears in a sentence whose detected domain is ""Software/IT"".
  Candidate sense 1: [Software/IT] people having the same social, economic, or educational status (context similarity=0.32)
  Candidate sense 2: [Software/IT] a body of students who graduate together (context similarity=0.23)
Classified as INTRA-DOMAIN ambiguity: the top two candidate senses both belong to the ""Software/IT"" domain but represent distinct concepts."
certify,certify,(c) Maintain a training program that includes documented procedures and training requirements to ensure its personnel are competent to certify HIT;,Software/IT,0.755,0.999,0.3,1.0,True,Inter-Domain,Software/IT,declare legally insane,Finance/Business,guarantee payment on; of checks,"The word ""certify"" appears in a sentence whose detected domain is ""Software/IT"".
  Candidate sense 1: [Software/IT] declare legally insane (context similarity=0.11)
  Candidate sense 2: [Finance/Business] guarantee payment on; of checks (context similarity=0.11)
Classified as INTER-DOMAIN ambiguity: the top two candidate senses belong to different application domains (""Software/IT"" vs. ""Finance/Business"")."
maintenance,maintenance,(iii) Entities promoting the adoption of certified EHR technology do not retain more than 5 percent of such payments for costs not related to certified EHR technology (and support services including maintenance and training) that is for  or is necessary for the operation of  such technology.,General,0.755,0.999,0.3,0.5,True,Intra-Domain,Finance/Business,court-ordered support paid by one spouse to another after they are separated,Finance/Business,means of maintenance of a family or group,"The word ""maintenance"" appears in a sentence whose detected domain is ""General"".
  Candidate sense 1: [Finance/Business] court-ordered support paid by one spouse to another after they are separated (context similarity=0.11)
  Candidate sense 2: [Finance/Business] means of maintenance of a family or group (context similarity=0.11)
Classified as INTRA-DOMAIN ambiguity: the top two candidate senses both belong to the ""Finance/Business"" domain but represent distinct concepts."
maintenance,Maintenance,The Support for Health Maintenance: Preventative Care & Wellness capabilities should conform to the IN 1.9 Patient Privacy & Confidentialty requirements.,Legal/Regulatory,0.755,0.999,0.3,0.5,True,Intra-Domain,Finance/Business,court-ordered support paid by one spouse to another after they are separated,Finance/Business,means of maintenance of a family or group,"The word ""maintenance"" appears in a sentence whose detected domain is ""Legal/Regulatory"".
  Candidate sense 1: [Finance/Business] court-ordered support paid by one spouse to another after they are separated (context similarity=0.18)
  Candidate sense 2: [Finance/Business] means of maintenance of a family or group (context similarity=0.18)
Classified as INTRA-DOMAIN ambiguity: the top two candidate senses both belong to the ""Finance/Business"" domain but represent distinct concepts."
maintenance,Maintenance,The Support for Health Maintenance: Preventative Care & Wellness capabilities should conform to the IN 1.4 Patient Access Management requirements.,Healthcare,0.755,0.999,0.3,0.5,True,Intra-Domain,Finance/Business,court-ordered support paid by one spouse to another after they are separated,Finance/Business,means of maintenance of a family or group,"The word ""maintenance"" appears in a sentence whose detected domain is ""Healthcare"".
  Candidate sense 1: [Finance/Business] court-ordered support paid by one spouse to another after they are separated (context similarity=0.19)
  Candidate sense 2: [Finance/Business] means of maintenance of a family or group (context similarity=0.19)
Classified as INTRA-DOMAIN ambiguity: the top two candidate senses both belong to the ""Finance/Business"" domain but represent distinct concepts."
condition,condition,(1) Preventive  diagnostic  therapeutic  rehabilitative  maintenance  or palliative care  and counseling  service  assessment  or procedure with respect to the physical or mental condition  or functional status  of an individual or that affects the structure or function of the body; and,General,0.755,0.839,0.6,0.0,True,Intra-Domain,Healthcare,a state at a particular time,Healthcare,a mode of being or form of existence of a person or thing,"The word ""condition"" appears in a sentence whose detected domain is ""General"".
  Candidate sense 1: [Healthcare] a state at a particular time (context similarity=0.19)
  Candidate sense 2: [Healthcare] a mode of being or form of existence of a person or thing (context similarity=0.14)
Classified as INTRA-DOMAIN ambiguity: the top two candidate senses both belong to the ""Healthcare"" domain but represent distinct concepts."
send,sent,An email informing the user of the password change is sent to the user including the MID but not the password.,Software/IT,0.754,0.836,0.6,0.5,True,Inter-Domain,Software/IT,cause to go somewhere,General,transfer,"The word ""send"" appears in a sentence whose detected domain is ""Software/IT"".
  Candidate sense 1: [Software/IT] cause to go somewhere (context similarity=0.12)
  Candidate sense 2: [General] transfer (context similarity=0.09)
Classified as INTER-DOMAIN ambiguity: the top two candidate senses belong to different application domains (""Software/IT"" vs. ""General"")."
appearance,appearance,(a) A party wishing to procure the appearance and testimony of any person at the hearing may make a motion requesting the ALJ to issue a subpoena if the appearance and testimony are reasonably necessary for the presentation of a party's case.,Software/IT,0.754,0.944,0.4,0.5,True,Inter-Domain,Software/IT,a mental representation,General,formal attendance (in court or at a hearing) of a party in an action,"The word ""appearance"" appears in a sentence whose detected domain is ""Software/IT"".
  Candidate sense 1: [Software/IT] a mental representation (context similarity=0.26)
  Candidate sense 2: [General] formal attendance (in court or at a hearing) of a party in an action (context similarity=0.24)
Classified as INTER-DOMAIN ambiguity: the top two candidate senses belong to different application domains (""Software/IT"" vs. ""General"")."
number,number,The presented patient information shall include each patient's name and home phone number so that reminder calls can be made.,Healthcare,0.754,0.675,0.9,0.5,True,Intra-Domain,General,the number is used in calling a particular telephone,General,an item of merchandise offered for sale,"The word ""number"" appears in a sentence whose detected domain is ""Healthcare"".
  Candidate sense 1: [General] the number is used in calling a particular telephone (context similarity=0.23)
  Candidate sense 2: [General] an item of merchandise offered for sale (context similarity=0.12)
Classified as INTRA-DOMAIN ambiguity: the top two candidate senses both belong to the ""General"" domain but represent distinct concepts."
object,object,The solution should provide audit capabilities indicating the time stamp for an object or data extraction in accordance with user's scope or practice  organizational policy  or jurisdictional law.,Legal/Regulatory,0.754,0.999,0.3,0.0,True,Intra-Domain,General,(computing) a discrete item that provides a description of virtually anything known to a computer,General,the focus of cognitions or feelings,"The word ""object"" appears in a sentence whose detected domain is ""Legal/Regulatory"".
  Candidate sense 1: [General] (computing) a discrete item that provides a description of virtually anything known to a computer (context similarity=0.08)
  Candidate sense 2: [General] the focus of cognitions or feelings (context similarity=0.08)
Classified as INTRA-DOMAIN ambiguity: the top two candidate senses both belong to the ""General"" domain but represent distinct concepts."
portion,portion,(1) 26 U.S.C. 6011(b)  which is the portion of the Internal Revenue Code dealing with identifying the taxpayer in tax returns and statements  or corresponding provisions of prior law.,Finance/Business,0.754,0.891,0.5,0.5,True,Intra-Domain,Software/IT,an individual quantity of food or drink taken as part of a meal,Software/IT,something determined in relation to something that includes it,"The word ""portion"" appears in a sentence whose detected domain is ""Finance/Business"".
  Candidate sense 1: [Software/IT] an individual quantity of food or drink taken as part of a meal (context similarity=0.09)
  Candidate sense 2: [Software/IT] something determined in relation to something that includes it (context similarity=0.07)
Classified as INTRA-DOMAIN ambiguity: the top two candidate senses both belong to the ""Software/IT"" domain but represent distinct concepts."
appearance,appearance,(a) A party wishing to procure the appearance and testimony of any person at the hearing may make a motion requesting the ALJ to issue a subpoena if the appearance and testimony are reasonably necessary for the presentation of a party's case.,Software/IT,0.754,0.944,0.4,0.5,True,Inter-Domain,Software/IT,a mental representation,General,formal attendance (in court or at a hearing) of a party in an action,"The word ""appearance"" appears in a sentence whose detected domain is ""Software/IT"".
  Candidate sense 1: [Software/IT] a mental representation (context similarity=0.26)
  Candidate sense 2: [General] formal attendance (in court or at a hearing) of a party in an action (context similarity=0.24)
Classified as INTER-DOMAIN ambiguity: the top two candidate senses belong to different application domains (""Software/IT"" vs. ""General"")."
type,type,(ii) Establish the type of access to electronic health information a user is permitted based on the unique identifier(s) provided in paragraph (d)(1)(i) of this section  and the actions the user is permitted to perform with the EHR technology.,Software/IT,0.753,0.943,0.4,0.0,True,Intra-Domain,Software/IT,printed characters,Software/IT,a subdivision of a particular kind of thing,"The word ""type"" appears in a sentence whose detected domain is ""Software/IT"".
  Candidate sense 1: [Software/IT] printed characters (context similarity=0.10)
  Candidate sense 2: [Software/IT] a subdivision of a particular kind of thing (context similarity=0.09)
Classified as INTRA-DOMAIN ambiguity: the top two candidate senses both belong to the ""Software/IT"" domain but represent distinct concepts."
type,type,(iii) The number  type  and practice location(s) of providers who qualified for an incentive payment on the basis of demonstrating that they are meaningful users of certified EHR technology;,Finance/Business,0.753,0.943,0.4,0.0,True,Intra-Domain,Software/IT,printed characters,Software/IT,a subdivision of a particular kind of thing,"The word ""type"" appears in a sentence whose detected domain is ""Finance/Business"".
  Candidate sense 1: [Software/IT] printed characters (context similarity=0.12)
  Candidate sense 2: [Software/IT] a subdivision of a particular kind of thing (context similarity=0.11)
Classified as INTRA-DOMAIN ambiguity: the top two candidate senses both belong to the ""Software/IT"" domain but represent distinct concepts."
population,population,The solution should provide the ability to identify individual care providers or care managers within a cared for population.,Healthcare,0.752,0.995,0.3,0.0,True,Intra-Domain,Software/IT,(statistics) the entire aggregation of items from which samples can be drawn,Software/IT,the people who inhabit a territory or state,"The word ""population"" appears in a sentence whose detected domain is ""Healthcare"".
  Candidate sense 1: [Software/IT] (statistics) the entire aggregation of items from which samples can be drawn (context similarity=0.15)
  Candidate sense 2: [Software/IT] the people who inhabit a territory or state (context similarity=0.15)
Classified as INTRA-DOMAIN ambiguity: the top two candidate senses both belong to the ""Software/IT"" domain but represent distinct concepts."
deny,denied,The solution should provide the ability to manually modify and update task status (e.g. created  performed  held  canceled  pended  denied  and resolved).,General,0.752,0.888,0.5,0.0,True,Intra-Domain,Software/IT,declare untrue; contradict,Software/IT,"refuse to grant, as of a petition or request","The word ""deny"" appears in a sentence whose detected domain is ""General"".
  Candidate sense 1: [Software/IT] declare untrue; contradict (context similarity=0.14)
  Candidate sense 2: [Software/IT] refuse to grant, as of a petition or request (context similarity=0.11)
Classified as INTRA-DOMAIN ambiguity: the top two candidate senses both belong to the ""Software/IT"" domain but represent distinct concepts."
visit,visit,the office visit date should link to the patient's view of the office visit (UC9).,Healthcare,0.752,0.996,0.3,0.0,True,Intra-Domain,Healthcare,the act of going to see some person in a professional capacity,Healthcare,the act of going to see some person or place or thing for a short time,"The word ""visit"" appears in a sentence whose detected domain is ""Healthcare"".
  Candidate sense 1: [Healthcare] the act of going to see some person in a professional capacity (context similarity=0.34)
  Candidate sense 2: [Healthcare] the act of going to see some person or place or thing for a short time (context similarity=0.34)
Classified as INTRA-DOMAIN ambiguity: the top two candidate senses both belong to the ""Healthcare"" domain but represent distinct concepts."
visit,visit,An HCP can create a lab procedure for a given office visit.,Healthcare,0.752,0.996,0.3,0.0,True,Intra-Domain,Healthcare,the act of going to see some person in a professional capacity,Healthcare,the act of going to see some person or place or thing for a short time,"The word ""visit"" appears in a sentence whose detected domain is ""Healthcare"".
  Candidate sense 1: [Healthcare] the act of going to see some person in a professional capacity (context similarity=0.21)
  Candidate sense 2: [Healthcare] the act of going to see some person or place or thing for a short time (context similarity=0.21)
Classified as INTRA-DOMAIN ambiguity: the top two candidate senses both belong to the ""Healthcare"" domain but represent distinct concepts."
visit,visit,the office visit date should link to the patient's view of the office visit (UC9).,Healthcare,0.752,0.996,0.3,0.0,True,Intra-Domain,Healthcare,the act of going to see some person in a professional capacity,Healthcare,the act of going to see some person or place or thing for a short time,"The word ""visit"" appears in a sentence whose detected domain is ""Healthcare"".
  Candidate sense 1: [Healthcare] the act of going to see some person in a professional capacity (context similarity=0.34)
  Candidate sense 2: [Healthcare] the act of going to see some person or place or thing for a short time (context similarity=0.34)
Classified as INTRA-DOMAIN ambiguity: the top two candidate senses both belong to the ""Healthcare"" domain but represent distinct concepts."
deny,denied,If the respondent has no knowledge of a particular finding of fact and so states  the finding shall be deemed denied.,Software/IT,0.752,0.888,0.5,0.0,True,Intra-Domain,Software/IT,declare untrue; contradict,Software/IT,"refuse to grant, as of a petition or request","The word ""deny"" appears in a sentence whose detected domain is ""Software/IT"".
  Candidate sense 1: [Software/IT] declare untrue; contradict (context similarity=0.16)
  Candidate sense 2: [Software/IT] refuse to grant, as of a petition or request (context similarity=0.13)
Classified as INTRA-DOMAIN ambiguity: the top two candidate senses both belong to the ""Software/IT"" domain but represent distinct concepts."
page,page,System shall automatically update the main page of the website every Friday  and show the 4 latest movies that have been added to the website.,Software/IT,0.751,0.941,0.4,0.0,True,Intra-Domain,Software/IT,United States diplomat and writer about the Old South (1853-1922),Software/IT,English industrialist who pioneered in the design and manufacture of aircraft (1885-1962),"The word ""page"" appears in a sentence whose detected domain is ""Software/IT"".
  Candidate sense 1: [Software/IT] United States diplomat and writer about the Old South (1853-1922) (context similarity=0.13)
  Candidate sense 2: [Software/IT] English industrialist who pioneered in the design and manufacture of aircraft (1885-1962) (context similarity=0.11)
Classified as INTRA-DOMAIN ambiguity: the top two candidate senses both belong to the ""Software/IT"" domain but represent distinct concepts."
page,page,Click on the desired patient to bring up the Patient Summary page.,Healthcare,0.751,0.941,0.4,0.0,True,Intra-Domain,Software/IT,United States diplomat and writer about the Old South (1853-1922),Software/IT,English industrialist who pioneered in the design and manufacture of aircraft (1885-1962),"The word ""page"" appears in a sentence whose detected domain is ""Healthcare"".
  Candidate sense 1: [Software/IT] United States diplomat and writer about the Old South (1853-1922) (context similarity=0.18)
  Candidate sense 2: [Software/IT] English industrialist who pioneered in the design and manufacture of aircraft (1885-1962) (context similarity=0.16)
Classified as INTRA-DOMAIN ambiguity: the top two candidate senses both belong to the ""Software/IT"" domain but represent distinct concepts."
page,page,Enter the appropriate information and click 'Save Form' to return to the Encounter summary page.,Healthcare,0.751,0.941,0.4,0.0,True,Intra-Domain,Software/IT,United States diplomat and writer about the Old South (1853-1922),Software/IT,English industrialist who pioneered in the design and manufacture of aircraft (1885-1962),"The word ""page"" appears in a sentence whose detected domain is ""Healthcare"".
  Candidate sense 1: [Software/IT] United States diplomat and writer about the Old South (1853-1922) (context similarity=0.17)
  Candidate sense 2: [Software/IT] English industrialist who pioneered in the design and manufacture of aircraft (1885-1962) (context similarity=0.15)
Classified as INTRA-DOMAIN ambiguity: the top two candidate senses both belong to the ""Software/IT"" domain but represent distinct concepts."
page,page,This will bring you back to the summary page for this Encounter.,Healthcare,0.751,0.941,0.4,0.0,True,Intra-Domain,Software/IT,United States diplomat and writer about the Old South (1853-1922),Software/IT,English industrialist who pioneered in the design and manufacture of aircraft (1885-1962),"The word ""page"" appears in a sentence whose detected domain is ""Healthcare"".
  Candidate sense 1: [Software/IT] United States diplomat and writer about the Old South (1853-1922) (context similarity=0.26)
  Candidate sense 2: [Software/IT] English industrialist who pioneered in the design and manufacture of aircraft (1885-1962) (context similarity=0.23)
Classified as INTRA-DOMAIN ambiguity: the top two candidate senses both belong to the ""Software/IT"" domain but represent distinct concepts."
page,page,The next page is 'OpenEMR Setup'.,Software/IT,0.751,0.941,0.4,0.0,True,Intra-Domain,Software/IT,United States diplomat and writer about the Old South (1853-1922),Software/IT,English industrialist who pioneered in the design and manufacture of aircraft (1885-1962),"The word ""page"" appears in a sentence whose detected domain is ""Software/IT"".
  Candidate sense 1: [Software/IT] United States diplomat and writer about the Old South (1853-1922) (context similarity=0.26)
  Candidate sense 2: [Software/IT] English industrialist who pioneered in the design and manufacture of aircraft (1885-1962) (context similarity=0.23)
Classified as INTRA-DOMAIN ambiguity: the top two candidate senses both belong to the ""Software/IT"" domain but represent distinct concepts."
adopt,adopted,Use the applicable medical data code sets described in Â§162.1002 as specified in the implementation specification adopted under this part that are valid at the time the health care is furnished.,Healthcare,0.751,0.885,0.5,0.5,True,Inter-Domain,Software/IT,take into one's family,General,"take up the cause, ideology, practice, method, of someone and use it as one's own","The word ""adopt"" appears in a sentence whose detected domain is ""Healthcare"".
  Candidate sense 1: [Software/IT] take into one's family (context similarity=0.11)
  Candidate sense 2: [General] take up the cause, ideology, practice, method, of someone and use it as one's own (context similarity=0.09)
Classified as INTER-DOMAIN ambiguity: the top two candidate senses belong to different application domains (""Software/IT"" vs. ""General"")."
care,care,The health plan premium payment transaction is the transmission of any of the following from the entity that is arranging for the provision of health care or is providing health care coverage payments for an individual to a health plan:,Healthcare,0.751,0.94,0.4,0.0,True,Intra-Domain,Healthcare,the work of providing treatment for or attending to someone or something,Healthcare,a cause for feeling concern,"The word ""care"" appears in a sentence whose detected domain is ""Healthcare"".
  Candidate sense 1: [Healthcare] the work of providing treatment for or attending to someone or something (context similarity=0.14)
  Candidate sense 2: [Healthcare] a cause for feeling concern (context similarity=0.13)
Classified as INTRA-DOMAIN ambiguity: the top two candidate senses both belong to the ""Healthcare"" domain but represent distinct concepts."
page,page,"At the bottom of the page  it should read ""Next step will configure Apache web server.""",General,0.751,0.941,0.4,0.0,True,Intra-Domain,Software/IT,United States diplomat and writer about the Old South (1853-1922),Software/IT,English industrialist who pioneered in the design and manufacture of aircraft (1885-1962),"The word ""page"" appears in a sentence whose detected domain is ""General"".
  Candidate sense 1: [Software/IT] United States diplomat and writer about the Old South (1853-1922) (context similarity=0.18)
  Candidate sense 2: [Software/IT] English industrialist who pioneered in the design and manufacture of aircraft (1885-1962) (context similarity=0.16)
Classified as INTRA-DOMAIN ambiguity: the top two candidate senses both belong to the ""Software/IT"" domain but represent distinct concepts."
care,care,The health plan premium payment transaction is the transmission of any of the following from the entity that is arranging for the provision of health care or is providing health care coverage payments for an individual to a health plan:,Healthcare,0.751,0.94,0.4,0.0,True,Intra-Domain,Healthcare,the work of providing treatment for or attending to someone or something,Healthcare,a cause for feeling concern,"The word ""care"" appears in a sentence whose detected domain is ""Healthcare"".
  Candidate sense 1: [Healthcare] the work of providing treatment for or attending to someone or something (context similarity=0.14)
  Candidate sense 2: [Healthcare] a cause for feeling concern (context similarity=0.13)
Classified as INTRA-DOMAIN ambiguity: the top two candidate senses both belong to the ""Healthcare"" domain but represent distinct concepts."
page,page,Return to the Summary page via the navigation menu on the left.,Software/IT,0.751,0.941,0.4,0.0,True,Intra-Domain,Software/IT,United States diplomat and writer about the Old South (1853-1922),Software/IT,English industrialist who pioneered in the design and manufacture of aircraft (1885-1962),"The word ""page"" appears in a sentence whose detected domain is ""Software/IT"".
  Candidate sense 1: [Software/IT] United States diplomat and writer about the Old South (1853-1922) (context similarity=0.20)
  Candidate sense 2: [Software/IT] English industrialist who pioneered in the design and manufacture of aircraft (1885-1962) (context similarity=0.18)
Classified as INTRA-DOMAIN ambiguity: the top two candidate senses both belong to the ""Software/IT"" domain but represent distinct concepts."
relate,related,(D) The covered health care provider provides written notice to the individual that protected health information relating to the medical surveillance of the workplace and work-related illnesses and injuries is disclosed to the employer:,Healthcare,0.75,0.992,0.3,1.0,True,Inter-Domain,Finance/Business,give an account of,Software/IT,be in a relationship with,"The word ""relate"" appears in a sentence whose detected domain is ""Healthcare"".
  Candidate sense 1: [Finance/Business] give an account of (context similarity=0.06)
  Candidate sense 2: [Software/IT] be in a relationship with (context similarity=0.06)
Classified as INTER-DOMAIN ambiguity: the top two candidate senses belong to different application domains (""Finance/Business"" vs. ""Software/IT"")."
relate,relating,(D) The covered health care provider provides written notice to the individual that protected health information relating to the medical surveillance of the workplace and work-related illnesses and injuries is disclosed to the employer:,Healthcare,0.75,0.992,0.3,1.0,True,Inter-Domain,Finance/Business,give an account of,Software/IT,be in a relationship with,"The word ""relate"" appears in a sentence whose detected domain is ""Healthcare"".
  Candidate sense 1: [Finance/Business] give an account of (context similarity=0.06)
  Candidate sense 2: [Software/IT] be in a relationship with (context similarity=0.06)
Classified as INTER-DOMAIN ambiguity: the top two candidate senses belong to different application domains (""Finance/Business"" vs. ""Software/IT"")."
transition,Transitions,(1) Transitions of careâreceive  display  and incorporate transition of care or referral summaries.,Software/IT,0.75,0.993,0.3,0.5,True,Inter-Domain,Software/IT,the act of passing from one state or place to the next,General,an event that results in a transformation,"The word ""transition"" appears in a sentence whose detected domain is ""Software/IT"".
  Candidate sense 1: [Software/IT] the act of passing from one state or place to the next (context similarity=0.14)
  Candidate sense 2: [General] an event that results in a transformation (context similarity=0.14)
Classified as INTER-DOMAIN ambiguity: the top two candidate senses belong to different application domains (""Software/IT"" vs. ""General"")."
transition,transition,(1) Transitions of careâreceive  display  and incorporate transition of care or referral summaries.,Software/IT,0.75,0.993,0.3,0.5,True,Inter-Domain,Software/IT,the act of passing from one state or place to the next,General,an event that results in a transformation,"The word ""transition"" appears in a sentence whose detected domain is ""Software/IT"".
  Candidate sense 1: [Software/IT] the act of passing from one state or place to the next (context similarity=0.14)
  Candidate sense 2: [General] an event that results in a transformation (context similarity=0.14)
Classified as INTER-DOMAIN ambiguity: the top two candidate senses belong to different application domains (""Software/IT"" vs. ""General"")."
solution,solution,The solution should support the recording of an intervention by the pharmacist  what drugs were involved  steps of action taken by the pharmacist  and possible effects.,General,0.75,0.992,0.3,0.5,True,Intra-Domain,General,a method for solving a problem,General,the successful action of solving a problem,"The word ""solution"" appears in a sentence whose detected domain is ""General"".
  Candidate sense 1: [General] a method for solving a problem (context similarity=0.12)
  Candidate sense 2: [General] the successful action of solving a problem (context similarity=0.12)
Classified as INTRA-DOMAIN ambiguity: the top two candidate senses both belong to the ""General"" domain but represent distinct concepts."
relate,related,Data content means all the data elements and code sets inherent to a transaction  and not related to the format of the transaction.,Finance/Business,0.75,0.992,0.3,1.0,True,Inter-Domain,Finance/Business,give an account of,Software/IT,be in a relationship with,"The word ""relate"" appears in a sentence whose detected domain is ""Finance/Business"".
  Candidate sense 1: [Finance/Business] give an account of (context similarity=0.08)
  Candidate sense 2: [Software/IT] be in a relationship with (context similarity=0.07)
Classified as INTER-DOMAIN ambiguity: the top two candidate senses belong to different application domains (""Finance/Business"" vs. ""Software/IT"")."
birth,birth,The system shall provide the ability to access demographic information such as name  date of birth and gender needed for patient care functions.,Healthcare,0.749,0.991,0.3,0.5,True,Inter-Domain,General,the process of giving birth,Software/IT,the time when something begins (especially life),"The word ""birth"" appears in a sentence whose detected domain is ""Healthcare"".
  Candidate sense 1: [General] the process of giving birth (context similarity=0.19)
  Candidate sense 2: [Software/IT] the time when something begins (especially life) (context similarity=0.19)
Classified as INTER-DOMAIN ambiguity: the top two candidate senses belong to different application domains (""General"" vs. ""Software/IT"")."
state,State,(xvi) A high risk pool that is a mechanism established under State law to provide health insurance coverage or comparable coverage to eligible individuals.,Finance/Business,0.748,0.827,0.6,0.5,True,Inter-Domain,General,the way something is with respect to its main attributes,Software/IT,a state of depression or agitation,"The word ""state"" appears in a sentence whose detected domain is ""Finance/Business"".
  Candidate sense 1: [General] the way something is with respect to its main attributes (context similarity=0.13)
  Candidate sense 2: [Software/IT] a state of depression or agitation (context similarity=0.09)
Classified as INTER-DOMAIN ambiguity: the top two candidate senses belong to different application domains (""General"" vs. ""Software/IT"")."
state,State,(b) The provision of State law relates to the privacy of individually identifiable health information and is more stringent than a standard  requirement  or implementation specification adopted under subpart E of part 164 of this subchapter.,Legal/Regulatory,0.748,0.827,0.6,0.5,True,Inter-Domain,General,the way something is with respect to its main attributes,Software/IT,a state of depression or agitation,"The word ""state"" appears in a sentence whose detected domain is ""Legal/Regulatory"".
  Candidate sense 1: [General] the way something is with respect to its main attributes (context similarity=0.13)
  Candidate sense 2: [Software/IT] a state of depression or agitation (context similarity=0.09)
Classified as INTER-DOMAIN ambiguity: the top two candidate senses belong to different application domains (""General"" vs. ""Software/IT"")."
